-- MariaDB dump 10.19  Distrib 10.11.6-MariaDB, for debian-linux-gnu (x86_64)
--
-- Host: localhost    Database: mercator
-- ------------------------------------------------------
-- Server version	10.11.6-MariaDB-0+deb12u1

/*!40101 SET @OLD_CHARACTER_SET_CLIENT=@@CHARACTER_SET_CLIENT */;
/*!40101 SET @OLD_CHARACTER_SET_RESULTS=@@CHARACTER_SET_RESULTS */;
/*!40101 SET @OLD_COLLATION_CONNECTION=@@COLLATION_CONNECTION */;
/*!40101 SET NAMES utf8mb4 */;
/*!40103 SET @OLD_TIME_ZONE=@@TIME_ZONE */;
/*!40103 SET TIME_ZONE='+00:00' */;
/*!40014 SET @OLD_FOREIGN_KEY_CHECKS=@@FOREIGN_KEY_CHECKS, FOREIGN_KEY_CHECKS=0 */;
/*!40101 SET @OLD_SQL_MODE=@@SQL_MODE, SQL_MODE='NO_AUTO_VALUE_ON_ZERO' */;
/*!40111 SET @OLD_SQL_NOTES=@@SQL_NOTES, SQL_NOTES=0 */;

--
-- Dumping data for table `activities`
--

LOCK TABLES `activities` WRITE;
/*!40000 ALTER TABLE `activities` DISABLE KEYS */;
INSERT INTO `activities` (`id`, `name`, `description`, `created_at`, `updated_at`, `deleted_at`) VALUES (1,'Activité 1','<p>Description de l\'activité</p>','2023-05-01 12:13:01','2023-05-01 12:13:01',NULL);
/*!40000 ALTER TABLE `activities` ENABLE KEYS */;
UNLOCK TABLES;

--
-- Dumping data for table `activity_document`
--

LOCK TABLES `activity_document` WRITE;
/*!40000 ALTER TABLE `activity_document` DISABLE KEYS */;
/*!40000 ALTER TABLE `activity_document` ENABLE KEYS */;
UNLOCK TABLES;

--
-- Dumping data for table `activity_operation`
--

LOCK TABLES `activity_operation` WRITE;
/*!40000 ALTER TABLE `activity_operation` DISABLE KEYS */;
INSERT INTO `activity_operation` (`activity_id`, `operation_id`) VALUES (2,3),
(1,1),
(4,3),
(3,1),
(5,1),
(10,1),
(1,6),
(1,4);
/*!40000 ALTER TABLE `activity_operation` ENABLE KEYS */;
UNLOCK TABLES;

--
-- Dumping data for table `activity_process`
--

LOCK TABLES `activity_process` WRITE;
/*!40000 ALTER TABLE `activity_process` DISABLE KEYS */;
INSERT INTO `activity_process` (`process_id`, `activity_id`) VALUES (1,1),
(1,2),
(2,3),
(2,4),
(3,2),
(3,5),
(5,4),
(6,4),
(7,3),
(8,4),
(9,3),
(1,10),
(1,13),
(2,13),
(1,14),
(2,14),
(1,15),
(2,15),
(1,16),
(2,16),
(1,17),
(2,17);
/*!40000 ALTER TABLE `activity_process` ENABLE KEYS */;
UNLOCK TABLES;

--
-- Dumping data for table `actor_operation`
--

LOCK TABLES `actor_operation` WRITE;
/*!40000 ALTER TABLE `actor_operation` DISABLE KEYS */;
INSERT INTO `actor_operation` (`operation_id`, `actor_id`) VALUES (2,1),
(1,1),
(1,4),
(2,5),
(3,6),
(5,4),
(6,5),
(4,5);
/*!40000 ALTER TABLE `actor_operation` ENABLE KEYS */;
UNLOCK TABLES;

--
-- Dumping data for table `actors`
--

LOCK TABLES `actors` WRITE;
/*!40000 ALTER TABLE `actors` DISABLE KEYS */;
INSERT INTO `actors` (`id`, `name`, `nature`, `type`, `contact`, `created_at`, `updated_at`, `deleted_at`) VALUES (1,'Jean','Personne','interne','jean@testdomain.org','2020-06-14 11:02:22','2021-05-16 17:37:49',NULL),
(2,'Service 1','Groupe','interne',NULL,'2020-06-14 11:02:39','2020-06-17 14:43:42','2020-06-17 14:43:42'),
(3,'Service 2','Groupe','Interne',NULL,'2020-06-14 11:02:54','2020-06-17 14:43:46','2020-06-17 14:43:46'),
(4,'Pierre','Personne','interne','email : pierre@testdomain.com','2020-06-17 14:44:01','2021-05-16 17:38:19',NULL),
(5,'Jacques','personne','interne','Téléphone 1234543423','2020-06-17 14:44:23','2020-06-17 14:44:23',NULL),
(6,'Fournisseur 1','entité','externe','Tel : 1232 32312','2020-06-17 14:44:50','2020-06-17 14:44:50',NULL);
/*!40000 ALTER TABLE `actors` ENABLE KEYS */;
UNLOCK TABLES;

--
-- Dumping data for table `admin_users`
--

LOCK TABLES `admin_users` WRITE;
/*!40000 ALTER TABLE `admin_users` DISABLE KEYS */;
INSERT INTO `admin_users` (`id`, `user_id`, `firstname`, `lastname`, `type`, `icon`, `description`, `local`, `privileged`, `domain_id`, `created_at`, `updated_at`, `deleted_at`) VALUES (1,'LG34','Laurent','Gérard','Domain Admin',NULL,'Admin domain AD',0,0,1,'2024-09-07 09:10:22','2024-09-07 09:10:22',NULL),
(2,'VD23','Vincent','Dupont','Net Admin',NULL,'Firewall and network administrator',0,0,3,'2024-09-07 09:11:23','2024-09-07 09:11:23',NULL);
/*!40000 ALTER TABLE `admin_users` ENABLE KEYS */;
UNLOCK TABLES;

--
-- Dumping data for table `annuaires`
--

LOCK TABLES `annuaires` WRITE;
/*!40000 ALTER TABLE `annuaires` DISABLE KEYS */;
INSERT INTO `annuaires` (`id`, `name`, `description`, `solution`, `created_at`, `updated_at`, `deleted_at`, `zone_admin_id`) VALUES (1,'AD01','<p>Annuaire principal&nbsp;</p>','Acive Directory','2020-07-03 07:49:37','2022-03-22 19:33:39',NULL,1),
(2,'Mercator','<p>Cartographie du système d\'information</p>','Logiciel développé maison','2020-07-03 10:24:48','2020-07-13 15:12:59',NULL,1);
/*!40000 ALTER TABLE `annuaires` ENABLE KEYS */;
UNLOCK TABLES;

--
-- Dumping data for table `application_blocks`
--

LOCK TABLES `application_blocks` WRITE;
/*!40000 ALTER TABLE `application_blocks` DISABLE KEYS */;
INSERT INTO `application_blocks` (`id`, `name`, `description`, `responsible`, `created_at`, `updated_at`, `deleted_at`) VALUES (1,'Bloc applicatif 1','<p>Description du bloc applicatif</p>','Jean Pierre','2020-06-13 04:09:01','2020-06-13 04:09:01',NULL),
(2,'Bloc applicatif 2','<p>Second bloc applicatif.</p>','Marcel pierre','2020-06-13 04:10:52','2020-06-17 16:13:33',NULL),
(3,'Bloc applicatif 3','<p>Description du block applicatif 3</p>','Nestor','2020-08-29 12:00:10','2022-03-20 17:53:29',NULL);
/*!40000 ALTER TABLE `application_blocks` ENABLE KEYS */;
UNLOCK TABLES;

--
-- Dumping data for table `application_module_application_service`
--

LOCK TABLES `application_module_application_service` WRITE;
/*!40000 ALTER TABLE `application_module_application_service` DISABLE KEYS */;
INSERT INTO `application_module_application_service` (`application_service_id`, `application_module_id`) VALUES (4,1),
(4,2),
(3,3),
(2,4),
(1,5),
(1,6),
(5,2),
(5,3),
(6,2),
(6,3),
(7,2),
(7,3),
(8,2),
(8,3),
(9,2),
(9,3),
(10,2),
(10,3),
(11,2),
(11,3);
/*!40000 ALTER TABLE `application_module_application_service` ENABLE KEYS */;
UNLOCK TABLES;

--
-- Dumping data for table `application_modules`
--

LOCK TABLES `application_modules` WRITE;
/*!40000 ALTER TABLE `application_modules` DISABLE KEYS */;
INSERT INTO `application_modules` (`id`, `name`, `description`, `created_at`, `updated_at`, `deleted_at`) VALUES (1,'Module 1','<p>Description du module 1</p>','2020-06-13 09:55:34','2020-06-13 09:55:34',NULL),
(2,'Module 2','<p>Description du module 2</p>','2020-06-13 09:55:45','2020-06-13 09:55:45',NULL),
(3,'Module 3','<p>Description du module 3</p>','2020-06-13 09:56:00','2020-06-13 09:56:00',NULL),
(4,'Module 4','<p>Description du module 4</p>','2020-06-13 09:56:10','2020-06-13 09:56:10',NULL),
(5,'Module 5','<p>Description du module 5</p>','2020-06-13 09:56:20','2020-06-13 09:56:20',NULL),
(6,'Module 6','<p>Description du module 6</p>','2020-06-13 09:56:32','2020-06-13 09:56:32',NULL);
/*!40000 ALTER TABLE `application_modules` ENABLE KEYS */;
UNLOCK TABLES;

--
-- Dumping data for table `application_service_m_application`
--

LOCK TABLES `application_service_m_application` WRITE;
/*!40000 ALTER TABLE `application_service_m_application` DISABLE KEYS */;
INSERT INTO `application_service_m_application` (`m_application_id`, `application_service_id`) VALUES (2,3),
(2,4),
(1,3),
(15,2),
(15,3),
(1,1),
(4,11),
(4,5),
(4,7),
(1,10),
(16,10),
(16,11),
(16,5),
(16,6),
(16,7),
(16,9),
(16,1),
(16,2),
(16,3),
(16,4),
(16,8),
(35,11),
(18,11),
(18,5);
/*!40000 ALTER TABLE `application_service_m_application` ENABLE KEYS */;
UNLOCK TABLES;

--
-- Dumping data for table `application_services`
--

LOCK TABLES `application_services` WRITE;
/*!40000 ALTER TABLE `application_services` DISABLE KEYS */;
INSERT INTO `application_services` (`id`, `description`, `exposition`, `name`, `created_at`, `updated_at`, `deleted_at`) VALUES (1,'<p>Descrition du service applicatif 1</p>','cloud','SERV-1','2020-06-13 09:35:31','2023-11-30 09:17:57',NULL),
(2,'<p>Description du service 2</p>','local','Service 2','2020-06-13 09:35:48','2020-06-13 09:35:48',NULL),
(3,'<p>Description du service 3</p>','local','Service 3','2020-06-13 09:36:04','2020-06-13 09:43:05',NULL),
(4,'<p>Description du service 4</p>','local','Service 4','2020-06-13 09:36:17','2020-06-13 09:36:17',NULL),
(5,'<p>Service applicatif 4</p>','Extranet','SRV-4','2021-08-02 14:11:43','2021-08-17 08:24:10',NULL),
(6,'<p>Service applicatif 4</p>',NULL,'SRV-5','2021-08-02 14:12:19','2021-08-02 14:12:19',NULL),
(7,'<p>Service applicatif 4</p>',NULL,'SRV-6','2021-08-02 14:12:56','2021-08-02 14:12:56',NULL),
(8,'<p>The service 99</p>','local','SRV-99','2021-08-02 14:13:39','2021-09-07 16:53:36',NULL),
(9,'<p>Service applicatif 4</p>',NULL,'SRV-9','2021-08-02 14:14:27','2021-08-02 14:14:27',NULL),
(10,'<p>Service applicatif 4</p>','Extranet','SRV-10','2021-08-02 14:15:21','2021-08-17 08:24:20',NULL),
(11,'<p>Service applicatif 4</p>','Extranet','SRV-11','2021-08-02 14:16:34','2021-08-17 08:24:28',NULL),
(12,'<p>External service</p>','Internet','SERV-ext','2024-08-07 08:23:16','2024-08-07 08:23:16',NULL);
/*!40000 ALTER TABLE `application_services` ENABLE KEYS */;
UNLOCK TABLES;

--
-- Dumping data for table `bay_wifi_terminal`
--

LOCK TABLES `bay_wifi_terminal` WRITE;
/*!40000 ALTER TABLE `bay_wifi_terminal` DISABLE KEYS */;
/*!40000 ALTER TABLE `bay_wifi_terminal` ENABLE KEYS */;
UNLOCK TABLES;

--
-- Dumping data for table `bays`
--

LOCK TABLES `bays` WRITE;
/*!40000 ALTER TABLE `bays` DISABLE KEYS */;
INSERT INTO `bays` (`id`, `name`, `description`, `created_at`, `updated_at`, `deleted_at`, `room_id`) VALUES (1,'BAIE 101','<p>Description de la baie 101</p>','2020-06-21 04:56:01','2021-10-19 16:45:21',NULL,7),
(2,'BAIE 102','<p>Desciption baie 102</p>','2020-06-21 04:56:20','2020-06-21 04:56:20',NULL,1),
(3,'BAIE 103','<p>Descripton baid 103</p>','2020-06-21 04:56:38','2020-06-21 04:56:38',NULL,1),
(4,'BAIE 201','<p>Description baie 201</p>','2020-06-21 04:56:55','2020-06-21 04:56:55',NULL,2),
(5,'BAIE 301','<p>Baie 301</p>','2020-07-15 18:03:07','2020-07-15 18:03:07',NULL,3),
(6,'BAIE 501','<p>Baie 501</p>','2020-07-15 18:10:23','2020-07-15 18:10:23',NULL,5);
/*!40000 ALTER TABLE `bays` ENABLE KEYS */;
UNLOCK TABLES;

--
-- Dumping data for table `buildings`
--

LOCK TABLES `buildings` WRITE;
/*!40000 ALTER TABLE `buildings` DISABLE KEYS */;
INSERT INTO `buildings` (`id`, `name`, `description`, `created_at`, `updated_at`, `deleted_at`, `site_id`, `camera`, `badge`) VALUES (1,'ROOM 100','<p>Description de la salle 100</p>','2020-06-21 04:37:21','2023-01-12 17:07:38',NULL,1,0,0),
(2,'ROOM 200','<p>Description de la salle 200</p>','2020-06-21 04:37:36','2023-01-12 17:08:17',NULL,1,0,0),
(3,'ROOM 300','<p>Description du building 3</p>','2020-06-21 04:37:48','2023-01-12 16:36:36',NULL,2,0,0),
(4,'ROOM 400','<p>Description de la salle 400</p>','2020-06-21 04:38:03','2024-09-15 14:07:29',NULL,2,1,0),
(5,'ROOM 500','<p>Description de la salle 500</p>','2020-06-21 04:38:16','2023-01-12 16:37:27',NULL,3,0,0),
(6,'Test building','<p>Description</p>','2020-07-24 19:12:48','2020-07-24 19:14:08','2020-07-24 19:14:08',4,NULL,NULL),
(7,'ROOM 000','<p>Description de la salle triple zéro</p>','2020-08-21 13:10:15','2024-05-23 15:23:14',NULL,1,0,0),
(8,'test','<p>test</p>','2020-11-06 13:44:22','2020-11-06 14:26:18','2020-11-06 14:26:18',NULL,1,0),
(9,'test2','<p>test2</p>','2020-11-06 13:59:45','2020-11-06 14:06:50','2020-11-06 14:06:50',NULL,NULL,NULL),
(10,'test3','<p>fdfsdfsd</p>','2020-11-06 14:07:07','2020-11-06 14:26:18','2020-11-06 14:26:18',NULL,NULL,NULL),
(11,'test4',NULL,'2020-11-06 14:25:52','2020-11-06 14:26:18','2020-11-06 14:26:18',NULL,0,0),
(12,'ROOM 600','<p>Description de la room 600</p>','2024-05-23 14:55:13','2024-05-23 14:55:45',NULL,8,0,0),
(13,'ROOM 700','<p>Description de la room 700</p>','2024-05-23 14:56:06','2024-05-23 15:22:36',NULL,8,0,0);
/*!40000 ALTER TABLE `buildings` ENABLE KEYS */;
UNLOCK TABLES;

--
-- Dumping data for table `cartographer_m_application`
--

LOCK TABLES `cartographer_m_application` WRITE;
/*!40000 ALTER TABLE `cartographer_m_application` DISABLE KEYS */;
/*!40000 ALTER TABLE `cartographer_m_application` ENABLE KEYS */;
UNLOCK TABLES;

--
-- Dumping data for table `certificate_logical_server`
--

LOCK TABLES `certificate_logical_server` WRITE;
/*!40000 ALTER TABLE `certificate_logical_server` DISABLE KEYS */;
INSERT INTO `certificate_logical_server` (`certificate_id`, `logical_server_id`) VALUES (1,1),
(2,1),
(7,7),
(6,7),
(4,5),
(3,4);
/*!40000 ALTER TABLE `certificate_logical_server` ENABLE KEYS */;
UNLOCK TABLES;

--
-- Dumping data for table `certificate_m_application`
--

LOCK TABLES `certificate_m_application` WRITE;
/*!40000 ALTER TABLE `certificate_m_application` DISABLE KEYS */;
INSERT INTO `certificate_m_application` (`certificate_id`, `m_application_id`) VALUES (8,4);
/*!40000 ALTER TABLE `certificate_m_application` ENABLE KEYS */;
UNLOCK TABLES;

--
-- Dumping data for table `certificates`
--

LOCK TABLES `certificates` WRITE;
/*!40000 ALTER TABLE `certificates` DISABLE KEYS */;
INSERT INTO `certificates` (`id`, `name`, `type`, `description`, `start_validity`, `end_validity`, `last_notification`, `created_at`, `updated_at`, `deleted_at`, `status`) VALUES (1,'CERT01','DES3','<p>Certificat 01</p>','2020-10-27','2022-01-01','2022-09-13 22:48:31','2021-07-14 08:28:47','2022-09-13 20:48:31',NULL,0),
(2,'CERT02','AES 256','<p>Certificat numéro 02</p>','2021-07-14','2021-07-17','2022-09-13 22:48:31','2021-07-14 08:33:33','2022-09-13 20:48:31',NULL,0),
(3,'CERT03','AES 256','<p>Certificat numéro 3</p>','2021-09-23','2021-11-11','2022-09-13 22:48:31','2021-07-14 10:35:41','2022-09-13 20:48:31',NULL,0),
(4,'CERT04','DES3','<p>Certificat interne DES 3</p>',NULL,NULL,NULL,'2021-07-14 10:40:15','2021-07-14 10:40:15',NULL,0),
(5,'CERT05','RSA 128','<p>Clé 05 avec RSA</p>',NULL,NULL,NULL,'2021-07-14 10:45:00','2021-07-14 10:45:00',NULL,0),
(6,'CERT07','DES3','<p>Description of certificate 7</p>',NULL,NULL,NULL,'2021-07-14 12:44:12','2024-05-30 17:29:28',NULL,0),
(7,'CERT08','DES3','<p>Master cert 08</p>','2021-06-15','2022-08-11','2022-09-13 22:48:31','2021-08-11 18:33:42','2022-09-13 20:48:31',NULL,0),
(8,'CERT09','DES3','<p>Test cert nine</p>','2021-09-25','2021-09-26','2022-09-13 22:48:31','2021-09-23 14:17:20','2022-09-13 20:48:31',NULL,0);
/*!40000 ALTER TABLE `certificates` ENABLE KEYS */;
UNLOCK TABLES;

--
-- Dumping data for table `clusters`
--

LOCK TABLES `clusters` WRITE;
/*!40000 ALTER TABLE `clusters` DISABLE KEYS */;
INSERT INTO `clusters` (`id`, `name`, `type`, `description`, `address_ip`, `created_at`, `updated_at`, `deleted_at`) VALUES (1,'CLUSTER01','Alice','<p>The big Alice cluster</p>','127.0.0.1','2023-11-03 09:19:01','2024-04-24 15:44:44',NULL),
(2,'CLUSTER02','Bob','<p>The Bob Cluster</p>',NULL,'2023-11-03 09:19:23','2024-04-24 15:44:44',NULL),
(3,'CLUSTER03','Bob','<p>Description of cluster 03</p>','10.3.2.4','2023-11-03 09:21:46','2024-04-24 15:44:44',NULL),
(5,'CLUSTER04','Max','<p>The Max Cluster</p>','10.10.12.5','2024-04-23 02:53:24','2024-04-24 15:44:44',NULL);
/*!40000 ALTER TABLE `clusters` ENABLE KEYS */;
UNLOCK TABLES;

--
-- Dumping data for table `data_processing`
--

LOCK TABLES `data_processing` WRITE;
/*!40000 ALTER TABLE `data_processing` DISABLE KEYS */;
INSERT INTO `data_processing` (`id`, `name`, `description`, `responsible`, `purpose`, `categories`, `recipients`, `transfert`, `retention`, `controls`, `created_at`, `updated_at`, `deleted_at`) VALUES (1,'Traitement 1','<p>Lorem ipsum dolor sit amet, consectetur adipiscing elit, sed do eiusmod tempor incididunt ut labore et dolore magna aliqua. Ut enim ad minim veniam, quis nostrud exercitation ullamco laboris nisi ut aliquip ex ea commodo consequat. Duis aute irure dolor in reprehenderit in voluptate velit esse cillum dolore eu fugiat nulla pariatur. Excepteur sint occaecat cupidatat non proident, sunt in culpa qui officia deserunt mollit anim id est laborum.</p>','<p>Lorem ipsum dolor sit amet, consectetur adipiscing elit, sed do eiusmod tempor incididunt ut labore et dolore magna aliqua. Ut enim ad minim veniam, quis nostrud exercitation ullamco laboris nisi ut aliquip ex ea commodo consequat. Duis aute irure dolor in reprehenderit in voluptate velit esse cillum dolore eu fugiat nulla pariatur. Excepteur sint occaecat cupidatat non proident, sunt in culpa qui officia deserunt mollit anim id est laborum</p>','<p>Lorem ipsum dolor sit amet, consectetur adipiscing elit, sed do eiusmod tempor incididunt ut labore et dolore magna aliqua. Ut enim ad minim veniam, quis nostrud exercitation ullamco laboris nisi ut aliquip ex ea commodo consequat. Duis aute irure dolor in reprehenderit in voluptate velit esse cillum dolore eu fugiat nulla pariatur. Excepteur sint occaecat cupidatat non proident, sunt in culpa qui officia deserunt mollit anim id est laborum</p>','<p>Lorem ipsum dolor sit amet, consectetur adipiscing elit, sed do eiusmod tempor incididunt ut labore et dolore magna aliqua. Ut enim ad minim veniam, quis nostrud exercitation ullamco laboris nisi ut aliquip ex ea commodo consequat. Duis aute irure dolor in reprehenderit in voluptate velit esse cillum dolore eu fugiat nulla pariatur. Excepteur sint occaecat cupidatat non proident, sunt in culpa qui officia deserunt mollit anim id est laborum</p>','<p>Lorem ipsum dolor sit amet, consectetur adipiscing elit, sed do eiusmod tempor incididunt ut labore et dolore magna aliqua. Ut enim ad minim veniam, quis nostrud exercitation ullamco laboris nisi ut aliquip ex ea commodo consequat. Duis aute irure dolor in reprehenderit in voluptate velit esse cillum dolore eu fugiat nulla pariatur. Excepteur sint occaecat cupidatat non proident, sunt in culpa qui officia deserunt mollit anim id est laborum</p>','<p>Lorem ipsum dolor sit amet, consectetur adipiscing elit, sed do eiusmod tempor incididunt ut labore et dolore magna aliqua. Ut enim ad minim veniam, quis nostrud exercitation ullamco laboris nisi ut aliquip ex ea commodo consequat. Duis aute irure dolor in reprehenderit in voluptate velit esse cillum dolore eu fugiat nulla pariatur. Excepteur sint occaecat cupidatat non proident, sunt in culpa qui officia deserunt mollit anim id est laborum</p>','<p>Lorem ipsum dolor sit amet, consectetur adipiscing elit, sed do eiusmod tempor incididunt ut labore et dolore magna aliqua. Ut enim ad minim veniam, quis nostrud exercitation ullamco laboris nisi ut aliquip ex ea commodo consequat. Duis aute irure dolor in reprehenderit in voluptate velit esse cillum dolore eu fugiat nulla pariatur. Excepteur sint occaecat cupidatat non proident, sunt in culpa qui officia deserunt mollit anim id est laborum</p>',NULL,'2023-04-30 07:57:34','2023-05-15 08:10:52',NULL),
(2,'Traitement 2','<p>Lorem ipsum dolor sit amet, consectetur adipiscing elit, sed do eiusmod tempor incididunt ut labore et dolore magna aliqua. Ut enim ad minim veniam, quis nostrud exercitation ullamco laboris nisi ut aliquip ex ea commodo consequat. Duis aute irure dolor in reprehenderit in voluptate velit esse cillum dolore eu fugiat nulla pariatur. Excepteur sint occaecat cupidatat non proident, sunt in culpa qui officia deserunt mollit anim id est laborum</p>','<p>Lorem ipsum dolor sit amet, consectetur adipiscing elit, sed do eiusmod tempor incididunt ut labore et dolore magna aliqua. Ut enim ad minim veniam, quis nostrud exercitation ullamco laboris nisi ut aliquip ex ea commodo consequat. Duis aute irure dolor in reprehenderit in voluptate velit esse cillum dolore eu fugiat nulla pariatur. Excepteur sint occaecat cupidatat non proident, sunt in culpa qui officia deserunt mollit anim id est laborum</p>','<p>Lorem ipsum dolor sit amet, consectetur adipiscing elit, sed do eiusmod tempor incididunt ut labore et dolore magna aliqua. Ut enim ad minim veniam, quis nostrud exercitation ullamco laboris nisi ut aliquip ex ea commodo consequat. Duis aute irure dolor in reprehenderit in voluptate velit esse cillum dolore eu fugiat nulla pariatur. Excepteur sint occaecat cupidatat non proident, sunt in culpa qui officia deserunt mollit anim id est laborum</p>','<p>Lorem ipsum dolor sit amet, consectetur adipiscing elit, sed do eiusmod tempor incididunt ut labore et dolore magna aliqua. Ut enim ad minim veniam, quis nostrud exercitation ullamco laboris nisi ut aliquip ex ea commodo consequat. Duis aute irure dolor in reprehenderit in voluptate velit esse cillum dolore eu fugiat nulla pariatur. Excepteur sint occaecat cupidatat non proident, sunt in culpa qui officia deserunt mollit anim id est laborum</p>','<p>Lorem ipsum dolor sit amet, consectetur adipiscing elit, sed do eiusmod tempor incididunt ut labore et dolore magna aliqua. Ut enim ad minim veniam, quis nostrud exercitation ullamco laboris nisi ut aliquip ex ea commodo consequat. Duis aute irure dolor in reprehenderit in voluptate velit esse cillum dolore eu fugiat nulla pariatur. Excepteur sint occaecat cupidatat non proident, sunt in culpa qui officia deserunt mollit anim id est laborum</p>','<p>Lorem ipsum dolor sit amet, consectetur adipiscing elit, sed do eiusmod tempor incididunt ut labore et dolore magna aliqua. Ut enim ad minim veniam, quis nostrud exercitation ullamco laboris nisi ut aliquip ex ea commodo consequat. Duis aute irure dolor in reprehenderit in voluptate velit esse cillum dolore eu fugiat nulla pariatur. Excepteur sint occaecat cupidatat non proident, sunt in culpa qui officia deserunt mollit anim id est laborum</p>','<p>Lorem ipsum dolor sit amet, consectetur adipiscing elit, sed do eiusmod tempor incididunt ut labore et dolore magna aliqua. Ut enim ad minim veniam, quis nostrud exercitation ullamco laboris nisi ut aliquip ex ea commodo consequat. Duis aute irure dolor in reprehenderit in voluptate velit esse cillum dolore eu fugiat nulla pariatur. Excepteur sint occaecat cupidatat non proident, sunt in culpa qui officia deserunt mollit anim id est laborum</p>',NULL,'2023-04-30 17:37:26','2023-04-30 17:37:26',NULL),
(3,'deleted','<p>test</p>',NULL,NULL,NULL,NULL,NULL,NULL,NULL,'2023-05-23 06:35:05','2023-05-23 06:35:22','2023-05-23 06:35:22'),
(4,'Traitement 3','<p>Description du traitement 3</p>','<p>Responsable du traitement 3</p>','<p>Décrire ici les finalités du traitement</p>','<p>Décrire ici les catégories de destinataires</p>','<p>Décrire ici les destinataires des données</p>','<p>Décrire ici les transferts de données</p>','<p>Décrire ici les durées de rétention</p>',NULL,'2023-05-23 07:16:23','2023-05-23 07:16:23',NULL);
/*!40000 ALTER TABLE `data_processing` ENABLE KEYS */;
UNLOCK TABLES;

--
-- Dumping data for table `data_processing_document`
--

LOCK TABLES `data_processing_document` WRITE;
/*!40000 ALTER TABLE `data_processing_document` DISABLE KEYS */;
INSERT INTO `data_processing_document` (`data_processing_id`, `document_id`) VALUES (1,16),
(2,17),
(2,19),
(1,30);
/*!40000 ALTER TABLE `data_processing_document` ENABLE KEYS */;
UNLOCK TABLES;

--
-- Dumping data for table `data_processing_information`
--

LOCK TABLES `data_processing_information` WRITE;
/*!40000 ALTER TABLE `data_processing_information` DISABLE KEYS */;
INSERT INTO `data_processing_information` (`data_processing_id`, `information_id`) VALUES (1,4),
(1,1),
(1,2),
(2,2),
(2,3),
(4,3);
/*!40000 ALTER TABLE `data_processing_information` ENABLE KEYS */;
UNLOCK TABLES;

--
-- Dumping data for table `data_processing_m_application`
--

LOCK TABLES `data_processing_m_application` WRITE;
/*!40000 ALTER TABLE `data_processing_m_application` DISABLE KEYS */;
INSERT INTO `data_processing_m_application` (`data_processing_id`, `m_application_id`) VALUES (1,15),
(1,3),
(2,1),
(4,12);
/*!40000 ALTER TABLE `data_processing_m_application` ENABLE KEYS */;
UNLOCK TABLES;

--
-- Dumping data for table `data_processing_process`
--

LOCK TABLES `data_processing_process` WRITE;
/*!40000 ALTER TABLE `data_processing_process` DISABLE KEYS */;
INSERT INTO `data_processing_process` (`data_processing_id`, `process_id`) VALUES (1,1),
(1,2),
(2,2),
(3,3),
(4,3);
/*!40000 ALTER TABLE `data_processing_process` ENABLE KEYS */;
UNLOCK TABLES;

--
-- Dumping data for table `database_entity`
--

LOCK TABLES `database_entity` WRITE;
/*!40000 ALTER TABLE `database_entity` DISABLE KEYS */;
INSERT INTO `database_entity` (`database_id`, `entity_id`) VALUES (1,1),
(3,1),
(4,1),
(5,1),
(6,1);
/*!40000 ALTER TABLE `database_entity` ENABLE KEYS */;
UNLOCK TABLES;

--
-- Dumping data for table `database_information`
--

LOCK TABLES `database_information` WRITE;
/*!40000 ALTER TABLE `database_information` DISABLE KEYS */;
INSERT INTO `database_information` (`database_id`, `information_id`) VALUES (1,1),
(1,2),
(1,3),
(3,2),
(3,3),
(5,1),
(4,2),
(5,5),
(6,1);
/*!40000 ALTER TABLE `database_information` ENABLE KEYS */;
UNLOCK TABLES;

--
-- Dumping data for table `database_logical_server`
--

LOCK TABLES `database_logical_server` WRITE;
/*!40000 ALTER TABLE `database_logical_server` DISABLE KEYS */;
INSERT INTO `database_logical_server` (`database_id`, `logical_server_id`) VALUES (1,2),
(1,1),
(6,1);
/*!40000 ALTER TABLE `database_logical_server` ENABLE KEYS */;
UNLOCK TABLES;

--
-- Dumping data for table `database_m_application`
--

LOCK TABLES `database_m_application` WRITE;
/*!40000 ALTER TABLE `database_m_application` DISABLE KEYS */;
INSERT INTO `database_m_application` (`m_application_id`, `database_id`) VALUES (2,3),
(3,4),
(3,1),
(4,5),
(15,5),
(15,4),
(16,1),
(35,3);
/*!40000 ALTER TABLE `database_m_application` ENABLE KEYS */;
UNLOCK TABLES;

--
-- Dumping data for table `databases`
--

LOCK TABLES `databases` WRITE;
/*!40000 ALTER TABLE `databases` DISABLE KEYS */;
INSERT INTO `databases` (`id`, `name`, `description`, `responsible`, `type`, `security_need_c`, `external`, `created_at`, `updated_at`, `deleted_at`, `entity_resp_id`, `security_need_i`, `security_need_a`, `security_need_t`) VALUES (1,'Database 1','<p>Description Database 1</p>','Paul','MySQL',1,'Interne','2020-06-17 14:18:48','2021-05-14 10:19:45',NULL,2,2,3,4),
(3,'Database 2','<p>Description database 2</p>','Paul','MySQL',1,'Interne','2020-06-17 14:19:24','2021-05-14 10:29:47',NULL,1,1,1,1),
(4,'MainDB','<p>description de la base de données</p>','Paul','Oracle',2,'Interne','2020-07-01 15:08:57','2021-08-20 01:52:23',NULL,1,2,2,2),
(5,'DB Compta','<p>Base de donnée de la compta</p>','Paul','MariaDB',2,'Interne','2020-08-24 15:58:23','2022-03-21 17:13:10',NULL,18,2,2,2),
(6,'Data Warehouse','<p>Base de données du datawarehouse</p>',NULL,'MariaDB',2,NULL,'2021-05-14 10:24:02','2024-09-20 16:48:08',NULL,18,2,2,-1);
/*!40000 ALTER TABLE `databases` ENABLE KEYS */;
UNLOCK TABLES;

--
-- Dumping data for table `dhcp_servers`
--

LOCK TABLES `dhcp_servers` WRITE;
/*!40000 ALTER TABLE `dhcp_servers` DISABLE KEYS */;
INSERT INTO `dhcp_servers` (`id`, `name`, `description`, `created_at`, `updated_at`, `deleted_at`, `address_ip`) VALUES (1,'DHCP_1','<p>Serveur DHCP primaire</p>','2020-07-23 08:34:43','2024-03-09 16:24:39',NULL,'10.10.1.1, 10.10.10.1'),
(2,'DHCP_2','<p>Serveur DHCP secondaire</p>','2021-10-19 08:46:52','2024-03-09 16:25:21',NULL,'10.40.6.4, 2001:db8:3333:4444:CCCC:DDDD:EEEE:FFFF');
/*!40000 ALTER TABLE `dhcp_servers` ENABLE KEYS */;
UNLOCK TABLES;

--
-- Dumping data for table `dnsservers`
--

LOCK TABLES `dnsservers` WRITE;
/*!40000 ALTER TABLE `dnsservers` DISABLE KEYS */;
INSERT INTO `dnsservers` (`id`, `name`, `description`, `created_at`, `updated_at`, `deleted_at`, `address_ip`) VALUES (1,'DNS_1','<p>Serveur DNS primaire</p>','2020-07-23 08:31:39','2021-11-16 16:55:11',NULL,'10.10.3.4'),
(2,'DNS_2','<p>Serveur DNS secondaire</p>','2020-07-23 08:31:50','2021-10-19 09:10:45',NULL,'10.30.2.3'),
(3,'DNS_3','<p>Troisième serveur DNS</p>','2021-10-19 08:39:25','2021-10-19 08:41:09',NULL,'10.10.10.1');
/*!40000 ALTER TABLE `dnsservers` ENABLE KEYS */;
UNLOCK TABLES;

--
-- Dumping data for table `document_logical_server`
--

LOCK TABLES `document_logical_server` WRITE;
/*!40000 ALTER TABLE `document_logical_server` DISABLE KEYS */;
INSERT INTO `document_logical_server` (`logical_server_id`, `document_id`) VALUES (4,22);
/*!40000 ALTER TABLE `document_logical_server` ENABLE KEYS */;
UNLOCK TABLES;

--
-- Dumping data for table `document_relation`
--

LOCK TABLES `document_relation` WRITE;
/*!40000 ALTER TABLE `document_relation` DISABLE KEYS */;
/*!40000 ALTER TABLE `document_relation` ENABLE KEYS */;
UNLOCK TABLES;

--
-- Dumping data for table `documents`
--

LOCK TABLES `documents` WRITE;
/*!40000 ALTER TABLE `documents` DISABLE KEYS */;
INSERT INTO `documents` (`id`, `filename`, `mimetype`, `size`, `hash`, `deleted_at`, `created_at`, `updated_at`) VALUES (10,'babay beatles.jpg','image/jpeg',31240,'1a06a0d18a332d9439976baacce1bd69fd64c866d0622c340f1f01d6ed8049ff',NULL,'2023-05-08 09:19:49','2023-05-08 09:19:49'),
(11,'singes.jpeg','image/jpeg',16070,'5268fc6c3500513143daee5a06e930edcbefbd078c74f81ac252e13989a9e452',NULL,'2023-05-08 09:21:45','2023-05-08 09:21:45'),
(12,'babay beatles.jpg','image/jpeg',31240,'1a06a0d18a332d9439976baacce1bd69fd64c866d0622c340f1f01d6ed8049ff',NULL,'2023-05-08 09:23:15','2023-05-08 09:23:15'),
(13,'babay beatles.jpg','image/jpeg',31240,'1a06a0d18a332d9439976baacce1bd69fd64c866d0622c340f1f01d6ed8049ff',NULL,'2023-05-08 09:24:12','2023-05-08 09:24:12'),
(14,'babay beatles.jpg','image/jpeg',31240,'1a06a0d18a332d9439976baacce1bd69fd64c866d0622c340f1f01d6ed8049ff',NULL,'2023-05-09 11:29:30','2023-05-09 11:29:30'),
(15,'babay beatles.jpg','image/jpeg',31240,'1a06a0d18a332d9439976baacce1bd69fd64c866d0622c340f1f01d6ed8049ff','2023-05-09 11:39:25','2023-05-09 11:37:40','2023-05-09 11:39:25'),
(16,'singes.jpeg','image/jpeg',16070,'5268fc6c3500513143daee5a06e930edcbefbd078c74f81ac252e13989a9e452',NULL,'2023-05-09 11:38:20','2023-05-09 11:38:20'),
(17,'babay beatles.jpg','image/jpeg',31240,'1a06a0d18a332d9439976baacce1bd69fd64c866d0622c340f1f01d6ed8049ff',NULL,'2023-05-09 11:51:48','2023-05-09 11:51:48'),
(18,'kepi_capitain2.jpeg','image/jpeg',5955,'86fe43201f8360ec0c7bbdfd55d5ff71a71ef5fa499e58899f0ea0cd3382ec5d','2023-05-09 11:52:16','2023-05-09 11:51:56','2023-05-09 11:52:16'),
(19,'valentin.jpeg','image/jpeg',8247,'188f019c0dd657fddee41660841a02de11efcd0802e22d59833084d2ab272002',NULL,'2023-05-09 11:52:06','2023-05-09 11:52:06'),
(20,'bonnet-commandant-cousteau.jpg','image/jpeg',206376,'2abde9d07f4abdd4626fe5bcde9e49d4fa63c6f1e0a9d9aa8f00081d130de737','2024-01-05 10:00:15','2024-01-05 09:59:29','2024-01-05 10:00:15'),
(21,'casquette-marin-204926-460x646.jpg','image/jpeg',26934,'438a24c6436daa42670132d93fcbb194ea3b55cceb6793bbec808a922b483411','2024-01-05 10:00:16','2024-01-05 09:59:41','2024-01-05 10:00:16'),
(22,'casquette-marin-204926-460x646.jpg','image/jpeg',26934,'438a24c6436daa42670132d93fcbb194ea3b55cceb6793bbec808a922b483411','2024-01-05 10:01:04','2024-01-05 10:00:24','2024-01-05 10:01:04'),
(23,'casquette-marin-204926-460x646.jpg','image/jpeg',26934,'438a24c6436daa42670132d93fcbb194ea3b55cceb6793bbec808a922b483411',NULL,'2024-01-05 10:00:53','2024-01-05 10:00:53'),
(24,'casquette-marin-204926-460x646.jpg','image/jpeg',26934,'438a24c6436daa42670132d93fcbb194ea3b55cceb6793bbec808a922b483411',NULL,'2024-01-05 10:01:13','2024-01-05 10:01:13'),
(25,'pirate.jpg','image/jpeg',160650,'b88833f4774b2cdf2e9272f2e3a2fb9b9b20bb0bd0dbcc4ff7bbb23ff2cb2487',NULL,'2024-04-02 14:59:22','2024-04-02 14:59:22'),
(26,'1705914670710.jpeg','image/jpeg',117251,'8626e933982488895f47cb4632468df196e383203ab787138c670fbdde21e223',NULL,'2024-04-03 02:57:52','2024-04-03 02:57:52'),
(27,'1708930283974.jpeg','image/jpeg',35788,'6c42078ff105133183739afe8552103f8029ec725b3722b602a1c718ab8b4b2a',NULL,'2024-04-04 02:47:31','2024-04-04 02:47:31'),
(28,'1708930283974.jpeg','image/jpeg',35788,'6c42078ff105133183739afe8552103f8029ec725b3722b602a1c718ab8b4b2a',NULL,'2024-04-04 02:50:12','2024-04-04 02:50:12'),
(29,'brain-sudo.jpeg','image/jpeg',73028,'2a710e6ffffad1a23da5606adbc30472982a09c964bb554462613a8bed5de265',NULL,'2024-04-04 02:54:49','2024-04-04 02:54:49'),
(30,'pirate.jpg','image/jpeg',160650,'b88833f4774b2cdf2e9272f2e3a2fb9b9b20bb0bd0dbcc4ff7bbb23ff2cb2487',NULL,'2024-04-04 02:55:55','2024-04-04 02:55:55'),
(31,'dbarzin 2023.jpeg','image/jpeg',16275,'a761febd49b4a2c5d06ad6170ced19c8a725e8bbbddca7cbf47b292392263d0a','2024-04-04 03:00:03','2024-04-04 03:00:01','2024-04-04 03:00:03'),
(32,'pirate.jpg','image/jpeg',160650,'b88833f4774b2cdf2e9272f2e3a2fb9b9b20bb0bd0dbcc4ff7bbb23ff2cb2487',NULL,'2024-04-04 03:00:10','2024-04-04 03:00:10'),
(33,'pirate.jpg','image/jpeg',160650,'b88833f4774b2cdf2e9272f2e3a2fb9b9b20bb0bd0dbcc4ff7bbb23ff2cb2487',NULL,'2024-04-04 03:02:07','2024-04-04 03:02:07'),
(34,'pirate.jpg','image/jpeg',160650,'b88833f4774b2cdf2e9272f2e3a2fb9b9b20bb0bd0dbcc4ff7bbb23ff2cb2487',NULL,'2024-04-04 03:04:41','2024-04-04 03:04:41');
/*!40000 ALTER TABLE `documents` ENABLE KEYS */;
UNLOCK TABLES;

--
-- Dumping data for table `domaine_ad_forest_ad`
--

LOCK TABLES `domaine_ad_forest_ad` WRITE;
/*!40000 ALTER TABLE `domaine_ad_forest_ad` DISABLE KEYS */;
INSERT INTO `domaine_ad_forest_ad` (`forest_ad_id`, `domaine_ad_id`) VALUES (1,1),
(2,1),
(1,3),
(2,5),
(1,4);
/*!40000 ALTER TABLE `domaine_ad_forest_ad` ENABLE KEYS */;
UNLOCK TABLES;

--
-- Dumping data for table `domaine_ads`
--

LOCK TABLES `domaine_ads` WRITE;
/*!40000 ALTER TABLE `domaine_ads` DISABLE KEYS */;
INSERT INTO `domaine_ads` (`id`, `name`, `description`, `domain_ctrl_cnt`, `user_count`, `machine_count`, `relation_inter_domaine`, `created_at`, `updated_at`, `deleted_at`) VALUES (1,'Dom1','<p>Domaine AD1</p>',3,2000,800,'Non','2020-07-03 07:51:06','2020-07-03 07:51:06',NULL),
(2,'test domain','<p>this is a test</p>',NULL,NULL,NULL,NULL,'2021-05-27 13:24:52','2021-05-27 13:29:15','2021-05-27 13:29:15'),
(3,'Dom2','<p>Second domaine active directory</p>',2,100,1,'Néant','2021-05-27 13:29:43','2021-05-27 13:29:43',NULL),
(4,'Dom5','<p>Domaine cinq</p>',NULL,NULL,NULL,NULL,'2021-05-27 13:39:08','2021-05-27 13:39:08',NULL),
(5,'Dom4','<p>Domaine quatre</p>',NULL,NULL,NULL,NULL,'2021-05-27 13:39:20','2021-05-27 13:39:20',NULL);
/*!40000 ALTER TABLE `domaine_ads` ENABLE KEYS */;
UNLOCK TABLES;

--
-- Dumping data for table `entities`
--

LOCK TABLES `entities` WRITE;
/*!40000 ALTER TABLE `entities` DISABLE KEYS */;
INSERT INTO `entities` (`id`, `name`, `icon`, `security_level`, `contact_point`, `description`, `is_external`, `created_at`, `updated_at`, `deleted_at`, `entity_type`, `attributes`, `reference`, `parent_entity_id`) VALUES (1,'MegaNet System',NULL,'<p>ISO 27001</p>','<p>Helpdek<br>27, Rue des poire&nbsp;<br>12043 Mire-en-Mare le Bains</p><p>helpdesk@meganet.org</p>','<p>Fournisseur équipement réseau</p>',1,'2020-05-21 02:30:59','2023-06-01 15:16:50',NULL,'Producer',NULL,NULL,NULL),
(2,'Entité1',NULL,'<p>Néant</p>','<ul><li>Commercial</li><li>Service Delivery</li><li>Helpdesk</li></ul>','<p>Entité de tests1</p>',1,'2020-05-21 02:31:17','2022-05-23 15:10:25',NULL,'Revendeur',NULL,NULL,NULL),
(4,'Entité3',NULL,'<p>ISO 9001</p>','<p>Point de contact de la troisième entité</p>','<p>Description de la troisième entité.</p>',1,'2020-05-21 02:44:03','2022-05-23 15:10:46',NULL,'Producteur',NULL,NULL,NULL),
(5,'Entity6',NULL,'<p>Néant</p>','<p>support_informatque@entite6.fr</p>','<p>Description de l\'entité six</p>',0,'2020-05-21 02:44:18','2024-04-04 03:43:04',NULL,'Distributor',NULL,NULL,NULL),
(6,'Entité4',NULL,'<p>ISO 27001</p>','<p>Pierre Pinon<br>Tel: 00 34 392 484 22</p>','<p>Description de l\'entté quatre</p>',0,'2020-05-21 02:45:14','2021-05-23 13:01:17',NULL,NULL,NULL,NULL,NULL),
(7,'Entité5',NULL,'<p>Néant</p>','<p>Servicdesk@entite5.fr</p>','<p>Description de l\'entité 5</p>',0,'2020-05-21 03:38:41','2021-05-23 13:02:16',NULL,NULL,NULL,NULL,NULL),
(8,'Entité2',NULL,'<p>ISO 27001</p>','<p>Point de contact de l\'entité 2</p>','<p>Description de l\'entité 2</p>',1,'2020-05-21 03:54:22','2022-05-23 14:44:34',NULL,'Legal entity',NULL,NULL,NULL),
(9,'NetworkSys',NULL,'<p>ISO 27001</p>','<p>support@networksys.fr</p>','<p>Description de l’entité NetworkSys</p>',0,'2020-05-21 06:25:15','2022-05-23 14:44:48',NULL,'Internal department',NULL,NULL,NULL),
(12,'Pierre et fils',NULL,'<p>Certifications :&nbsp;<br>- ISO 9001<br>- ISO 27001<br>- ISO 31000</p>','<p>Paul Pierre<br>Gérant<br>00 33 4943 432 423</p>','<p>Description de l\'entité de test</p>',1,'2020-07-06 13:37:54','2022-05-23 14:45:07',NULL,'Fournisseur',NULL,NULL,NULL),
(13,'Nestor',NULL,'<p>Haut niveau</p>','<p>Paul, Pierre et Jean</p>','<p>Description de Nestor</p>',1,'2020-08-12 16:11:31','2022-05-23 14:41:44',NULL,'Fournisseur',NULL,NULL,NULL),
(18,'Acme corp.',NULL,'<p>None sorry...</p>','<p>Do not call me, I will call you back.</p>','<p>Looney tunes academy</p>',0,'2021-09-07 18:07:16','2024-04-14 06:29:50',NULL,'Producer',NULL,NULL,23),
(19,'HAL',NULL,'<p>Top security certification</p>','<p>hal@corp.com</p>','<b>test',0,'2021-09-07 18:08:56','2021-09-07 18:09:17',NULL,NULL,NULL,NULL,NULL),
(22,'Hacker Studio',NULL,'<p>All SANS certificates</p>','<p>Do not call us, we will call you back.</p><p>&nbsp;</p>','<b>test',1,'2022-06-02 11:56:32','2022-06-02 11:56:32',NULL,'Fournisseur',NULL,NULL,NULL),
(23,'World company',NULL,'<p>Full protection</p>','<p>ping us at 256.256.256.256</p>','<p>Thebiggest compagny in the world</p>',1,'2022-06-22 17:20:11','2023-06-01 15:19:54',NULL,'Producer',NULL,NULL,NULL),
(24,'test',NULL,NULL,NULL,NULL,0,'2024-09-13 10:02:43','2024-09-13 10:02:53','2024-09-13 10:02:53',NULL,NULL,NULL,NULL);
/*!40000 ALTER TABLE `entities` ENABLE KEYS */;
UNLOCK TABLES;

--
-- Dumping data for table `entity_document`
--

LOCK TABLES `entity_document` WRITE;
/*!40000 ALTER TABLE `entity_document` DISABLE KEYS */;
/*!40000 ALTER TABLE `entity_document` ENABLE KEYS */;
UNLOCK TABLES;

--
-- Dumping data for table `entity_m_application`
--

LOCK TABLES `entity_m_application` WRITE;
/*!40000 ALTER TABLE `entity_m_application` DISABLE KEYS */;
INSERT INTO `entity_m_application` (`m_application_id`, `entity_id`) VALUES (2,1),
(1,2),
(1,8),
(3,8),
(4,8),
(4,4),
(16,2),
(19,2),
(19,8),
(19,4),
(19,6),
(19,7),
(35,2),
(37,18),
(18,8);
/*!40000 ALTER TABLE `entity_m_application` ENABLE KEYS */;
UNLOCK TABLES;

--
-- Dumping data for table `entity_process`
--

LOCK TABLES `entity_process` WRITE;
/*!40000 ALTER TABLE `entity_process` DISABLE KEYS */;
INSERT INTO `entity_process` (`process_id`, `entity_id`) VALUES (1,1),
(2,1),
(3,1),
(1,13),
(3,13),
(4,1),
(9,4),
(2,8),
(4,6),
(4,7),
(9,5),
(1,9),
(2,9),
(3,9),
(4,9),
(9,9),
(1,12),
(1,2),
(4,18),
(3,19),
(1,22),
(4,23);
/*!40000 ALTER TABLE `entity_process` ENABLE KEYS */;
UNLOCK TABLES;

--
-- Dumping data for table `external_connected_entities`
--

LOCK TABLES `external_connected_entities` WRITE;
/*!40000 ALTER TABLE `external_connected_entities` DISABLE KEYS */;
INSERT INTO `external_connected_entities` (`id`, `name`, `description`, `type`, `entity_id`, `network_id`, `src`, `src_desc`, `dest`, `dest_desc`, `contacts`, `created_at`, `updated_at`, `deleted_at`) VALUES (1,'Entité externe 1','<p>description entité 1</p>','Token',2,1,'8.9.10.11',NULL,'10.212.32.12',NULL,'Marcel','2020-07-23 07:59:25','2024-05-07 03:01:32',NULL),
(2,'Entité externe 2','description de la connexion','SSL-VPN',4,1,NULL,NULL,NULL,NULL,'it@external.corp','2021-08-17 17:52:26','2022-08-11 19:17:06',NULL),
(3,'Test',NULL,'SSL-VPN',NULL,1,NULL,NULL,NULL,NULL,NULL,'2022-08-11 19:46:40','2022-08-11 19:47:15',NULL),
(4,'Entité externe 3','Support application','site2site VPN',4,1,'8.8.8.8.8',NULL,'10.23.21.1',NULL,'David','2022-10-13 16:32:40','2022-10-13 16:32:40',NULL);
/*!40000 ALTER TABLE `external_connected_entities` ENABLE KEYS */;
UNLOCK TABLES;

--
-- Dumping data for table `fluxes`
--

LOCK TABLES `fluxes` WRITE;
/*!40000 ALTER TABLE `fluxes` DISABLE KEYS */;
INSERT INTO `fluxes` (`id`, `name`, `description`, `created_at`, `updated_at`, `deleted_at`, `application_source_id`, `service_source_id`, `module_source_id`, `database_source_id`, `application_dest_id`, `service_dest_id`, `module_dest_id`, `database_dest_id`, `crypted`, `bidirectional`, `nature`) VALUES (2,'FluxA','<p>Description du flux A</p>','2020-06-17 14:50:59','2023-02-28 13:56:24',NULL,1,NULL,NULL,NULL,NULL,3,NULL,NULL,0,1,'API'),
(3,'FluxC','<p>Flux de test</p>','2020-07-07 13:58:22','2021-09-23 17:04:30',NULL,2,NULL,NULL,NULL,3,NULL,NULL,NULL,1,NULL,'API'),
(4,'FluxB','<p>Flux de test 3</p>','2020-07-07 14:01:10','2022-10-13 16:54:12',NULL,NULL,NULL,4,NULL,NULL,NULL,5,NULL,1,1,'API'),
(5,'Sync_DB','<p>Description du flux 01</p>','2020-07-23 10:44:35','2022-10-13 16:54:36',NULL,NULL,NULL,NULL,1,NULL,NULL,NULL,3,1,0,'API'),
(6,'Flux_MOD_01','<p>Fuld module</p>','2020-07-23 10:48:20','2021-09-29 05:59:35',NULL,NULL,NULL,3,NULL,NULL,NULL,2,NULL,0,0,'API'),
(7,'Flux_SER_01','Description du flux service 01','2020-07-23 10:51:41','2020-07-23 10:51:41',NULL,NULL,3,NULL,NULL,NULL,4,NULL,NULL,0,NULL,'API'),
(8,'Fulx 07','Description du flux 07','2020-09-05 04:56:57','2020-09-05 04:57:36',NULL,NULL,1,NULL,NULL,NULL,2,NULL,NULL,1,NULL,'API'),
(9,'FLux DB_02','<p>Description du flux 2</p>','2020-09-05 05:12:05','2023-01-27 16:09:23',NULL,NULL,NULL,4,NULL,NULL,NULL,2,NULL,1,0,'File copy'),
(10,'SRV10_to_SRV11','<p>Transfert from SRV10 to SRV11</p>','2021-08-02 15:13:31','2021-08-02 15:13:31',NULL,NULL,10,NULL,NULL,NULL,11,NULL,NULL,0,NULL,'API'),
(11,'FLUX_42','<p>Le flux qui répond à tout</p>','2021-08-02 15:13:57','2024-09-12 06:37:03',NULL,18,NULL,NULL,NULL,NULL,NULL,2,NULL,1,1,'Manual'),
(12,'SRV6_to_SRV10','<p>service 6 to service 10</p>','2021-08-02 15:14:36','2021-08-02 15:14:36',NULL,NULL,7,NULL,NULL,NULL,10,NULL,NULL,1,NULL,'API'),
(13,'Syncy System',NULL,'2021-08-02 18:01:21','2024-09-22 13:26:45','2024-09-22 13:26:45',NULL,10,NULL,NULL,NULL,NULL,NULL,NULL,1,NULL,'API'),
(14,'00001',NULL,'2021-09-01 07:00:09','2021-09-01 07:00:21','2021-09-01 07:00:21',NULL,NULL,NULL,NULL,NULL,NULL,NULL,NULL,1,NULL,'API'),
(15,'0002',NULL,'2021-09-01 07:00:15','2021-09-01 07:00:21','2021-09-01 07:00:21',NULL,NULL,NULL,NULL,NULL,NULL,NULL,NULL,1,NULL,'API'),
(16,'MainFlow','<p>The most critical flow</p>','2022-06-29 14:58:33','2022-06-29 14:58:33',NULL,1,NULL,NULL,NULL,2,NULL,NULL,NULL,0,0,'API'),
(17,'TestFlux99','<p>Description du flux 99</p>','2022-07-12 13:15:11','2022-07-12 13:15:26',NULL,NULL,NULL,4,NULL,NULL,5,NULL,NULL,1,0,'API'),
(18,'TEST','<p>mod4 → mod5</p>','2023-01-27 15:44:23','2023-01-27 15:46:17','2023-01-27 15:46:17',NULL,NULL,4,NULL,NULL,NULL,5,NULL,0,0,'API'),
(19,'Test','<p>Test</p>','2023-01-27 16:04:36','2023-01-27 16:04:36',NULL,1,NULL,NULL,NULL,2,NULL,NULL,NULL,0,0,NULL),
(20,'FluxD','<p>Flux API DB1 to DB2</p>','2023-11-30 09:53:06','2024-04-16 07:44:21',NULL,NULL,NULL,NULL,1,NULL,NULL,NULL,4,0,0,'API'),
(21,'HL7_Mapping',NULL,'2024-02-14 11:40:04','2024-09-22 13:26:34',NULL,2,NULL,NULL,NULL,2,NULL,NULL,NULL,0,0,'HL7');
/*!40000 ALTER TABLE `fluxes` ENABLE KEYS */;
UNLOCK TABLES;

--
-- Dumping data for table `forest_ads`
--

LOCK TABLES `forest_ads` WRITE;
/*!40000 ALTER TABLE `forest_ads` DISABLE KEYS */;
INSERT INTO `forest_ads` (`id`, `name`, `description`, `created_at`, `updated_at`, `deleted_at`, `zone_admin_id`) VALUES (1,'AD1','<p>Foret de l\'AD 1</p>','2020-07-03 07:50:07','2020-07-03 07:50:29',NULL,1),
(2,'AD2','<p>Foret de l\'AD2</p>','2020-07-03 07:50:19','2020-07-03 07:50:19',NULL,1);
/*!40000 ALTER TABLE `forest_ads` ENABLE KEYS */;
UNLOCK TABLES;

--
-- Dumping data for table `gateways`
--

LOCK TABLES `gateways` WRITE;
/*!40000 ALTER TABLE `gateways` DISABLE KEYS */;
INSERT INTO `gateways` (`id`, `name`, `description`, `ip`, `authentification`, `created_at`, `updated_at`, `deleted_at`) VALUES (1,'GW01','<p>Gateway 01 vers réseau médor</p>','123.5.6.4/12','Carte à puce','2020-07-13 17:34:45','2020-07-13 17:34:45',NULL),
(2,'Workspace One','<p>Test workspace One</p>','10.10.10.1','Token','2021-04-17 19:32:57','2021-04-17 19:40:31','2021-04-17 19:40:31'),
(3,'PubicGW','<p>Public Gateway</p>','10.10.10.1','Token','2021-04-17 19:39:04','2021-04-17 19:40:25','2021-04-17 19:40:25'),
(4,'PublicGW','<p>Public gateway</p>','8.8.8.8','Token','2021-04-17 19:40:48','2021-04-17 19:48:34',NULL),
(5,'GW02','<p>Second gateway</p>','10.20.1.1','Token','2021-05-18 18:27:13','2022-06-02 18:16:26',NULL);
/*!40000 ALTER TABLE `gateways` ENABLE KEYS */;
UNLOCK TABLES;

--
-- Dumping data for table `information`
--

LOCK TABLES `information` WRITE;
/*!40000 ALTER TABLE `information` DISABLE KEYS */;
INSERT INTO `information` (`id`, `name`, `description`, `owner`, `administrator`, `storage`, `security_need_c`, `sensitivity`, `constraints`, `retention`, `created_at`, `updated_at`, `deleted_at`, `security_need_i`, `security_need_a`, `security_need_t`) VALUES (1,'Information 1','<p>Description de l\'information 1</p>','Luc','Yann','externe',1,'Donnée à caractère personnel','<p>Description des contraintes règlementaires et normatives</p>',NULL,'2020-06-13 00:06:43','2024-04-28 06:39:51',NULL,3,2,2),
(2,'information 2','<p>Description de l\'information</p>','Nestor','Nom de l\'administrateur','externe',2,'Donnée à caractère personnel',NULL,NULL,'2020-06-13 00:09:13','2021-08-19 16:42:53',NULL,1,1,1),
(3,'information 3','<p>Descripton de l\'information 3</p>','Paul','Jean','Local',4,'Donnée à caractère personnel',NULL,NULL,'2020-06-13 00:10:07','2021-09-28 17:42:07',NULL,4,3,4),
(4,'Information de test','<p>decription du test</p>','RSSI','Paul','Local',1,'Technical',NULL,NULL,'2020-07-01 15:00:37','2021-08-19 16:45:52',NULL,1,1,1),
(5,'Données du client','<p>Données d\'identification du client</p>','Nestor','Paul','Local',2,'Donnée à caractère personnel','<p>RGPD</p>',NULL,'2021-05-14 10:50:09','2022-03-21 17:12:30',NULL,2,2,2);
/*!40000 ALTER TABLE `information` ENABLE KEYS */;
UNLOCK TABLES;

--
-- Dumping data for table `information_process`
--

LOCK TABLES `information_process` WRITE;
/*!40000 ALTER TABLE `information_process` DISABLE KEYS */;
INSERT INTO `information_process` (`information_id`, `process_id`) VALUES (3,2),
(4,3),
(4,4),
(4,1),
(1,4),
(2,9),
(5,1),
(5,2),
(5,4),
(5,9);
/*!40000 ALTER TABLE `information_process` ENABLE KEYS */;
UNLOCK TABLES;

--
-- Dumping data for table `lan_man`
--

LOCK TABLES `lan_man` WRITE;
/*!40000 ALTER TABLE `lan_man` DISABLE KEYS */;
INSERT INTO `lan_man` (`man_id`, `lan_id`) VALUES (1,1),
(2,1),
(2,2),
(2,3);
/*!40000 ALTER TABLE `lan_man` ENABLE KEYS */;
UNLOCK TABLES;

--
-- Dumping data for table `lan_wan`
--

LOCK TABLES `lan_wan` WRITE;
/*!40000 ALTER TABLE `lan_wan` DISABLE KEYS */;
INSERT INTO `lan_wan` (`wan_id`, `lan_id`) VALUES (1,1);
/*!40000 ALTER TABLE `lan_wan` ENABLE KEYS */;
UNLOCK TABLES;

--
-- Dumping data for table `lans`
--

LOCK TABLES `lans` WRITE;
/*!40000 ALTER TABLE `lans` DISABLE KEYS */;
INSERT INTO `lans` (`id`, `name`, `description`, `created_at`, `updated_at`, `deleted_at`) VALUES (1,'LAN_1','<p>Description goes here</p>','2020-07-22 05:42:00','2024-04-09 03:14:38',NULL),
(2,'LAN_2','Second LAN','2021-06-23 19:19:38','2021-06-23 19:19:38',NULL),
(3,'LAN_0','Lan zero','2021-06-23 19:20:04','2021-06-23 19:20:04',NULL);
/*!40000 ALTER TABLE `lans` ENABLE KEYS */;
UNLOCK TABLES;

--
-- Dumping data for table `logical_flows`
--

LOCK TABLES `logical_flows` WRITE;
/*!40000 ALTER TABLE `logical_flows` DISABLE KEYS */;
INSERT INTO `logical_flows` (`id`, `name`, `source_ip_range`, `dest_ip_range`, `source_port`, `dest_port`, `protocol`, `description`, `created_at`, `updated_at`, `deleted_at`, `router_id`, `priority`, `action`, `users`, `interface`, `schedule`) VALUES (1,'FLOW1','10.10.10.1/32','10.0.0.33/28',NULL,'80','TCP','<p>Description goes here</p>',NULL,'2024-04-22 14:29:17',NULL,NULL,NULL,NULL,NULL,NULL,NULL),
(2,'FLOW2','10.1.1.1/32','10.2.2.2/32',NULL,'80','UDP','<p>Description2</p>','2024-04-09 03:26:40','2024-04-10 03:50:43',NULL,NULL,NULL,NULL,NULL,NULL,NULL),
(3,NULL,'10.1.1.1/32','10.2.2.2/32',NULL,'22','TCP','<p>Description du flux</p>','2024-04-09 03:30:36','2024-04-10 03:50:53',NULL,NULL,NULL,NULL,NULL,NULL,NULL),
(4,'QuickChat','192.168.1.0/24','192.168.2.0/24','1234','5678','tcp','<p>Rapid exchange of gossip</p>','2024-04-22 10:20:44','2024-04-22 10:27:51',NULL,NULL,NULL,NULL,NULL,NULL,NULL);
/*!40000 ALTER TABLE `logical_flows` ENABLE KEYS */;
UNLOCK TABLES;

--
-- Dumping data for table `logical_server_m_application`
--

LOCK TABLES `logical_server_m_application` WRITE;
/*!40000 ALTER TABLE `logical_server_m_application` DISABLE KEYS */;
INSERT INTO `logical_server_m_application` (`m_application_id`, `logical_server_id`) VALUES (18,4),
(15,3),
(4,5),
(18,6),
(35,3),
(3,1),
(37,7),
(14,8);
/*!40000 ALTER TABLE `logical_server_m_application` ENABLE KEYS */;
UNLOCK TABLES;

--
-- Dumping data for table `logical_server_physical_server`
--

LOCK TABLES `logical_server_physical_server` WRITE;
/*!40000 ALTER TABLE `logical_server_physical_server` DISABLE KEYS */;
INSERT INTO `logical_server_physical_server` (`logical_server_id`, `physical_server_id`) VALUES (3,8),
(4,7),
(5,8),
(1,9),
(3,9),
(7,8);
/*!40000 ALTER TABLE `logical_server_physical_server` ENABLE KEYS */;
UNLOCK TABLES;

--
-- Dumping data for table `logical_servers`
--

LOCK TABLES `logical_servers` WRITE;
/*!40000 ALTER TABLE `logical_servers` DISABLE KEYS */;
INSERT INTO `logical_servers` (`id`, `name`, `description`, `net_services`, `configuration`, `created_at`, `updated_at`, `deleted_at`, `operating_system`, `address_ip`, `cpu`, `memory`, `environment`, `disk`, `disk_used`, `install_date`, `update_date`, `attributes`, `patching_frequency`, `next_update`, `cluster_id`, `domain_id`) VALUES (1,'SRV-1','<p>Description du serveur 1</p>','DNS, HTTP, HTTPS','<p>Configuration du serveur 1</p>','2020-07-12 16:57:42','2024-04-23 02:51:30',NULL,'Ubuntu 20.04','10.10.10.1, 10.10.8.8','2','8','PROD',60,NULL,'2023-11-04 00:00:00','2024-03-12 00:00:00','GRP-1',6,'2024-09-12',1,NULL),
(3,'SRV-3','<p>Description du serveur 3</p>','HTTP, HTTPS',NULL,'2021-08-26 14:33:03','2024-04-23 02:53:24',NULL,'Ubuntu 20.04','10.70.8.3','4','16','PROD',80,NULL,NULL,'2023-11-30 00:00:00','GRP-1',6,'2024-05-30',5,NULL),
(4,'SRV-42','<p><i>The Ultimate Question of Life, the Universe and Everything</i></p>',NULL,'<p>Full configuration</p>','2021-11-15 16:03:59','2024-05-30 17:25:22',NULL,'OS 42','10.10.0.42','42','42 G','PROD',42,NULL,NULL,NULL,NULL,NULL,NULL,NULL,NULL),
(5,'SRV-4','<p>Description du serveur 4</p>',NULL,NULL,'2022-05-02 16:43:02','2024-03-14 16:18:31',NULL,'Ubunti 22.04 LTS','10.10.3.2','4','2','Dev',NULL,NULL,'2022-05-01 00:00:00','2023-11-30 00:00:00','GRP-1',6,'2024-05-30',2,NULL),
(6,'SRV-5','<p>Description server 5</p>',NULL,'<p>configuration goes here !</p>','2022-06-27 10:27:02','2023-12-13 07:05:40',NULL,'Ubunti 22.04 LTS','10.10.43.3','18','12','Integration',500,NULL,'2022-06-27 00:00:00','2023-03-14 00:00:00',NULL,12,'2023-12-08',NULL,NULL),
(7,'SRV-6','<p>Description du serveur 6</p>',NULL,'<p>Default configuration</p>','2024-01-31 08:53:15','2024-05-30 17:26:10',NULL,'Debian 34','10.40.5.3','4','64','PROD',100,20,'2024-02-07 00:00:00','2024-01-31 00:00:00','GRP-2',6,'2024-07-31',1,NULL),
(8,'SRV-7','<p>Description server 7</p>',NULL,'<p>No cluster</p>','2024-02-05 19:41:25','2024-04-23 02:53:24',NULL,NULL,NULL,NULL,NULL,NULL,NULL,NULL,NULL,NULL,NULL,NULL,NULL,5,NULL),
(9,'SRV-8','<p>Description of logical server5</p>',NULL,NULL,'2024-04-22 14:27:44','2024-04-23 02:51:30',NULL,'Ubuntu 22.04','10.0.0.32',NULL,NULL,'PROD',NULL,NULL,'2024-04-22 00:00:00',NULL,NULL,NULL,NULL,1,NULL),
(10,'addc-c','addc-c',NULL,NULL,'2024-08-12 07:25:09','2024-08-12 07:25:09',NULL,NULL,NULL,'1','3.28',NULL,79,NULL,NULL,NULL,NULL,NULL,NULL,NULL,NULL),
(11,'adfs1-dop','adfs1-dop',NULL,NULL,'2024-08-12 07:25:10','2024-08-12 07:25:10',NULL,NULL,NULL,'8','7.76',NULL,68,NULL,NULL,NULL,NULL,NULL,NULL,NULL,NULL);
/*!40000 ALTER TABLE `logical_servers` ENABLE KEYS */;
UNLOCK TABLES;

--
-- Dumping data for table `m_application_events`
--

LOCK TABLES `m_application_events` WRITE;
/*!40000 ALTER TABLE `m_application_events` DISABLE KEYS */;
INSERT INTO `m_application_events` (`id`, `user_id`, `m_application_id`, `message`, `created_at`, `updated_at`) VALUES (3,1,2,'Test 2','2023-12-06 12:24:47','2023-12-06 12:24:47'),
(4,1,2,'Test 3','2023-12-06 12:24:56','2023-12-06 12:24:56');
/*!40000 ALTER TABLE `m_application_events` ENABLE KEYS */;
UNLOCK TABLES;

--
-- Dumping data for table `m_application_peripheral`
--

LOCK TABLES `m_application_peripheral` WRITE;
/*!40000 ALTER TABLE `m_application_peripheral` DISABLE KEYS */;
INSERT INTO `m_application_peripheral` (`m_application_id`, `peripheral_id`) VALUES (15,1),
(35,5),
(1,5),
(35,6),
(1,6);
/*!40000 ALTER TABLE `m_application_peripheral` ENABLE KEYS */;
UNLOCK TABLES;

--
-- Dumping data for table `m_application_physical_server`
--

LOCK TABLES `m_application_physical_server` WRITE;
/*!40000 ALTER TABLE `m_application_physical_server` DISABLE KEYS */;
INSERT INTO `m_application_physical_server` (`m_application_id`, `physical_server_id`) VALUES (18,6),
(2,9);
/*!40000 ALTER TABLE `m_application_physical_server` ENABLE KEYS */;
UNLOCK TABLES;

--
-- Dumping data for table `m_application_process`
--

LOCK TABLES `m_application_process` WRITE;
/*!40000 ALTER TABLE `m_application_process` DISABLE KEYS */;
INSERT INTO `m_application_process` (`m_application_id`, `process_id`) VALUES (2,1),
(2,2),
(3,2),
(1,1),
(14,2),
(4,3),
(12,4),
(16,1),
(16,2),
(16,3),
(16,4),
(16,9),
(19,3),
(19,4),
(35,4),
(18,3);
/*!40000 ALTER TABLE `m_application_process` ENABLE KEYS */;
UNLOCK TABLES;

--
-- Dumping data for table `m_application_workstation`
--

LOCK TABLES `m_application_workstation` WRITE;
/*!40000 ALTER TABLE `m_application_workstation` DISABLE KEYS */;
INSERT INTO `m_application_workstation` (`m_application_id`, `workstation_id`) VALUES (1,1),
(3,1),
(15,4),
(2,6),
(2,12),
(35,12),
(3,2),
(3,4),
(15,11),
(2,14),
(18,14);
/*!40000 ALTER TABLE `m_application_workstation` ENABLE KEYS */;
UNLOCK TABLES;

--
-- Dumping data for table `m_applications`
--

LOCK TABLES `m_applications` WRITE;
/*!40000 ALTER TABLE `m_applications` DISABLE KEYS */;
INSERT INTO `m_applications` (`id`, `name`, `icon`, `description`, `vendor`, `product`, `security_need_c`, `responsible`, `functional_referent`, `type`, `technology`, `external`, `users`, `editor`, `created_at`, `updated_at`, `deleted_at`, `entity_resp_id`, `application_block_id`, `documentation`, `security_need_i`, `security_need_a`, `security_need_t`, `version`, `rto`, `rpo`, `install_date`, `update_date`, `attributes`, `patching_frequency`, `next_update`) VALUES (1,'central_wifimanager','iVBORw0KGgoAAAANSUhEUgAAALIAAACtCAYAAAAUCiUmAAAgAElEQVR4Xsx9B5hlVZX1rpy6q7qrcyB1IoOAAZU8jnlGGQlKMiOMjDNKlCzBLIoBUMmSgyBgxISMgXEQyRka6Jy7K+d/rbX3ufe+V1Xd1TTO9z9tquq9++49YZ21195nn3MqBgcHhwyviooKGxoa0s//yxeenz1zcHDAhvh8/BscGLTq6mqrRGH++soSu+an99v/PvacVdkkq22YYF02YH2Vg/gcZWYNKiqtsspsEHXgn0P4GxXib/4T/6/Q//in11P/WFleVonf2BSqP+7BYuB/vDa90u/p+/o77sF7VbLcqE9lJUudP2ek9kz34PV88Tv8vfg8lUtV87Lm5WCb6RP8fxBtUskfqktvf58NVvE3tMcQyoE28gryv7xPP37Dv6EG66+osd6eNVY70G5v2mmWffRdb7adt5ljtbhusJ/1QJ3wb0hFxD3i99QkLAOryipElUeq6ojvRdOpa4qQG+394k1uv/0OO/XUz5fctwINl/fUmIuxZRdmABC+HFRDaI3BgT4bGiCgqmyoscpe3NBpd/7i9/az/3nG1vZWWdO4ZjSxdziuVM9VAnGCI++hwUgQs4/xH/aA/nCwV8Tv/lmAW9c6aAUNvD1YSSDjHV4CcBeBry6NgVAC5PIeURE2TQrlzV8ycJxjvFwcaKoJy8Y2G9LAQVGtY32bTZs8yaZPm25PPfuMVdbXYJiz/IC4j3J9Tz8rSRYA+2CdgSqsshr3AbC716+y1qoee8db3mgHv+0ttsPEJhsY6Gdr41nVNghiSHeJEnm7RpuPoarDQFMEbVbP6JqN3Y9tRDCfdtrpefv8o4C8qfHh8ApQiI3AsH19VlNdbwP44I7/eRgs/BtbtKbbasfPQoPXAVR9aLjUoOQXUoV4U8AbEAs58wT1BgtHN5YMHAcyAe2MxzYhkzpDZoNCgyG6DkyXWFogdWz4M3CfQQJrWHeN7Y2SwRFf8UFElibj+YjDUwRkMWFfj1WDdedsu50tWfyKbbPVVvbcwoXWy0KwTgFmbwwva9grryXLHgO/Auw82D9k/RtW2VYTa+2Yd+9t795nT2vEZX0DaFk80PmhbHBGG6iJxImpZ0eqd2pn/+zVApnfJZm9/e3vsYULX/Sq/SOBnMmVGMtF+ZJVmVKAYGJh0Fh/W7jYfnD3r+2RZxfZYO04G6httv6hGrdsYgdvUP+d3erAJvMm1vBW4t/e9VV+hTqxUq3nskNA4b3wnyoyS7Ae/wZcbICXYVR5g5N98Cya1yTBeJ2su4x2Png2g57SgE9tw78zmaHyed2qUBaBDsBmWfp7u2z2zBk2obnF1q9bb62tE6y1ZaI9+dyztmTtaquqq1G9KgB0tgvbC9+UgaLaGEQ9VHYhEJ8ByAODDVY31G2V3eutqrfddl8w0445+G32pm2mq879LJukX4BU7RLyK8m0DL/etnygN0dYBH1nJJBv/ntPP/2Mvec9//qPBbKPuDA9rs5KTXIMyX4wcWV1jXWh0274zd/shp/fb+vAAE3jWqwfLd03VI3vVQGMDnb+p5KmH5+xQ+MtMahATYBmLUVJEYytrya75XSQ5ATBTWnTD4ZTw7PRa6r1z/vZ2bcCjMxhMygwDWdkyZHN7w8fd0W5EvcYpGnS+153jTO2F56/zdazrCZ0NYH/zDPP2I477Ww9aLunX3jBquprnclZ3gx7PqD5gZQz21IQgzUD2IcGG9FefVY12I/2HrTujg02oaHSjnr7rnboQW+xluoqG+jptgr0Vz+eKf9Eg4Pt4gM+Z2RvCZa9+P5Y5NZYm5Bt9t73vt+efvrpfywjpwLRDMiRIXPJgSC9uENXA7A8s2a9feX6O+xPT6y1xnGtVk22oBNY8Ncyx0yOjL/EBmo6Ke2cnQNOifW9s7wDdXWwKOmIGpud0N/bYwP4N2H8eOvp6bWOvl4bqq2x6jq4Pup18HpBNyTIpmdkJnqsvTDSdRxQAQU6rSo1nUfWTFpiAKrWbNrUyTZ+XJOsyN8eesh2f90e1t7RaUtWrrB5C7a3J596Go4voKgBne7oD3Q3wQc74UzGZsXc6lDikXASCNlHA2adL9lbwM7/+cH32/xpE6y/v996cX/YSQDexVgiXT6yt6/fBvpRVjrrMCUui9Rj0W9b0kil373zzrvspJNO+ccAuVwfE5Q9PT1iHXZINRsBlaTQu+2vT9hVd/zWlq/rt5qWVpgv16SSGrKqzqICsiiGEoBeOl1lgteByJ+ZzCgDcmpsNkElBhPNqiRGYKWaprobcRCAd/s586wG4H3oycfhNNVbbR20ORxQPUVOYJjjYOT0t5trZ7hX88oYOYUA0A6D8BkqMIpcD/dbA8pVB1bcZZdd7He//a3tvONOVo3B9tSzz1pLyyRYrwGrqa+z1WvXe/sG85I0BNsY+CyrZBPuLQe4Ai2k5nAH0fvPJR8jH7Von4HedTa+cciOf+/e9q437wUAA+AAfRVDRfGiVWP/9vb2wd9hdARGrQZkgLKwHuxDDhSpk1drusoad8mSpbbffge+9kDW+A9mSc9k3/R2o1PkuMA0jm+ydrDeNbffZVc98DzA0mrjhuqtuwIedZH10Mg5cNKgHp2R6X+XM5DAG++KEzQ4+IbLEnZgNf7ua2uzSRNabNKkSZIQj8NUVwIU1bV14f+RuYp393K8Fozs9iQP9UlBwLw3j2tEu3Vab1enbb311tYCa9HV3m4dXV0o5xR79NHHbPbWW9nKVausG+1ZDTnRx7AZrFxiyDyCw8onyxRt4HYqPuA3AErnjaw8ZOdKvg/0Dwx1WtWGRfa+/feyj7zvnTaznmG6XjH5EAaDS6tKlKEfFo5xpQqBuBaDLZ7sz+J/XyMgd3Z22W677fHaAjkDMUc+RydNFd0mNG4/TA0HaX1TnT2yao1994Y77JEXlllN8yw0UMRfxQhsZDYB4VdqGpO+ypytbHSWi4jSVsqdswKjkq3kQIFVKC06O622pspmzpqFcvbaSy+/DIepzqpqoDVZEjGJwgGEWdYhWRlfZc8UQazIB7UnBzxCkXTgtpk53Z54+O82e6vZ1gn5sP2C+fbii69YRU2dbQDIVy5fKdYjAdBSVVZSfDhAB0AaHrsgeXqL8hOWXnyRmk1WkO/gu2BO+iRpYIm1CW6GAjnoMch729fYjttOszOOOMB2mDHROmFta6CbK/hstNFA3wAscDfuU2l1tbVWU+tlcumy+THnrJtH+IXWfsGCnV47IKfIQ5IC6ZmKDAxAVgx22VB9q/3hyZfsW9f8xFZ3omGbWq2HwfmIdXr0wYFMFiDIHNQBzMSiITfYwqF6Nfpz7i0F8nClKMOZkwQHG7RgD4BBOUcW4qCpA5CpNd2x46AMttLtEyNH+YLpXw3RqCwe9VMVWJaBvm7IiV7bcd62Vl9bZY8/9oTttddetvCFl2yHnXexv/7tIbQcngbwslno0EE0o/wYlgy9sd2hqRkJEqwDtMXfS1gydDGBqHYvtKzmioh1fHkAMeU6snPbKpvSYPafx/yLHbjLdtDSPYpoVOD5nGOTPxQDP02W+Fh/bRmZd5w3b4ctA3IxdJTaSrUNMGr0o1OG+nvEbjf+4UG77M77UJeJhuCwdVOoVXcHR4R2ookleMmASVpEH28pI7O8YpaENv6qaAeYkJInNK4CfElDs+mlz8E0WUn9veLr1c6MRpAqbzOCBgw3FTJnq5nTbNErC20ymLmrCzHj6lpo4QnQxM8rOqHBReBTv5MM0gxgjNyipEoQcicvbwIfQdS54m39nsiB7+URB9hW9McAWJeDBHEL6yIT96yzEw45wI4+6PWYQOlFGci+3nfJCdfPCMOlmcByA5a4SeXcTDbYYiCnjhxp8oPg6OUEBpyBQZiqS279vd36hz/b4IQpVtGPsBajGArau15j41XiWo5qaS2EnvwzB9XGwzbDpUUxnJU7UgBsSJ4MQKkSYBk3w3weIUt4UCK5F09nhRFpn2zDZwzsqsw+05impUvQPYY/GMqLIBlYFUyHxzfBTM+e1Irp4w6E1Hayv/71QZs5e7YtfPFl64JT6tPx1ZAOLBPbSMGvIjrdPhXnjaVf8/GZYyW1XXqn6K7iPTW/94VPonh/kBAG8HsNwDuEuPMH99vRjjv0nepISqNqRUJifoB9KtLIh1A5WP1zb7Di72Nowi1j5CJ4s6B4PFWVhLNCzdaO2n/z2nvslw++YrUtjdaHzhqUy+z0JxOIaIA0nCY7cgevkiAKWtlcIBcboBzIRWb3vnEKE4z1u9tRPZqdFo0sLS+2cSCPVqbNiZVmATcMHg7oAXR2NR7fBA901vTpcuTmL1hgj0JaEEg9cDTSpJBLCur+AAgniGLQe0sG8ATzUtIoBXKRkd0PcBb172e/888ANKNGVYOIu/O6yjobWL/E3rP39vZfR/2LNUKOsbBZeLRARvyVMuX/C0YecTqVDRgV74U2Y7iXkxwXXH67/erhxVY9cRs0DLxezPPTCZAJU/jH9WqaxHAWBvclh4PXbDKoNTZGluSJjs4Gokgnn52SRWAgT/UJrehuvEJHCSj8OwFW0oMS5VUwcybP6OgRiGyann4bjwjEvDnbWU9vr61YudLWb2jz3hf7ykuVKSOLZw6jwJdbL7alylgYqGLwAGTwn4DrEJVdzDggXZcP5mDjuLZ+sB1yq8p6KhusHo5y/+qXbd9dtrIzP3GYtWBmsQfhQ1rZRE4eTi4MIVm3kaXE5sgLSYtXm/1WZGQBUdO0zKvCbBzCaO29g3bBZTfa/U+utMpJ2yB64zHRCnzGCQaaQ3acg8Uro0ywaD1Vf5ieSxV34OXMF6oOAyTNJJVICzkeIRuSqZS58wma7KXnASYxk+fWwL+r+kYCUX6990vO5Pmt0m/l7F9+RTK/BCgHySCy06oYk0b4alxTA+K0lbahowORCUZPoszR+wJ9ZjEog3IgJ+nkz0dkhtYu6pHNTA6DrF9LOk0OL6fENXi9opl1cu2sEkk78961CPutb+uwf55bZ+d88n1W39Ak9mUOY8JwmhxJzmO5nHg12XQlGrnY8RszjQnAaewqKkO9SxAz3APttrKz1y687GZ74MXVVts82XoxzVwluua/SEEEStwkEigEMRoEM30CDsDFhk96OQXaU7sPL2uRkV1zFq/hfSlbvOnzzk7pkWLS5DA5f4SlcAbPch/0fs68SW8z7ly8bnP0srNdDJYoGweMl9bTOjnpIJogEDkgw0LoPWrssA4DsISJCFiLlCLL8ki2BZB5Hd9TX2bjOP0SPzM69jZgGxZx4Ve5DCRaRQjUzAgL9q552fbattnOOuEYm9pYD5fDU0Lzh/nNy8EcE76bHaJ71YxM0KURNhChFo7cSsw6LUeA+sJLb7OHFiKQ3zJZqZkEccqLcDAS/c6eHAJkajUKwRx5DBzDIpyCvkpALkYIHARsbJaojJGjl0rZO5cXBStXsLelQM5Ii2VxGvLi+38yEKlbR7CH5f5D8X7F3/2pMlXxnGQt2C4BoqKFIm5kzdh20X7FQVH4nWXQQA71UGRrr1OBCJLCcJx6XXmvSCl1qZKXXN/neIgMQlkFZCoOdqyxPWfW2JdOONJaYVl6mF+u2CadUHf+UnOWtEPce2PSQuMvrAO/O38+pMXAADNTSjthdEYOByBDFJwTkEAvClkHfb8e2u6s719vDzzfZhUTZiMJpytTXN6OKSCTbhCNGOY5saUcDFG9Ayd9L5Vz5PJ5dCElt7vJxv8k/wq1Lmuh1G/ZjB8vD7yWg644IFLnFoFa7OTiYBP2C1KoBBiFpHlW101rYmkOzPiu0ijzwSNJoRq6NUyoK5FUIyAl6fm8bh6RcSsWra1EnxytWXnxVrI2qX6ZhWbZaVnxE8kGVoOC969bZnvvMM1OP/bfkHyEqWp8yAkVb4/ULXy+1yQ1eyLJ8vbP/i5aiwRkJICA9PzmGw8lsRHD+YmCcHix0XvRCF3IZf3KlT+2+55ejNm6qdbRwxBMoiwW2llFjaU4MXMXNMXgEoMRCk6EKGxDJ9AHTUo04k/lxAYmS8uaOsI/zxKUwhxXovE8CYeNXaCTYkt5EfwaNrJXt5S0CUZKC5Rb6Z0F7Z3pTs7myjKU6vgkIcpXgpQDq5zBy++TFzn1pocK3VTnMijTw3JA02ep7p645c5p9Anv4KPeGTgklWRFJHx5AlAWDwlAhhVVWztAlU1IKQJJ1LlhrR2w62w7/xPvtQbmc8Nq5z3gINYzYygK5KMhOD7IeCn6R9KCjFzeWCMxno8gdp5qjP8g5olpZwKvD+GWL1/zc7vnr8+ZTZwBmubKAl7rJk+ak+jQAJBNTFbLNWvm9OWOlXRgCQH5EPaOz818Xla+GZ/p2d4aKuprzMhJVgwzt8XeiM5I5SsHaGKy9H6mWcu+V2TYkfuXDy1QVLSsj9uC/g6LkJgwlSuTSz6ER5RH5YycWVa1q8usiPWo32vQ/yQOLImAzGiwobWL7OA9ZtgpnzxE5BaUUiI3I1iYV3Ekvolqqg5Ra/6+YEEhajHaIEjvF7HgRUfhkRwyBHF/yU9+a9f+6iGraJltFZhnd5ZNJeHvPtyCjEtpzid+C+MxmVI6NXn4q9jxiTUyoIol6OonpykNawd/MW1oWIMVKp6YYBTOLmmiUgCkQRMdGy2dQOOGIexuMHWptix9Yrmm33jfjMpfmQYtGQyJ1dLSqUKko1z/jqbvS3yUYBsBy82h5gb5mH5m0uEnInPWvn6dHf5Pe9nph7xZeTdM1OLcgQ+omHyK37M+isGYwdYf4thjO9KlwL/5O2zGFLXMPcab1hkgOtEP08qEmpv/8Hf75o0/t7oJM5BGWAeK53Xufjj5Ov8ns+2WxKVAzBXFiM47Uw1PM4TCajEp7lkEst4PB0hSgUBmmIi5BWwcIdwZyUdQcbJ2LDBNZS81c2o8NmJBc1BSpIgAn6iZOmY4xvtZLi7LLGfOQc3PKU9S5CQxcjLrI/sBRUgnTsrrk8imXD2VDDo833O9IxzJ9o1pe7ZWmuhJ7TuydS6EJNnCahf2dbBtKkjIOe/PGutbt8o+e/i+dvSBeyAtFLk3YGuBmHNjafKrhNKK9S34Z7QCGckRyDvmceTyUT/c00dBAw+DSECvqqu3Xz32kp13+U+tp6FF4p5Sw+fYC43Lh5YBOdRFTE1zqpqamYD0UujZqaH5d4rfakz4vTNgc/KCObGh69SoGkBqWRk9ATk8uNeckWOsJK2rRbRBxZoBjM6VJg2EJTZWRYKti+z3WjNyGvg+WLjAgX3JdmH5WF4OPAKKk1RhPRIZlBH+qMAWcUXrRv11zwC16oyEo0okG339U++wt+6+ACu+4UcpFdpX3uTMG/gpYWTHhkifUcbMsiBpKEmLEo+aITB1hrMgUwSzVxSKjfDY8rX2+YtvtuW9tWBmjxUyeE/TMgjgiG8DUOVAzgROsGbSyAn/Ccjpufo7RmARBJwJra6GRkfyCh2LbKRlzoOjzIP7pfKlfOC+2r8z+VAYvHKUxFHw0rlKAs/vxuCv4KqN1AEF2swGgXon17VjK9OmLUw5I7M/5NDKPLDfkAikhHjkTbCdUbYqTsFTsEU41DGS0D16yUbU9CE5GJbr72m3ravW2Dc++1GbM7UVz8LSKVloLHMNaeG+Tjid+IQl6QNJJmvGyzRNzz7F73Png5HxYL7chhKHACQcQEgHztEhlZGJ5Ry8ToMaYW3QwZ+96Er7+xKk7jVNwnQypp2Rvsf7agUGJzMQlaB3z04koNO6sSwaEEzterrUXGeMHJUpNptizT4LgzTLamtubkJ23YCtXb9BKZceNnKz6+POA+9c5xdjemz4GONVRSCrHSVzAsgoYz2y/pqbx1sbEuI3YNZLA45xjcKSLWeaPH68eYy8aSBnVVETKHIf/Me+7rXGxkZrHt+C5VJd1tbWrkktpWTGQlt961VMv/vTXHLwxVXuSsPYsMJ2nTXOvnnSR5FTQmvMqex6B6AmzGI6SD4P/2GQ9cSqE1S3FpK2mlQe8w8lQKYR1lpbNH4fNvmgTOCrFonRKXbIypBhvnfjnXbD/U/aQOsc6+yvsAZsl+KjHJWXOKa94LChJvRAfFEjc2raAc4K+vL2ou5MQC6G2FJDusxwNpnQMk6ri6lDly9fgbIiEK/7wlTxugByzsiCzBghOrbLxL4RC07MlzEy2nJ8U5PasB/ksGrNWoHE2SQPd/JJXlfv8M0Dsr4R9SrTAam2BULQ4I5MAA1uTFg1N4/DMqoGWA0vYw3KqzvyewJT6OqkLcfWNCNcJZccCqPWOjH796H959uJH3wfVm13a3lZSvVUL6nMeVv0I1mKS6jYfSTXKs6mEmK4thTI6hA0JhiZiws13YmrqqPhKzkisWTllgefsIuuvtvqxk1FeAUbd1DfDDE53mOQEu1FExRt7O+5VE0FiG4btVlG8poV0gszN3v2DKQ1guXwv1VYdSKNlzl4bAyCnj2Xa+TXGsg58Lzx02QGB2gNWGOK0jEpK6ptxYqV6ADm63L0FTRh1nEJiGOVQWFGNwUsH/liYjmT9EbRLpUgGobDps+YKcbrhRVetWo1yMrlpOvh9G9TDxn9c9UmquTJshzIkKBty+zzH3u3vWfPHa0SmPN5guFEw/cyRsa9KHe5aFl8j89KpUWUQymYTIaPynsLuFZ+fPka+8zXr7H2yvHoJI4g7ofgc0tcGSCHjY2VMW4O3ARer5Cb/k2BqlxvuWWMmAt+ra6ptIaGWmtv79C9kknKmjQx/UaBnMqyBR1VYA4BJQbaANiuniuxMcD6KdlYdlEStHKaWOC1wHVuNYaHI0tLViwvWySlYI7cngqnS+q4M+a+D51yNSbeHLD6+gaZ6y7o+H7IxsyRomXTZEpaCb3pPhupFROQU7opU0CHOKAHum1q1Tr76okfte1bW0rki5NYJC/hpv1wDIlLl4xYwKwFrYyyDNmcebHUKQGmuPdYEvoyk0BhB9ZdnfP9G+1PDy2z2olTMQ2J1QByBhy4GmU069TF2PLKV3f4cnOR4hgYuRikLx+ZYmJ2Pp1JhdkcMLFDg0cuWIo0Y6U5caf/IXREPiEjromBlDd7zv4+qbK5r0z6oEweugqNLgB7nFS5+Iytxt5s1KA+G1daphEdplELlM92Fi8ZZs3YVvKScBUBoT4JUiDSSNoaUFjckBKK2FJqDNes7nNsbstEa/PRgRWOn34AsIL6eM1KO2DeNPviCR/0MKbKkJ5Ln82Bq/7j9/V8/s7y6qbOyEzj9CCV917u4TpIuvGFWsQAr7rvYbv0tt9bU9NEbWlFwKaXp2PmU5cJ1NmMXRmQy2XqiB1XYDl/TpRSU3auk6nxWPFkzlOGWypXum9sHxIAjg6hho76pqhBEU5j1anDr0uCiZUmo6QYuFsM3+mIasedQu+R4nR2cXrbS+S7C7leTfnQsn1yxlzSabY0AUWskSMutxJphEaIkP3O8U7HzrVHPM9JwsGbLJ3fUyumC2hOA2Zjce8iI6vfcCe4Vlg2BUuPNwYQX/7M+95ix7xjb+tD5CStk/Q6+wBzbBaNubcHyzyPcWTFLCIgnmQEP1VKLthkEDrvsWWr7cSLbrT1g82g9Kggb8zRE23D/Q8oLbIV0GGF0rq71Kw52RXMVLR7CvVIa8YkSN5AabhxAiI3xcX8Y6+uD0kHqQOAq3t9OtlLocSiQkf5NlA5Ew/v+DQ0hv8UkCVrIuoQpKftqZSG6UDm576g1sNIvsyLPeOEQECq5Pq/AzTPQ/Dv8z7FdpETRmlBvStiCcaQtXJSKm6/pTqKEBhLjmhRTDy5s51PkrgZT0CmGU+DLWdLL3dettHAnIDs24uxA5IdRRm4uBcJ+K29bXbRKUfajtNaJCFS6mk56anOHAz8mc3sBSOreqx8JJST6ViNSiQCIRhjJ199k/3liWXwFltdDwtJjDb49wQONjwZAd+tZNRCAQsmqccCyUBwEv05Z/ioUh84+tycFRjZn5CSvfOEosSkqhx1VwJu3Eu3xe8ejUkgCVPFHBE4GN1wxJRrGwlJYbWyDhoJwix7Ykaxk2yaz5Cpw1mNaJeiKVYEUGXEtTEb6YwcQA5No20UBOwY/lEffszNbRgFoSPpkxsOQH8FfYm5UjjPP3EWZUNRH3vGnLobfZnt5yagOdgHmBseQJYTzYhUDJDRALsxVlYZeD+RJjecdP+Kr2qWdcM622fBFDvv3w9FhoYnM+ljXR5huRSd91sEXsDI2xeShlKHqcD4NtI+UMkqu/1Pj9pFN/4Y8eIZaAPsXSD2ikKp07wj/IFkHU8HzBLVE5rKERF2InWBuoGASLm3wndIHj0zOkLv5S+vUBoWudzxhuNAgjeMr/ZV1mI9HLxdtklvh/Vi18mZE+psu21m2+RJE62poV711kRBPK74nNQR3nrpeVH/vPGihd1S+fcL//UR4CXLb1HWMrlFcWZ2sPE+bVgpsnTZSnt22RpspzBgdU0t1lc3HnvkIV6N9XNV9B9k+tPN81snyxEMEeB33ezSIvGJD4CUG+1YizrE70WLVQyRjibHEiPLV1KREjW51eJ/sTOH9Xest/886t125BvnYZILG85wMs6rHmPUy1EuRaWRUxqn0ieVeOOdQ9Z9tq3LTvzq920VFu72V43DHXwHGzkN8qXixqqrg0670sQrmcq88xMGXOsp6E43iFqP0RIuwAxW43eyhZSxYnlkPeYhNjfDbl494oKyyfYo8QEgxkaI8HQHO9bazJZqe+ebd7O3vWknmwEQ1+Jbvoj9//8XfZbnVq61n//lMfvNHx+xJX1gZ+wbXc3cb/WH778hK+FjRkBNuRPaMoB1DUpL08pJdKQW8CZ0eAu4qV8SkCLpqMjC6fdyQKuvQ79reZYc3FghovRen8rvRJx4+vgau/a/DrFpzY35SpHM4ozsiM9hGqeAzKUwCQZoBS2FAXV949Zf2g2/e8gqW6aCjXuzzE4AACAASURBVKu0ujdaQT9zSeKaxVf3unNQrp3CSKqd1DxJQhDKbGiKfq68lpeaQypZgOx52fe8yTMdqV5LQPaHENtcHElDWoO1goPtq22f7afZcUf+i23X2owyAORKcoqkchXSG0vsIcuSmCpHeipdYhqZ6HjeqEOh+KXNGi/uxDm9cNkTI0NcbV1lL6xYh4Stn9nfn0cOODZ/5M6l3DcpS4ElGXioNdpKnTasfVXtMguZcpWzSZokmzRAALxYRS6rV3AAR5IXLiloWVI7hRUX6UQEikEp3LNjzWo78oDd7MTDD+JuiCIf3+0zUh+yqEZIC9x7LleIaPEpnxRIHsIMSiVCbX9btAzT0Dcg7IYG0qYciF7EJEkCM5vX92VIwME7MZPnICvluHLdpu8VLHWJk1Vs/AB+CguV3je/Qebde8+omH1c+kgWWr/Y3va67ezzH/03JHjj/Z5OpBcStNxJyDfxyzaeS+GwZNYkc3JBkWa73FdIhjKct80C6Vgu9gcIyAonui/Qh9HDGa5V2FPvi1fcZn96crENNs+Etq2w+iFuj0t56CuuPSfBGzT5FcVwoT5JDF0oUuqvJPEEFAKyQCb6rHDv9PWi9UyyJtxMkZ2/3Gp4qNKxRMA2Qfp97aQP2p7TJ2nvDkYx0oj0++aDk3cRI3vUwp0EFRTTlH0A8sk/uNPue2yJ1TUDyEyUx7er5Kh4pdNWVu7ssH50wjiz53HjNPJHWnWSNyJjwsPNFvMQiqxebJzhXV+EWDIZ3tjqH1ibga5223VajX31s0fbJIxwThf7gk6P9XojuvlTZRTY5Qe58yQtF6tXtGYxdGWEUEqy98YCz9Jr4rnDxE3YsSxWnxGn5BTj6VVImlrU1msnfe0qe64NAqluHBLbu3SnfjqMbiqHkUr2/ARCdqMTdvbKACvguGST/CtYzXRNSkctyphMamgOAHeWfCxaXALZB5rOf8HnTDzrWrfS/vl129i5WCJVx/xmPhulioS9KEsOZgEZo8AZGf9QRHmQ9z260E6+7FYzLFlieIdx4ip5s7GHAqleAUgHjJbxy7TiP9yCNYCephwzUIWBTC2V3i/XX97wXlDf+G5jB8yMxMhRIRpalL2ma5Wdc/zhtt/2s7AdFcwVRzjLSEBGuqh3SLqXD9bEVCkykSISwygh2Cyz4ZuL5EQxMfhG/Xp6jg9BlW8QoK2qabRfIKX23EtutVrkhXfxrBt2vMx2+Dzss2x5UwRmN1LOEodOuSEBZB5YVK6X2VaRYFRk58TEYtqYZCGQ03KzLNLDPpDmJpYQ0cBAaehYYhf8x+F24I7b+ur6GIzeBE5AadgJyJh1wgQPWYgjGIIbhf78xXfYAwtXWPU4HH2AqcGkN52zndcz45A1fgxpbXGZQJge5iYkrR3ju4nJdS11DwdtIdvK2a/UhIwc3smBnK9Bcx0nNoanv9+8yXbeZw6x2n5sUshjHKTlVYpgKu+kLHc2dYwInnIpLfAMZsqa0AVMFibbXACPdn15xaONk2MmkKU+gIxgVlkHXNaTvnK5PfQykn4mzMS+eiAlPxLHO11T4mV2INh49GLkoVB9mZY34uLls3+JlNK9EvB9wxt/+eAo9GmRAFQfhn35X8i9znW255xJdvEJ79e+GPLiAlcJwKn4DuR+RCzJxmRdiO07H19o51/6S3nCA5XY+xYOhCqA04C0u0JMObNEpZrXgeyfJ77w+K5HRLwCyQP20Yr3nBxlKnNG5L1T7FIR9I1xR8CKjZScPZ+EoLbqX7vWTjnsIDv0wJ0xKDFrhOTu5Jh5mcLsSiIVWjkYKPPuk1Th+zFVrkKlzigH3xaAutzrT20lK6KBRSCnQYUkLzBWLSTT9fc+YF/4/m02dZv51lOBDcodxh4d8rUHm8XKqQoir6KCC1Bme2WQ3jBw5C/FaHHS8VwNvlLURKt9otk8dl+Id6dn4CuVldipqH2Vfenj+9rbd9sVK0pioSwtS0jmdG+XFkwEoIAH+HoRNTjxEiznf7YXQEZ8soKbOMcO5sUGFIGzUaPcMVujuXBO4zNwnkxfFJrXpxAM454+TD3PwM2Sg9xTRpN2SiPZO23k13BGltShmcIz63o77bufO9R2mz0JecuhsyiiVIQ0GGkRvIFTSqZAE3Vg4XypV8HUJEv0GgA5ATeTWvJF0uAN64LnaHf4mCjQtXiPep/JSHWIuT7w0go74bzLbKAaSeqIL9fW8UymGJyMMqiCYf1IHjGQRxtz5QOqeB3bmOVJ0iXlsRMRjKxk8oHPiTbKrLD3sL5bHocWN6jMVdjgvN3eOK/BvnL8UTaO8kJ1RwWwFZOfIeOYUNRC+1owiR7ZT//9+DN25vdvsf76bbDtFUYRvpCLiHiEtDDuSWnNG5dJi1JGDlMiSMjd9YQfpAm6w8R7plFZtpNNBPY3vbIjB3JiZDf4iEzgGROre+37pxxmW2Gb1grMVHLWcnN2AtoCYn3Nv8oclzZs9t2DSAUdoArsSdw0HttqYaaP6bbPr95gHzvzO7Z2AGyMyZ/6hnGeo03YeFJFRi8jOdMbK3D5YHM0hD/E+5MPRSAORP9HktIhDSO+SsgpSSVeSeIgMvDeYMdq++Kn3m8H7by1NhD3sF8+CFkunxAZgDLGCo/Oqno7+7If2+8fX4qTRcf7Lo/MUNI8fjhcDOcEkIt+kSwPPU9WLEmLtE+F5vWRKoh0y0bMnnVAs3JfXdoHz8Pw9VqK5kpiqCZOHUmYJXs1YnPkQNbORXguSZ1NwUHcWt1jl510mM2eyDn8fqvFh0++tNj+94nnrK6+UUzM2/vki6cHcp817rjOvZ2L1kKdJCmSqxDv4PJEn83DcFIlqe6ZSsksOoEyqH3VmFw+fcp0HPC42ma1NtkB+7xJZaS3v2TdOjvyjItsef94RJjgH6AtGhrHWT1WgCRdLaupySxVJqtIucbdVA3cp4h60/opRZW96I5dc0uzohTr1q+PVAbfMthxGlGfgnwreX50KTct72vvtoN2mGjnH/c+zAUkAIesCmOTTYhQ8z2wcJmd+s0brBfneehQGZp7X9iV6RjJ8QAyMJ5LCwHSw2+M1idQkwmkjlHBRuw004AzOfhagaB3JfKZ81kElpBmKunhVwfklL/qaZEM9VQIyD/43CHo9AmIr/daA0B65U9/Z+ddcgu2uZ2SLelKWq21tdUmTphgixYvRm4uVyS4hsv7PFio4CMknb0xU7w5bOeywcGmIS7ZheVnLD/ym3eZh1061y63fXbfwf7rk4cpyaYG/sBi+AMfOv2btnygGZ2OllfKq9m48c1WBxKh4669lGMCbFPSYlNlLgEyE8wIZMiiaqz1H4fBMx7ydMnyZYqGaf2RgJ9Plo12f4VC8aEmr3F9S8dC+9Znj7Cdt90aecmxIifF+nHnmKJGZBB0/bUbf2l33Pe4VWG/NlyrieYsQzB1ZgHI5YycpqgTI/vUGIqCyjGxfDqC213t2EoLA2T5ujWQQDzxOHorplZjvG0RI+d5BjmQryAjQ1p0MdEdJvhH9/7Vzv/RL7BObTw6l/sNM+QzoINwuH6Nv2/A4ThdOFfEDWXy3p0qShmZ5rMw2EfV8qPDosRsC7RBlvqKLw/iz66ubtt6221txoRm617+or1l13n26SPfofziWgB5EQ6O/NBpBHILLA/KKd3vU8FNWM7EHe/F+nGcRIq6lzrtm+Ji/3xERqZ0RHvOmD5VVpgJTivXrNE8hOdijg3I3sr0cQB6yNChNc/bB/bZwU4+4mCrwDxHBVlUURhfFT6PZ4hwZu+Ftm773Pk/tNW91dZb2+BH4fJmJSaz1NnKDXrRVPgJovwep7nJCFVi6QEbN67eGrEQk6y4qn29N6afRqNil57YtnmMnCIeKUE9OXti5JoeuwqzRDMnNmN9YT8WO1bbTT//i515/T3W2DxBC1f5NJaVZ4aMB7ip9zo7O6BFsbg2suJK2LZYeRZdcug1fMU9PYSYlk8Rr9hVDYw8ZfI06171sh1ywJ52/OHvFgsSyK8AyEd8HkDuJ5CRP0KWZPOriFhN04TJEuhpCS8t/eci4chiDF9nrFalRB7wfvw+VRpXnGD9XfP4cdrAcj0Ws3JvQJ/rd2yUPiM1pjv5JbMyjJhJEfQhKtNn3//c4bYjz8gexKIO5Mj7aUaD2MQwVohch3yK71x/r9W0Tree0A5JQnn4KbBW6KsirH2VgzOVcm4p0tG42udCqX9oLOaY6kukewqO5HXKJQjHz5lnczVyAnK2Rs+h6dICQL4ajDy9pcU6eaIq0h9v/fkDdvoNDuRBAjlkAgcA1ytyrJNNFB7SgM61nZcwWLrI1q8VjqWLPV5S3Mc45U+zrFo2tW6pnXXsIXbUO/cTUOpRr0XQyEecfjGADCnByAFBqvtFZiHA29DIxbBwAFWnaHdZ3BS6TLH1kSuUR1ZCI1OCkj2ZsyIH3h096mPfoRWkVtDCKQqWO3plQNb+JtTbBLwnoFUi6NDRsdI+94F97CMHvB79iAGNunAXOfpyC+bB2evu7Rv694tuskeXwIzWYwKEY1eVigolXJUSsjo4vTSYOXJE9up5gUMzMqymwnFuLtL+cdkh4WKzYgw53dUdiRFHUUkbs8H8+yMCGRr56pMOlzlmAzSCkW/52V8E5HET4A8UgJw6KdtmL2x8avS0FMxXohRo+VXIiVFxr/Zwik9E78QQYTh+gFBbz+pFds7H/82OePs+yBpDvZBWQGlxxOnfshWQFiVAZl/E8KCJbwSYq7VS2mPi6WHeS04lBWYZsajlzO2htfCJ3OjrFkxd4CRH3l5lQIonerjRR13WsnFqAVm3p2e9vW5Wo138uWO0PS1XlghDuHg+oxb/+/QLQ5++5B4bqJ+o5HOG0zQVHSw1+rRmwZ7Gw1X/SJz2IDqjHrHrpo4ICDaTx+sVyrdQdYbO2c/DLN6mI1U+tW8O5DT4HJC5Rr4GQJ4OL7oDQG7C6ttbIC0EZJy0Wg5kaT8OrMSMjKoU1rCN1fSOCtT4YKRwVvpO0qxFS8AapeHTg+PK+lYvtvM+BiC/7a3W2QdnGu8RyEedcbEt6xufATkbBLSaHBBsGVibBkRsCGb9LTDTOXTISX/GIB4tmqEyinUjAhEhJ5+w4SSYywQnMWftkh319b0IpYmIUmc7ZqIDSKvUfVoBU9GFo54/c6jtO2eaS1cks3HAzKO0+Oqt9w5dd9/TIGOcMcwv4PlRhhLWDUhlRrU4yPw4XTyQpiyAnEZ2pkokMUq7V5VL2XNqP9+21HM3Urgm1zUjd34O5KSRS4AMaZGATGnRCBN8M6TFGQDy+MTIYcoVoioCWVYmH0yyMoW8j02B9bX8XK2g8iGvq77aetYstguQyUcgdyG+2oCdAgnkIwHkEmkRnqnazo2+VmdwhrMOji01szuTaW+kmEcdhTzc/4jV1YXlaMOShiKq4NsBR2p4ZO5lA1YTJ1Qh/KnwQvyjRXcr65yEe6Df2iCdjj5oFzv5kP0hW7GpC7ctwP3nLwAj/+s5Vw693M7dWzgzz0QTjiSOiLwTR+6QHJU5eNFYiqCNrKvT6C6O5rRmTcAvMHIqQ3p/dFBsmpElLQqMfNMv/uJARmafnD3Wleyh/0HCczCz06MNsqR0tenGNeRYwTsWRs46PKRFmpruww5L3WuX2hc/+n770D/tY92oA8+oFpAhLRh+q6MlielgmraESwWTUD/niirE9+uz80mkm2niGUbT74Xp46xiDq7kO2URncKAdxILvyITSHyup6Bm9Uog8/n2Ye878fnECh1TxtAXtAzYd05BFmM915T44JS0eMPx3x6qmABZwXHJZfxKXfSwjRK6wzzkBQutW5AQng3lsUJXyUJCVpli547YgUlki6FTnVL8Nh9RI0uMTFF5pbPGz6VFAnIbpMV4DNgbIC0I5ObmiTmQg61c54W0GGEwbwmQRwOvk06Y6BjQwzQo3+fsGcrUDz3cifzqL344SQtECsDIixOQ4exx8kDhN4K47J4CALtbH2ANIDakrMPeFmw/B3MQUdZxudQUtLLB7JNWRfLOZZF/eZgVju8mTZ23SQyOiGL5QAmohjyhzahtW2znHvcBnLY6DykVvkh1AaXF7id8e6gOWpH6KOkR1jw7IiwBOeLC2ZkeCTRoLKZr+FSyxwk3li64MSZKW8iKmanUlXPAJBF3SIrxztIG05gNs59YJIBcxfDb4Vif12ztMEfjEL66/hd/diCPKwBZ9dRDNP1elFflmrU4MF/t70miyIEsA/JI7efk5FaQQO7AuXZf+sjBYOS3WgdiqzzmV0BW+K3ZalmXuPdIEzbOcrylTybXNTQg/IjNKNnu7EORkYf+lODLAR6+gv+eQmncB8MnXsYy9V/s/5Ro5Itt04r33FdyS6isHidWJBINrn3FDkZM+dQj36PFwxXAxvYE8m4nXzJUU92UiXsfRhponmguze4CXDNNkWrpS1TcHHjehH9Jqy028ioHhWfHOfiKHSoDEXmsSaim5xXvUcyvGImRJ0bUYmZzs7UhKYqMfD2dvRvvsQnjRwDy/xEjZx0abTUWRpbNQyP1ow5tbQDyhw+2IwDkTmjknJEjjiwgk5wSY4amCPnmQ4LMDAIgQAlm7jiEf2nQKIYtqZnLSG/7+K5W1+SSoEg2RUe1CIcSIBfYOR2tkaRK9n2iitgAoPtxnl9tz1rbZlyfXXLaR20iziIkRuYv2Nkq3njyFUOK80WObkpw1kwdt0oKJpD3C3AN4MCbKoz+pB+LhfSR78vUyzfyGAtzjaihWZEkF2T1Ch5u6oyQMzxPOm/YxMjddvXJH4yoBRgZoavryMiYEJlQrpFFUxuXFmOpx2jXFDuxuK+GAJDzR1bfIkhyRkYcGYzctsGBfCQ0cimQv5VFLbRiO26chdYkHdLDwnzjB6eDycCN2HRR6+Qiruw54s7Medv7DXyZWJIapRu3bKqditJJJCbm95f6O/RvFEsLPLgmsQ7513UA80UnHGp7zcfKfizNm7fjLlax52lXMpEUpdEpLu6naZRxVs5HgywufqfpaEBq4PoNG3SoSXp0MinpkMGQN5uqS17owsj0ARMOgZwST0JJP5NFyN9zT9xNx3CNLEY+Ec4eZvY6MKs4Dl76j375FzsLQG4Zz5k96kjWL6QF7rTxyM2YqjXiRcW6ZECOvIdNyZeMJXFnATmkxXBGBpD7mxR+811XI6YfQJFUi9lChhPo3PP8a28Dd3cbGnGSKWY5uZ8Fj0nwbdFcNvrgSu0sZLh/JF226Ve5PMzylPFsnYcYce3MwQ7yopbnGo9ayJiBDavtuPfsaR959z5KMdh+x12tYtczrhyq0W6dGIXcgkoywgM13K2xSkD2f50d7fa63fewp555VjflNGdMgXjGmUImKYwytooVq15cEFk+SrPRKm3m7CFnIDN7EialjAxvZkJNLzQycy0A5H6kPeLMk2t/+Wc75zpo5PHwDbhhY0in1BdbDGTJMR/8JfVTfNX1YJGRBYcA3Eh6Noap1w83lrQAI38RGvnIf3pLQSMj++3zF9uKwUbXyOqPmNXzU+iCVcm4bCsvo5w++ejuPHEqnKDdfffdbR1CXitWr8uSvPIlTWx+6uOiLdk0kNMV5RIj9Xda0JvK6ozM/0BaoKBcDT+A/S/2nlNvF3z241jZ32e7LACQ9zj9qqFqrvEiI7NDycqerqEpZpqYGvTsgvnbYrPqNsQdG5BQ02nLV6yGCeIqhNKdGotbPY29WsOvzEZksHI5kMXcBLGmYZ0VNDkUncVOZ98pH/nkw2xrJA31Acj1KPO19wLIOOh9fDOT7bEFAdrJk/79+1sM5ORkiN8Kr/A9St/My7yxiEjmP+DyfliVtvVL7csfYfjtzdYdGjnFkZf114qRDVs4JP+iWAzRlMJDDnbfCYMmF4lJSJSaOXOGwFOJfIap02fYM8+/iPAsDk4X+6Z/4ShG24/4oDECQCBOkZDwjQTgKHx6pm/cAGxyc/LKLvvmaR+2nVobbf48aOQ3nHa1jrvzPcRYGUITmUuoWBdOMZ01a5bN2Xa2LVz4LIBbZdvNmW/LAOInnnwaXi7OGs5ayiuo+GRJatwYa1PGSjnTolicQaJGy9g47knmiwwvqTztSeUzcfx7ABp/Ym2vfe/EQ20r7Bo/1I8Ds6rr7drf/MUuuO6nSGQiIxPIKcy4pUB2Zec4dlou2qVsQ3ONtrG3C6/UgKAXLyDXC8gXfPhf7YiD9lYcuZ6rqde12dFnf9uWDkBLKiGI+1fTshYemFmLCJfKSmARAs+FQVx5++0X2JrVq621daJNnDRFCWSPPf6k9nfWBHQG5OT0vTpGLpdSGUMXE/STlWK/e5K5CJabmXa1rbazPvGv9n5s8TCHceQ9T7l6qFrJ8L6RSRUyjXjiDrPYdt4RF+C9p558wl7/+j3t4UcelVZagJmUx554Ep3B73iPuHbKZ2Q2u6dG6NdMUxZPdeJskLxsWkIe0E6Ngz+4g3mEsH2NoCfWT64fsCvOOtpmIeyWXjfc96Cd/cPbbBwYmTm62SYvof+0837q8M3Dm64Ww5DR5MTE+dAsc4SSircsjcAUpVHpgzXPxAGNgg3izJYN65bjUJlD7ND99swuXIMFCwd/7mu2FFtdipEBZFlZlSm0rJJyuOjN3ycoupHpN25ck82Zs5114IiIqVMm25NPPYVd5Btsh513sWeffd46urhZOSYhCCiBecukRXmzZlqZPRfbDUgWxaSxHhgnhpFQO9euxu6dr7PPHrw/gIylTnueejUWgvCQFugdxOQGu9cgJXDIdt1lV1u6dKlNnzbdXnnpFYzMAdtmu23tsSefsXlz59vzMDdsXD8ZfsuB7KZOrTM6dJJpFjsNwSGpgVWotQ50BNeucZpTxpwNzZ/AUF1Vn+21/SRo4xqrgrRoRk7uE8vW2l+efAnLuxA3jefFN3xQhhZNkZk0o7bpwRkFDL+Csoz5zXSc1uOMk17GPbXOzc1mVp1Ubw0kDQWVIhtMMTBS2wyCOXt6OuzNO821+bMmw9L0YlMWQ5pqpf0CW2l1UfezL+Wv+JRyevlzfVUOMy8GuRMmZNd05BBPnjzZHn3kYevu7rI99tzLfvv7+2z7HXaCdOm3dRvaEJprlG9EAqOMcwfP47yq1Ba8hs8vpLbkTbmbfb+1tDQZqoqBN2DdGHBv3rEVZ10fZrsx+22Pky7XGUy16OB+jOipkxqtu6vN5gKsi15eZCtXrLI3v2UfewSs3InlPzU1DTLxXTj3oYo5oWLh5G2+toyc2qUoM5K+JLhqEAZsHt+kMqyCOeQqcAX01VEkI7LhACTSBtuwYT3WdXVbE9qnH+e7VWMDQG7R5Wzs2PHNAmMPD4EnxlZSa/LqAxcjjjdnYkV48J9emGsehDMJM6cb0PArV6/BxnxcUMDVEs7czm4BgmwQ+9++Gl0uXvzE9TRAegDMKxLt12GLA6gKq0PiUD2WqzVh9TvTPGO0ZGe3pLbkooFqLGpgAnwNvsij5nbfeScchNMBJ/4pO/DAA+1vf/ub+hgL7G0aNPIyYKAbmwo24N6V0MoOXjqJxX3+2C6F2dgtADVrnPMZaw8gYyF0U3O9NTe22tpVHdaxocNmNvfaN07/iL1ttz2t4qBzbhyaiDyElxa+aPO23QrbMPHci0n2yCOPgYHn2ksAcw/SBCvAfJ1dPHWaChoA0Zo779TcSfnHAFnYiUZKepmHocycPgVnS3BAVWOXSuykjwA516k5I7PP2SBYoYK/WObeDqxQQceBv5B3XQUPmIe+xz7AARg9i/gSkGKGq9ApG1eEoZGFQp4hV2GzZkyXr8HZz6UrV4IIcKhmSBjHcQ5idzZTDJXlSKxdYLzMSeOlldaD8ATr2cCds3EvCMOQDWEpNeBCJwHwTVjDt27dBswE1trcbbexieMabeELz9u2224LK/uscsWbEEtmv1cxb1n5GmR3DXGs/0M+MySH5BP3nWYIL+x/0WBubAZ30xh3m+G0AauBBP2WFs48Ige5go5ul3V19FlD9zK7AKHVo9/5LqvY98TLh1632y626JWXrK+rE1oJphCRiRbMer24fKn1oldXrVyDhHx0gI7/ClCNWJpXb15ysc/QFPUuFoGikaoRAGcsE1stZtIj7b02CQfNsKt5BttqnEbEI6sYE01gEzDYh9EknOnq4nkjyPzi2YCV2IoVWgpNhvijrvPjG7j+UHs/K+2EGYGe4+AhnaIkGKERkrYGcKsBitaJyCpEVIELWddiIaaOiFC5/EL5GLgnHS1JGKVS5iHQFEkhyTKWpNqEFGH5fAsWzvh5kvmg9qdO4sQtg48V1Aky4vWQDMuXLtNEAtt3EtYntuDfU08/bTNmzLDHn3hKsqQfi4UroSNq9VwP0Wm6AU+rbyCYPWKVr85+LRk5DT6CjWBGUlR9FQYhjjBDJKajnWedwOK1r7STjjrQPn/MB63iHadfN9SD+PCuu+1sjz78sO288462aMkymzZjK3sB4F4Hk0htpEgXO1em0x2HTWvGTY+9dEWSD5rHxzP6YQUGIXEm1g1ZSxO0bDh4xdgx93MgG+tMwHBCtPo7zHtBGmZWg6WmV752bRueU2e14xFWigwaZwFWiyzEe1dZC+5fjQ0xtDE1PWrJi6h7DJpiLZ0AXQzovD06fZFRlk30qM9Jcb4QtBtmnsv8GbttxEJRglamlXF93Q8b+2ESpBrhpZQ95qbXLU5GLvHcZCVTubgFAldZ93XRia+0vd/4RvufP//FZk6boe9yCVRdfb099PdHBNQOgHwAA7Cem9nwbHHlWDig06yCmBnRE3EmBqcGj1KHPSdjUxM8oyMj4cqPN1VLchIE8WKeX81DcaqraNVqEA5eZ0ftv6Nddtq/W8Vx3/8jQ+z2yuKXbJtttrNFS5fYZDh4zzz3ItbXQZtwDwq1FFdW5+uttsx0FKqROTpsLqpZIgAAIABJREFUETQ4nseFnzOxt8i73ryj7b3bXCT8YA1aHLCYjLfEAwdWwErMleRHSItskAS4XHJgw2zo5aeeedF++tsH7C/PvmKDYKQKePjapJEb0eK6rq4Omz93K/vyZ7AiQTONCZxBEnx8+VgWuPzlAAyZwvcLksAZ0k0/2bgNAFu4cLH94rd/tJ8+BYkEYHEVBL+mDfzApN8++UM2dzqOOtNkhdcjk1sE8DBnywtHh0wJ9WD6Pq7hwz9qZDK1F5dhTfQxfvbjmhUrV9l///nvds+fHrP1SLKqxdq7gX4ANQa5fBDF3CuRaNSoHUE1D8tIUSQee9zXF4YOL9foEM4bjw3jlsl35GdDxklj/JXCA0Du7my3A+e32B0Xn2cV7znnR0NzttsG4Gm3djgPHTiMZAkOX2xsbNF9fbI4LYfxqm+scJs9EmViPX2QnTfQvtbmzpioGOEOUxD7TYBItRQo2MPxM83RsyPTEop0bVI6CXAc4ez0mAbtQaf+8O777Lu3/8aqsTMPmYu7j9Hk9nZssJ3nzrarzv00DsT0R0YrjKEnyi5JAN+4wNYzbrjvIfv2NT+xjgqYUfgrlQhFVYJQfvylT9kcrERPvFj6hNFunJeajifzeWnBNLNI5gTYmjAdne0jV7jpX5/CCpRLr7IXgIuauklwDn2/EGXDiTAIsAAzsubkaYTV9EEWY7dsgG2MAIt+UGKC/Oved94RtHYoDKJQ8yZW2p+u/qpVfPra+4aefuZpSIrd7cG/PWy9NIeYNPAjGFgYUjv1Yum06lh2dhwTawdTaQRjz+JtsK/HhZ/5kM1rBRNw6Tfde7VK/AizG+eoS8f64HIJG4GAEcHmn1EeoD4KhXEv6Aa76JZ77ZI7fwuvHItRkZhCJw07oNju82fb907/hDXSfIsFIjYcmsXh46Mkrd4Qw4Vl8EJlPTr6AOBAlgyhD11lN/76f+3CK+6yiknNiCr0IyIxYDef/ymbO2sSJBcHIp9BAe/sVL4Tpsa+aw8vCxfVgsl7uDEOOYC5K/i8HgDMZ+pk0vA9uMXYD4Ia+Imla7EF1zdseRfOCsTkV1C4P5dljjngBjIzt1FQvrRLz6KsGwu55TkXHCxkYyoAbz53YOKeQXraOAjn9E2oHbKnb/mGVRzx7buH6OA9A1Pbzi1XER7iLJ/SNlkonxZSw6RtrnJPW3Uf9TUmsyIdxEEGgbN2mZ3+yX+19+413/q7sSsQsrA8mBqPCUAPe2Zi3E0wXtYTPkJjywIsHQJ4DrvgW/bUc+uxlm02zHkXtp9dDSDPskvPPNYaBOR85YjataTqwfQyqQSDd7TKOcrocieOTp2LJalhhAMHwTJ99U128kW32D2PPG7jYCnqEfq6+cJjBeQ+ODnuDsQaSI0ViVN1fmobaWkWIRKuCGbuL5GO9GKGGw8B9bwKlwJedpdRnZAzTUgQu+u3f7XP/+DH2K52cp7SyWs1OeM+BYmhCTu31gD8PERHmzymnJskSwMnJaHUMuQkwPtStxikqp+3aYwgkRfvUzWEPQqxbdiiu75tFW89+QdygntQcHryqgYD3mFIizhNiSbRQz5SouWy7DTpsXw/3IydRoO79B2XsdBMmH371A/bRDCi78fsDMrRyO4eBIOq22UtCqM+iuH+e2JIfs2BkoDnUYfUYbwajQ4dyMF7yb1/sK9f/SvspTYb7/fAOqy114GRLz3jk5hsSBqZAA325XcjtTFZPM0sZgIkor8ZI6thNTCVUShLEjJHA8tH4SAi/gx73fvYi/YfX7/KqhpakbbYZbdccKzNm4WdkQBkrjPgOYfFugnWtBg+RvWcVC7emfsSay11SDkdzZwsdbB6vm9xWF+EKLuxC+YHsJ/cS4jd1oB5edN0Pr2iKAEyVodg5vG/miRTOytxIMs3dwfXIZPyK+TcF5xDtUrRmoQllu2LIIMiPRgw8mmwP/Syuy+2ir1PvtzjM5xMUN5CjGqOKI6M0ESpP1JJdJpoeDvhW/qAKWiiVMi0jF5jqkwzqWF4dgS89nfttZVd+OF3AUR0uJS95MOElcHaHW8DcUA2gHx8FCk5jZgiPeff5MaGXmwHWtoR58/PLrJjv3SVDQFEmiGEs7fHgpl2CYDs0sKxpoQi7i8Xzudo43PM7+N+NKWeHYKwF9qjpqrfXsaeZ0ed9j1b2Ys98xAmvPkLH7f5s7F6GF47n01Qsn+UMc6Ny7f4RXnD2VEPOxJLbGVKneMvvsl+/cBj2AeEK4l4cJBMjksL/Mqya/01+oz7ZpDp1SvEkPSsSyf2vXYUZV21ssiDh+W4SThxueG6PElZ9apSVDmgGH/steV3XQQgn4J8ZBY+UT9vLRJ05stJN9G7g0jnE6dRL31Hr9ULq1TFWMBY9Kw3BuQ2bNB32IE72ZkHvxXne/BoBJ794TNUzGJ7dvFSW92ByQ+YRO3TnOCbMMwyJ3MenykWHLDnKGYW306YoGjkHnQRpmNsmVt6Pbp0pR1z9g/BxYhdM0Gmuw2MPMsug7So10qLGIQ0aajfwlVttnDZOk0g+Zaz+XYHPvJKbFkMQR9E/aDjvmqsfEY9F8yYZZOwnZVMupwp4BK76iyHnP3wmZfZS+sRehvqtpvP+bjNm42jkxV1iER3PLW9s9eexqaM/Tp3jT6wOwqaDBKLRTiyAHQfx7GAgF2MOPxU7I23DZzJFBViFQg+6ulTrrrH7vzd/1hDM+QF9HrKsFGOZM5w6hXKjXqE8uoxaeLWPQndHBsCMurRj7Amz2cU1oibiIrlE2xe6KKvlfqddWB8vxIbcC6742tYIXLKNW4r2LE05xFN941UWEsyr8Zm3FBwDJrnT17H7/tDk/NQLEwWI05g0B1ijHCkAkgdSBH9N8QEzz5kP6xCIZATHZMCquz0b/zA7oFHXzNxGlYK5KGn9ExpeA0ov68jj9PNnObArB4mPSbXVdiV559k201Hh7DLSAZADncVemTRSmSOXW49IIxqxE8xmS9n7wcAch3PzeA9qTcxsVEHoF92+6/tOzf8DHtjTLAekiM/U6emhkidkBXGC8X/QyJVV2N2DQsUvnbyZ23/PXf0LVPRDmzpqsoeAfkj5/zAXliDfI2hDrvlnE/Y/K3IyL61qs4PQTn+hs0nP3HGt6xHshD7PHn6oT+LMo9WJJoj66RoG5aV4b0OhCOPfP8/23lHvwMaF8vsFdVxh5C/n3rVT+zHvwaQJ0zRQgSFIznohAn2BSncyVBgxv3pAGoGkKAVK6vzvVFYnsCNLHSZJS/2abq2xJJrcOoq3GjAVt7+JaRxnow0TpZbcUXXpfEo75TQdc7CeU6FvEo2lEI57likl1iYd6MTkUZZrPrwbaiCRlkgmiZ0TDsmZQ5+6wI75/AD4X0xJdNvqTVqiISfecmNdvcfn4HTgVUdCI4XtXfG+sUaBBNVIaWRrNBV3W2TwGzXnPcfNn9Kq7z4QW6bi3LVII76yOJVAPKV1oOd+WsQo5S0mD/Tvn8WgKza+ItMwp0vL7/793bRzfdaHZwgzjpW4HvZ4JR59m8kLZh57nwP5eG0eU37Yvv6KcfZ/jvP13HJCWiVOClgOZJjPnz29+3FtWTkTrvl3E8GIzNXwuPCFRhwTyxaYp848+u2oQbnveBQzCowFAHDsiRn3SMXJAxveTY63+OWYnTXunF45pHv3s/OOgKyDkBWymZiZNT1tKvvtlt/9SdrnIDNCQFkCgdtvEI2dYHmg4Z9id99OhszgHBaNQMoGLmkkHyN53PUqmy4V/nC1WL/5qSYeiE5pRwBQ7byti8SyNfgGbxjEtN8mgO7sAZGjZzfkFrHzyfWfmk6XdQZNDMDoUGLC0tjDKmSiTG0Kw0arh0ziAfvAyAfdgAiBgy7ualUuAxAP+OSG+yu+5+2hhYcXDnYlUM2Qw8fn8ronaVUykEkQwGoXVhNPQm8fO15n7G5k7H9AQaDkoTEyNX26OI1APJVYGTkLAPISAELjXysVcMhVHadBiFSJKEBL7/r9/bVG39u9di9lLKgqoI7TpJuyVDeDsOArGbl0iK2XY3Vdi61b5x6vB2w0/wAJv0UDuw+W4Uw2zEB5AYCGYxMaZE08iDanElbTyEn4lNnfNnW10wBkJHhByALXAWWcyuZ+tXLIMmG6+jWd61faR969/52+jHvV16DptFJXAVpceuv/tvGYW9AMbLm7qmLC0D23socyERktVidXY0wH1tOYU9Rqa/plPxMOeZ4N9ucp+z3Iu70GEkmHwQshRj5jchHJvvpw00wcvGGGSPLQczpOLtGVjRYwC1qVNV5x6vjfS9GJpD3XWDnHnagDZGR1RMyVGDkKjvzewTyk1YlBqTHnt8w+kWNU3wSR3oNZ1jReF3VXQByj/3o/P8AkLFVFg+nDCBzUD62hNLih9aN59YBaP2Y/tx17nS75KxPI/0T08c02wA8nZU6LDW68p4/2Jew7q8Oh2mS2WS4CqG2EiBrQArdQbrcu6zf6juX2ddPIyMviE3FGdbitf22GtGJY85xRiaQbz77YwDyNE3R+oJQB/Ijryyxj531LTHyAP6mZvTZvGDk6PDgTQ1ut5gsDiehkEW3boUd+a597Pyj3iEgO4m4tKDEOzUYuQmyzoFMkihjZPVUDF4xsmNKkyZIceAMoBaxynp5Uwj6Ed4tDwKMzMjR5yq7xyj4c+XtYOQ3nQpG1juBrvKf+XfjN78g34fYxUiJII/7aX8uQjZur70Qgo31MyQJG45A/rf9drBzDz+AZyZEBd0MDcLBO+O719td//2E1YABMynDDklmKnVceo9lwnvVXO6DV1d1p4BMaTF3ChiZObvsMHyfzt5jmJo/6pzvQO9OQbIM1vaBwd+y+/Z2OjYKxGa4uIbOJ8GMDU1Qnqvuuc8uvP5nMreY4ccL/MQOTnow2kSdFdrQDR0ZmZEG7BmZgLyjbzbCQSL/Fhp6dQ+AfG4O5JvOQtRiq6mII/PsDjpiDuRHKS3Ousjaq6dZD0Jf3IKVg0Fb5RC0SqBPfeDOmZKjQmbUQV51Y9PwI961r51zxDtgETxnusjIp159D6TFH60IZOa0cJV9toGPjFEAPCyTr0/ksysRusNSfqWA+v5zCcQjAXgY5LI3SqWFYum4/wpKi71Pu5bNP/J3R3lbJiRjPwdyeiVgcTQPaoWqL7hkX+poKyX6MHmS6Ha9zIx/B/L2YGRICzg+ur8iJ2BkXH/WpTfaXX/C8ip6zgCht0RR7gQDlQMZuyexK7tqAOShLrvy7BNs3hTqbJSFIUdFASrt4UVL7WPnfxdJ6a3YH65Ckw/bz5poJx79XkgLeF6UKbgPZUgNGfmu++yCG39qjS3TrQrsOaRcAEYvHDRRwNK2YUlCWnCJej2kxddOO94OhEZWHB+DhCqvshLSAlKX0uIFMHIjGRlRC4bf+glkamQOHOjOxxDN+cSZ37AN1TD7AHYVJVMMHkm/AkPJEobPowAe2phWhoxMIJ+LTcNdIxPINP1+0hejFgTyuFZqZAz8AiOn+7n3pXw4ly78i5MmzJgEAVCGcN+MGqQDRwHlPPvOpnFsdMjJIimOBmq/xqMykhZk5Lzhy762ESBrzEf4bRiQ6eCJbTlqcRPqaCzFr0Gj8MSfDiTJVCBzqhL/2KCMGhDIH9jPpcUgpIXijxHAHwBwTr3oCnjOD1rtxMkg7FhgJdDmjOfYDnAH81cByPy1u6LbJiM+e/PXTrX5iFowc05Lj+D1Mpz22BKw0plftfGTFtgeO+9sbStftvZlC+3KL38e2cu9WhmhcA/qVotc3it/8hvsen8XtqYFg0PPMuDlxJvEaDa01cGyYoQ5B7hi5HCaulfY10//jB206w5aPUJtyomgyqpexI/Njj7rUntxHXKNAeTbqJERtejDtL1PbGDqGlGBR19aZJ84/UvWVj0Fz8f0OiUTnyUnik8O2eO/4fmeGCUgsw+xoKJj/Sr70HsOtAuwmFUzfbIqzpxkdTLybfe6s8eJCAcyu9cZOQlj3pO5yYOcQQTZjEPkgvk7mF6yaoC4ApasGn3OFTMiIba/SjIcaEVpMTKYJY70kRhZQB4VySPdImmPUiYuXpl1JTWWEr2xNAXJ5S3IpJq7zTb23Isv2HrEP6sQPGclamC2CeRDoJHPRtRCGllBfxfXg/j9Dw8+Ya+8vBhxHewNrA5JzOfAFQOEbUnPZyPFMShyorCJpb3rrXtaKxeiBn9wkFEHPvrKYvvIeRfZm/c/2P74+/vFyG/AqZvHH3wQgASWC13Jw3KY9/wKlsgvXL5Gepk3c70WTpWXpqTx9FdiQ1zLcjHysN2s6TapCTFXzR761G9lFbLQENM76sxLbOE618i3IWoxfyscgoMTnfr6ujWAG2CuO5BW8OKSpXBmPdWy2ulYv3tP5f2UxYijbHGpJoUmY3HFnKmTFapLjjIZmYlcp137c7v5F/eDkafJylYr3BrllX/A/vA6K2oBVh9AgtI8rAGsw6r1Bx9/HDFotDnajY+uxz7cNYg1k0x8qZzHkFMfaoYxCGlkEPNj70HWM5MWfnEC6Kg0HPdM121k/wqyHT18MhhHP/7maU5zkWXXjE5bAj26HEdp1WK5EZujOjTyoQFk7mbEbURTJIV6jNe8Fq8+ha14jAGNLvNoedhilT0NUJ743atxgPxEmzllhv3l/nvtsHcdZKcd/R6rxeyR7+HhM128QcjeLS6SZryygSj9hUHcj/OlMbN39qW2shuHCMHZvPELn7QFkBYE8iDKoxg5ZEEddSfABiWisNiWvNKZ5FrsKMeMZam0T3/3FvsV1gI2atNHnqjqIbakkaWXRczupPci+YurjmZMmwYg19ojWIUNM4YDSH1gMQWzFruAVtMBlMePL6NdfVaR/tFofZ2wyZ6gvGT+jxWkxT+QkbVgBeZuPTbY22HBfGvCyoPlK1Zg/dp6q0GqKFmCGpWMfNh+8+0snFLKjC82oF5iOtfWSUZ4eIkfRPA/eQ/BJl6d8MxlXsOc413ikFGMPiaPE5i4bx2S1h97eZVd/Yf/tb8/8QoWY07BXrzLbUJlt/3owhNlrulh+UynO3QMxKdd5F1mhcxJhFAMq4Tx9BwRFpY1cPUqjag9Rfz7yhfGASB/fPJZO/YrV2Nt4XSrxizjTecdC408FeeaoNwcWNDkNRiAtGYsB/0I3lCr6VRn5ybX7KTnXPJ42qazmb/cj6Hmdv72PBKa/jb4Kx8867v20uoO5eLwntpjSt/NnT31jeoDxxqLgSdjpnA2tpLoRcLTM88+B6sKy0XrpW9xyzXEmZFCyqVfnuYWbTjmkZg0ciYtrlL1c203umQofUbpdcOmFdmOZOQAYS9TCPF3DaZSdbaIKsCdajwSQCAfuu88SIt/ApA9KO+txQb1znd4utnxP+KnesQ7KgURi3bFNZi62PUpHS5OkfKUVoCUGwA+t2KDffLL37Htd32rPfX4s9gWbIXtsc0Uu/wcrD7QWSje0IEWDg1nUv6fEwMCKREUwGH59HshRq+sIv9bYIkj3bRfHo0yy2TIvKsdZ2fgUPu77n8QWxZMtir4FDedDyBDI/fQWmnyyi0LnbGkzb2e7oi745PCkcmXIHh9MLoj7bIgAV4TE2wfDO4uaPZGsOjPHnjYTv3uzVaJnUu1HpJPiDgy5w6KYySTy9DI/Uh+UsiNJ7PyOdxPTs3nC2/FPah3I44w0wE98h1cN2uP7oK0GHnKmpe4rFxx24WII1Mj6wlpxI4NyK4Jcyxp58yss0mWvtWo0guFPX4hluqo0B7i4dOYPyEg7zfXzj7sbQAyjg6GB+4OCRnQO15MFpoqAdYRnb9GLr3HPL3HseQHjct4rJevH7K7xp7AzN437rzXlq7pt7Ur1tu6jlW2N3ItrjgbQCYjU8fFwHE+86U4ajVNZcUAy4BcXpJgxWxQ+iANHnM2BgvWYBPv25Cgcz7OlB4EECqwCLEWrHbjhcd5+E1nMrPh3UKlWVmfiEn3S/1ZDmTvs2TIUqtl/RhWhNqVjtlCWM3/PPsiewXHy1Rglm4AZZHDiHYY1HZqBDJDehzUvlg0C6+KNZxOVDc1EYEXQQLeieVHyLCeu4DyTBOG69IXRgSyt2naJNPj6QTyBZwQ+ZGeljd72IhyhBT+TiapxLOMNsxipsFWLg0cQ4kzWdps7zO8m8Jvh+03B9LinwPIbobS97lmjmu3tNUtG0GTJZsadF6o5AxK26IhaR36uBaNOgO92oiQ0FPL1tjxX7vUVrVhkWPteFvfvdr2njfLLj/rODEyF4xxgxQxlmjIZ6e8VqxkSSNupPXSRxKHw750x/0P2FeuuNPWV2OFTs2Q1eHRtWBhAnnubE/jVD4MwcNhKQVWZN/096baZuNFfBg5HOd++0p7YdkGnL2IJVaseylKNJubMXKBB5WjEYTjwHMNTSAPFoCsUGS0Aff/4IbjHMzcHTaLL2tAeBWL2BKnBJuKkd908nWMkUXn+DTzpl7l+QN8kEZjoLU0lprfLa3jcnOcjL87La6R5wLIZGTuagNzo2SUSN7GveksuK+8cftRlBVJlHBY8B+P8hrqxkwdV0JwrRouaMQ2/g9hhuyj530T2x7Mthqs32vvXWNvnDPTLj/7OKvigYeMearg9LC5QLPHVmJA1GB5ei3oJqUp5mYqSiFecKMvLz0NzugfftoHC/Tci6/Y7//wZ/vl44slLagp+5E4XoeOJZBvuAArRJj9FkDmZADbm1Pn67BNQ49MNmYMCZz0jBCuOU96OZxj/N0UGWK/44QvWwNf5v4//tVux7kyCGFb9Xis/ECMG6kkoVQS5xLYZRMi0dUlk1TBvH6iAT2DPNcmERyJux9tMw4yox6RGP7ufoev+1NysX53jCXsaC0ivrvydjIygSwQpu4P6twImotnaohdY5paYRTpM2f1YYkgqZFjlKZl/YyflgLZpYWam6MbTs0Pbv2p/e6RZ7DiF+csc0Ikwm8jjTuRI77HhuvXXC0cSiRgNyOn+XOf+phNx8rpfnjWA0iyoZklkP+OleMfPe87SLGcjkR6pEf2rbU3bjfTfnD2p+DssRd92pfOGKXQ7b/5vX3r1jttYiNWInNpOtIyU/TBe5yAYaNHCQE0t7Su5PSPQwPt1Y2DKbkxJDu5sRkOMAetMu5woinKVwPn94YLudQJe7Fxi6+Yoq6Eo/fcshV2+pcvgbIGmw0h2QlFHRBovO2oO1MGnAZbMJVntrmu1+pnlIw7wHMjGR6uU42zu7GbjCdJcZqfnMI+jVHC+5cAucjWATjBQGUleZYCWTyW5Ca+y1lgOpsN2FODWXM67SvhJVIaEyPnORos+KBr5DdQWkSSPDO4fNXqcBRnEw1sGGqooP+0YUr51vlp9KTvlW7b76NL/9BAdFhGArJfg2fBGfvst66wG/70KI5LmGq1mBRwvyM0m5glf4WgEIg0HUxJMtBpEyp67Lqvn27zp2KyuqcNHYgkevRiHXTp49jr4ahzv4cU0Snafqq9D4w8d6b98KxP4btkZCbYIPEdnc2Dgy7BhMh51//UpnJmD9PJkj6ZeS2Wxtkva9QMxEkz0oxWATPIk2CnixRoiBg56BPDVhPI5x+HXAskBjF8GNcRyA++stw+dvp3baCmCTnOrom1AoXgEZ/4OsPMhmU639vLx5YUvwYQ81544CjrUwdNXA8z2MPl+JJy7ihLSdExpBUAdrhaRfYqAFzEh/Q0vkIH1bO2nZFFUJrCDj9Dfe23rweYeQqt5tQ4XR45MQV96j2vMpgtv51ABiO7M+Y3inoOQ3I5rYvedT0b3yuXdEwR9MUblc/W+D3IDBtnZO51dspl19mdf35OqxQqEHCP6uuxUm80+WEw1X1sGDGIh3q6KzttsnUj++0EmzOJ2W9I49QqGKY7V9rjy5BrcdYlYPApStsUkLeFtDgH0oKMTG+aHEmGAiNfgTTO82/6uTVPmGZVveFUiQMSmjOYOAvnUCpp2wzyEUFQFIFtqm5HiI0gQKjwpvMoLcDI3MhPQPb85ccWwZKc80NMwaNdkMfcg6R8nglap62C04kDhYeTgKIEYuwU1hQ7O8ASCDgAGJDzjcD5n+EAKT8sycdFyMxUU1Wefe3Onkdtcrb0j70lZEHwayOPG+aZJgwQqD38+SUnITCWjl5Z5tLielg3sgkrxb2Oh2HYH4AKZ8tNeGMs20hnfGRr9MIBK66wHlapwr0SK3NkjiYtxBaQFid/90d2z5+fRdokgvI4izjFQtU4Ai5Nv0cnuBRJ4EFdqpA0xGs7kDQ0BdPU1ymNE7twgu244xAZkJMtZOQPYUp4oHIyNiYZtLbe1QLyFece72mLwSTM8+Ds3lV3/U65Fk2Y7aro5TN8aGUjeuRmHPYuvyMNSJ3N8mebM/saZWU9gJFvwipqZ+QEZE5p19iTSOM85pzLrb1mEkDfbV21DM9VW32fT0R77NvlVdEq5EbC3/dWDErk35ICuUOaTUUnAJZicdTaqv+FYY84qVNUlkJEJRtnIbt4HQ+1xI5G1bB+HNI+nc2WckC7YWD9MAt655fh7J3iGjlVtMiao813uyTw0ZtJDD6i6G1G1crZOXfyfOTy0QS+gLwvnL3D8/CbwEjWIJC/d63dDUauhwfNLRn9eAhvnATkdLJU2Ev94E6jZOyuKiQNAcjXA8hzkI8sIHMBJhNjwGxPQCN/6KzLkAo5EWpzCEAGI0MjlzIyZwQ5EYGkITAygTwOjFwpIEf+R4FpxoJl56FABcFDHS5mB4ilG/E7GJnbAXDxaQ5kMjIS67HMiUDuqJkIxxNOH3ZtJ2sJyO7aO4CKQC4xD65d1ZZsqZAAERUP7eFAzAdEXrPXgpGDdlQCbZ0LjCsbBOXnCa2MZrDIamHhnyQav8JRXnXP152R03SfwlPyCl0yeC2czin6pYPLOkrgjZxS8VF4laWhktyMqNtiAJQz8qH7zsGESAq/hf9dwsjyjTw6AAAgAElEQVQEcjBysAYbV5VSNAH3jtTCxMiVzH7D47sgLVoxU3ejgOyMTGnBwIikBfIVjgAj9xPIuL69e629Yc4MAPl4MF0wMhuQjKzst9/ZhWTkidNh+n07W5dlpXUdG5hjQArIwUoEMmLcmhaCLr8Z0mL+LKwCyTQygYz4N/JPPgxp0V7dCiBjExZ6ZtxsEBuqcCJCfRpAzvs1L5UTizOwJjpiUA1XEgkPm18/v2UMhFGlRS7AfGgRyC5ptNccp7hZOskM31Sxiocf9bbbiru/wzjy9ZAhyFYiuJCckwX95dR5hYlTarO0d1mKTqjPOEioH7lmTUkg+VYAm+rEPIwCRsY2WYftP8/OzCZEYmZPjFxtJ33PpUUDgYwVG57364zuWWzUyL4KXB3n0AKr0RlBzi3yi1uRbnQD8pG3w1Inlxa+S78YGfkfH0KSziByLepx7w3YDuBN2yGOnDSywkEBZHjzV91NafEza0JGmIBcIi02VXP2qzsr6ZX+VrRB73PfBmfkITDyrdqgJTEyByzbudqeDEZur8W2AdjwsZcHwgjIcEzF7CNIi5LiZbDx7pRv4WBN2NtYbTKi3thFmwBy6VdphUOvh3Ui99Yjk66ay6ZwLxIQ+7SCA71ngy2/+1JKCwAZb+SxvzAz0kjUJR5bFiNrXZmzbnIK6eVmwWs2f7nQH6GCRUZWzituxv15D9kHjPzBf8Z2AJjOZhxZ0gF5BIhanAJpcc+fnseKjMTILAdR7FlfAnLuVJcAmbjuQY7vRDDW9VghQmdvgDqbs4fQ+oyaPLFksR2JJJ2+SmzeBx5sB5DfsN10MTJVmjRygZGvxlKnC3FWXxOW/1RgxermArlI3Bp+tCwFRtYedMIz2gBW4BbkWszDpt6D3M1dlgdaGOWnRiYjd1RPwpwNJnqQOcf4Sh2KjCskB4ZJi0KfJMngjEyrEmRQ3m/lmniMGlm3GSOQ88uEVjGyS2KGtnylSQ2nvUlZaBw67M1YTbPwNsT/nZF9uZLLb58cEVgzIeFhoRQqEYoz1LgcSa+xALl4rUsXrKJu22BHYkLk5EPehhAXPO/kdRI80LKnc6nTA88isR67uBCEYQ5FyuwADblUjgjxkJFkVgFkAGMidhC66QvH2VZTMEOGezB/l9+txvOfQNTi4+dcbB1VkyElmrH/7ip7/YJJdsWZx2GChDm+nI1h4wFgMHNX/fQ++zpWiNRPZCQhdkTaFD0VtGlaBl/OyLIkid017Y+2R3vc9IWPYesALGfiwlsBmemndVjqtNg+dd73rBszgVzgCSJWSzBBP0TDxrgyLFrBRXX94eiLtsvtRumtnMGzy0Z/zhiB7DdIjMxoRfgLHOR8FnDAbQZ0EDwq2I0c961aKuzxa7CvhU+IaODjxcsZiKcz54syk2/p14RbQM3MmS6aoSj+aI7hSLVL1yqWSInALCscTXDEP+1ip3xgX6Ukko+zwYxfTrkUW0jd/wiWpINNoRmTSZDTqUb3nSt9BsgthvpBsUikFgKME2tgor/8nzYL+0ggETKrG9X4o6vX2idP+7J1VLbgu1jiv2GlvX7HmXbtWZ9U5CAbfGxQ/LsM+bkXX3UHgDwN92YKYrG0fhHf8iNw3aGVTxDeO6MpjL/qs6L5F5DS/KVHDXhgzy1fO962b23RqirdF/9Y7odXstxfg5OHg4kwy+haPSpPTiqLQpWAUn/QJ3LU+952AE06VIiTXWHlJG1TEAPfYtvyMh2kxFD9SB1d0miB+BE0culXGT9Hi3BOg1JOY4qIjjNumLoKMFc3ATNcILxti/3x2wi/UVq4F+jhtCp53wAxHBoyZR9CP1ycqYnCYD6JcJfjOaDGICnK61qcIRyADpze2mTbTsGexUgcr469JNjWvciYe+T5V2zVGmyUXYu9mjGFzA6r4d7FAEgnKsQX195lLzmdEX7H79wytQEt/+adtta5ze5JhNnCPVYgGeexJ7GVLm0SZvwqMFgmYiOX1+84A4yNRuWumDLXmBzADOHiVWvt6eeW2GDdBLQBtmnloGR7F9qFG58w1ZJT8J3cmzjSGCWDlGyTwyrXzNJJTqcaG2hplP31O063lkZ0JvOVBVQ3im2YjHnw6cXWhd072SNVSnDyMJVCkdmkfqH1KWH4GN4e/+OxG5ruxhR1oqbE5oH1YPf8HnxfqQL/UEZ2vZ4GZy3kJiekuJpmPI4I6cCM6jv33sF+fMYJiZHDlKgRmGpZgRk0BKShR1auWgXg+N4y0izRUWnKsYDlaPdo6I2N0KyP/FqfUIEqRAG7IDH6OtZRlCuaQLD3ocWqse1+PZw+37WdYXqsecNRCy04Y7oXU7yrcD4H19L53EzQodsa0ZJi3QA2j+FSHFJ63y2MnAd8tx7J3sozliShgsHKFuRlkHry6WefAm7Es2uQn9vLjDBIlEzWCGReSobqWpBgPh45BOuwW30bdstnyqqMP2bMPKvPAZWHthzIbiEdyCxTJ86/4zBRWqz+xeec1h2P81AQwWCfVGshQ5qapj5OD3DZlawXf9ccIu7djOMYJmBqvBPLktasXavFA/wsxahYpUCI3y+KO+bzCFWGsTJySAsORjJylJpnnrS2tto4TJSswLbHvRikfRUd9l+H7m9fPfbjAPJJP8LAjWlMTtTjBnU4LWkctrmvAyMtXbYSIGAuqYexBBOyBKdQpcaS1xsN+yp/yLwBcGRYru/jMVna80KdGon1ATyuIOARas0tSDIBoKpQNp4hQu2kDhYT5bKHJpOb+PFDTmYM6H4+eHxHebJXLlFk6QkG1oWDKcy1by4TQ5nfZyhMiUC0ra6hk770BQXYXAU7nTYiTZE7YXKw8TAc+S4FRi4Fcur0IOUon1hYfosn2Chq4UNA1pI9IXkTK4tljQNAHrlwQBfzLZTPgVnSaa049Qo7b3ai3bnRdxWOcvNND3OvQ48PECdr/48DsgRPJi34OzelGQdyHYfp67Wr1lhbJ/yqvoX2w1OOtmPffzilBVZRq5AOSm6Z1Irs/lok0tCbX7FsNYBFL9EZ2a0eWYi6KgLoCpds4YsNR6DQicET+lGOTkQylMMsXcnKZSlYpDvbFkun2trWK09hGSY0angOnJgkWE7jDvoYJlMdI3PMDvf93hi2Ez+mcBNDiGJT17M6boEgV71ZV3dsGV1QmiIeROblujNO42odXoQFOQi50Hb6tKl4fq/YebmsBg+YIXM66/ElfZkaV5rBIwcCK58ZoU0vJpc1kZnRRjCtBLX8DBkebh4TmwSqHXxa3fsr9U+B7VkPXLXNzNmyan2457IVK3VqAOuegBw+n9oqm4iI+r720oJhXoZzaRkJZpAWBlgrdpgaDxDT6qxdC+vWhgrXr0AOyn/a+/feL/Z+Sw2pke1mkWzMjKR+rNEaoBmMIamCF6bLQ8G8NkBOAJTeBvOgAjz/2o0cu8OTldiaBJrO2QN7UH8yNKihSGzE7I8sBuTS1lPH6xwQHdKGhlkJAKzsQPKP9oFOSPLBmHINEp8LyMKAyxDXp05vzs5uCrXLjYQny+fl5GriBuQ6c6VEJ86u46E92kKMjJzOBMzqXKS8AtiygZZpBEmtKuwLPHtcHVYqkz05QCnRKrAottMoQrxffF2lQKyvu+XJyk8jgjI2onxeRq4W9whWEl4hx6Oufp//S0aWKxODdTwWK/NIuX74U504EGfu1g129RdOsNdvvwuThq4kFXpXgWL81E84NGwcH+bRIGlsM9LgzOBM4ZGH1+KVb4bIBif7DoIpsJyc+cPBX8nBcPPvy87TkimPCCq5UMXhSpAJ9ZV2xReOta0nwqtHXm0jtPAP7vu7nX/lHTYVCUiDPG87mC5tZqI0SLKcqN0hzb+FBca9I+bLx/j2U9TsGVoEFA4AZZ1xaXywpYc0k0VL13tb5q/hbZnvuedXDWAA96xebGcd+W774Dv3sfXo2HrUa83advsIptkXw3FFQh8e5PFtgU8E5P4Ip4Gz7EG2I3O08TmjVIxGqeJgRcJCe1qynqmAIS9S1OK1Z2Q+KJ5PS8xhJWICQ5Mg8L9arLFsW7PSDt1/Dzv/+MNt7jycfPqGU64if/sXoqEzZmELkG1COvigpk1xPipORxcnOV4tqBPzucJ1ZiBQycwCsxBFSePiwZ067wRN3URHRSwMQB6yVswM3HABYsfIr6WJoka94pc4i/qqu2ziRJyNwc0MVS9f7aBmZOfqCd4m/soZsfir4C29675DcZtVFkyT1xmAvfzO6nFKa9SkpM3CQyu2acpjYWd2I4rD3f2/cMy/2JHv3Bebu3RBUtTbYqxMP+L079kKWNAaBpI1we1l97HqiepiKVnYqFb0q1IRSgtSMsbcYv1fMTILFSRCkZPIBm9zEq57/Ro75RPvt2MO2NPm8izqN+IIXy8cOypFjR0gPhTiPXYSQz8asV7b4kRIqn95rkVJu4zyR8kg4L35aDzfdyaiaYQWRLShD+ys/R+oV72eKktyS5KLl8rFU4wmAcg3YnUFT4YaQDJ9FZya6+4FkK/8CTYcie23vDKlQE6WvohjXVdeidRupYycgM0og87VIJhSeRXnTm094k1LHlI+ydSF8GHfqkV23offZ0e+Yx8MUNQL2nvJahyqjlTUpX08B8X7p5Bhmw223ClNOHdgZ2fmeQLxyL31f8LIQaDOXA6IwKHjC6tJBtvs4jM+ZXshjUCMvPdp18iIywxK66W+8g5Kkwta+k4dmnsNzsjSYGTD4Zt7jwT0YTCQHo6oAQEaDhdn0FyrudShsHFmxi5FMfAqNdhYZqLZ47zabNy1go7jmoIMoBuQpzCzFQfL4LtViCD8CLvmXHD1Xcht5pSvZ6058Lx0OSOPaRhGIxeA7K0i8CpcloSHBkewYUYawXJJv5Y9MptoClbnPbshI3rWLrHzwchHvGNftAvOoIPDu3QNzp0749u2fKAJjiZ1tudRqzXw2BRW5NR36meNrbAk2mSQfVk0OaM0QTZ8C/catbX8IWHdPWdFbkbhVZxQc03vTOIt6dc71pDo39ttO08dsmvOP9UasHXC/Pk7B5DxJTd0XjzHqucnOxjdfKczM/RpAFCtxGeGV7DFjByV4zEAKlHqdz4Pv/dhrRxlhtsKB3AGmuL1BSBfRyBPHI/daDHRgljxNb/+s1145Z3a7opLh5zV6Rj6w7k2MAsijEJMeR+MxMiMtFCqMBUTjMzwZvaFoGWPAcS7+acjgaGYLsv69oCRe7Dx4PnHvMeOePs+ciJ5rvQSAhnnfSzrx1keqhPnSL0CBWy4sS0oiwzIwcq+3H+UMpUx8qub2UsMOxr00+hwgZmAT6evBhGVdevX2pH/r70vj/O7rM49mS0zkz0kEAiEJRBAQBQRVKpevSIqCmpttYCgtFhbXKoVL6K13IrFBa9WuaioSC1qbauoqJ9eFLSl2qIoqOxSwpZAQhYyyWT2mT7Pc855v9/fb34zmSxc7x/3B5OZ3/b9vsvznvOc8573nBcfbRe/4feV4+OII55qs57xHuzscTuaq1cc0+mTi3QpcN0tQy5TytbVXf3vZok9VVPz9YyAy3v4oDtHdoc96Qza4HjT5DNl1BBoRhZloaqU9AvLpE4tKJGv+cB5oBaUyCjdgFRNf/t9APmL37R5SAlLg1BK/smUyGl7+EjGmFbUwhdreBSaBqxZInM8hmnsbV5vH0C9lTNO/h1Z8R1wu63FzudZ7/skqAUC0glUurCYSy7ZYdClugHXIJGdAAXNnH4F/9+WyAyFol5mCq9BpPy97B2vtVcch5x5sHGOOOIYm3U0Yi1g2GtHSEqWajx7XqhFiPaUwgFscTA5550epGSu04z6vLSaLI+3cFqSoNbnRIXDdyuPAWebPN1Ps4xAvdCjIRBHvAWPyfsxdJ+5pBZfxcHNfbF5MoaounaEAl59/b/D2PuGzUechA5zas6aJi7x1qQCJy/MFhK5zjJ2tJK5NGunb3i1IoHZqgR4LgZqJWz8DCAT0gfOeYmd9WJQC0hk+vwlkUEtCOQuINk1bPiQKyE32RNRb+OO+p3DlJ+bQf98oRJD7iJMnltSQqBvqv0XccPygoVKlDcbF+DZS+5eTiAzKoXT3+MM436LeuUuXLUK1OLot316Ys6c+ToHl7UeXKLxxk4tMiFGtrl+uFDVeZSJxwN2GNO8M/SiMaSztijyZkFbvE1MU+V0gtOUnJmbI2I4+If8LoGZQP4ysvTsuxDUoiaRL0HAD8/bEQTOiiqOHBR7BlOUEjY1Vx0FPoZTu6cS7QRybTFrEfM4k5+3qwM5Y0dG4XnpR5b5S855sZ15MoKsWCAdvJlAPvOivwGQ53rJYwbeaGG7Iki6NFki+3v+2LlVuLPuN8eUL1amR9AdpwFycmTtEmBMhrdutOcff6Rd8Y4z3b4BTzp0FfzIz/jTyyY6FyATee2iRd0UajFZLDUDMNMAsFF1IDdY3N4DNb7ZtVQoRvNK52qmRJZ0jq0RiS2XzAIzco25AcifOHKEe5E2pLEnIKdEBrWgRF6wcNnMgNwspSoMuhHTME51IMwMyHVqUZfIBVZhKHjMMCQyXG3bnnjc/voNBDKoRUjkNQDy2cjT9ugwQh2ZC045m3/7QJ4skZ1g1TVwhgk4sPlm8CD/pP7toFRHVOK7zvs9+4MXHK8KVzRqBeSXXfCpiQ02191qqYriOu5+40BM1iN1IDb8HWGL9YWdnLV4J0gF5MqrqXMKkAh1bObhRSoJM7FGtQPlW7VjUDcDCKphhBo7loZgkcgotrhvnSOTWlx9rc2DRHZtkpCZRgjXJFrjp3Jsdk6SNVwjF3hN+3liEq5XX6E0bDVeeDqGaLWtKGDzwbNPhtFDILtX50FE5L3pkittzVA3gMzPVh6TqSTyND2e0VtTMZGkEuyae/MYXRmnjmT3IDwgaFM6Cgq7S5dGei1o0DO+BoJpOU76XHXxW235vguRJxuhBrj2ysNBLf7HZ66duP6OR60bEVo8Yi7lzMXQYOw1ArkuZcsJ6rg5xX0d2JLUaJAXknGBzG3G6hrOh7Ioiqh2cO96zlzlXNDkVs4hz7/mrzCqbQBFJzlgnEOaLMwqtDf41FcJZHFkuN8Qy3o1JTK8FgsQFE8Q5KCnmqsboIHyssgnzy7h5hFtlSE3Iwy0/FCjgIgB46yEpuMAMvH5NgD5knNOsTNehA0R9J2gYM7m8wDktYM44yJrz90T01GLXW9pq2+2HgN3glB4OZDl9xcVdU3r9lVq62g3g5wJfmKHWMTTLdu32KuOP9wue+tZ2shiQBd3KQ8lkL9z810T7//SD3CECAW74cqI/bJoZWuJ3GCUNVOF9MDj3p5GynVFGoNyl9FHHN/zLJeuDVzyOpBbgcL7KhYsCqEsnRoZpx0sAzw0QNecX2sY0hbhzbEhwgLlCKPsmmNX/eAncL99G9SC7rdKIjcA2JvtzWiy4516xRAVbfUkADmkWVEYOfHwGffD2Lv4rBfb2S99gY6JsWTaYzic8Mb/+RlQC1QfpfTWphIB4/1oxZF3F8itJbLPewpWFyuuSelFybmuj1h+wkfbH3l2UZ/HQhgY2GCXvvX19urjj1acfBu2qtuApZWkFpu29k/84Ue/YQ/0M9WrX64jmL9HP7WmFjkADbtyaiJHLBoigRBP2DqdBsFvSn5x8jjRkZhw1IeETB+2D5WDB1fXCKmb8a3wdhQDcBAxxANo+bjqcixFkcivXvKntnzRfGTC3wYgzwWQKZGvA5BRggFxrq7aHPxlQHkvDmmMtlyBtZHXEGnR5UjsApCroXKOr67prpM2Z8T+eeiB9AuO7tHHH7EPvfMMe+VJz8DB3X7FbrPXb/7QF1EPZSuClZiphxsi7NGTCOQYN88V7WPhsTjuK3ZqkcB2956A6b2M/lLb+kLzFRczLmrhOGGN7oORAurKj15ge/Ui3ItnF8krSC24IQIgTnzk2n+za/75P6x3EY6bK64iJGlKP+6WlXWSE9f6d7MR6ADxtFjifZGitXLyI+AmJHGqHAdpqutm53kC2L0qPmC1nR8853Y2s6YPA8j7kFrAVUOOPDG8FUCeZ1+4AVvUn/+OLYpjU6IyuAp3yEhnGPXHUx10A/GENcuhKdcCP8eJiZ84EdQwENm66UfJ3yV4lZeNmpOThx/uutWfJwo1/rj/EAzWeWj3MSuW2htf9kw7fiWSaQ8gmSILCgG377/qO/aDW+/HKRjGZntr9N0nSSJ7tVmP9y7pXknvwO+GkA6XmVYVx61wXC+Kk+SQzXMtwQq1ecSKO7QMWOIi5AAx8Xmn9T2xyc495QS74OzTlKOum5gh+8DvlYc+heG/4xM/WbPe3vexv8NxGdQiZkFsWLuyK3hBHvVvYezlRE2SyLFC+brH01L9jyHAvAenTubYFsQPb0HCvnYYLLliHcjssPfMOWsLiZzyKiSyVjsuz40QDoq75jhUyLSJMMe+rdtsKXJOfQ0pWWXsQSJ3QCJ/7gbu7H3XFoJOUSKLq4FzjQDIy5FlnQP16GOP4oBBt2JzFdhfQ2ZdGhe7JFRpJaFnAuVQv5pM/7zrH38ulyZfJF3DjQZQh2XxokW26qgj7e5f/Ku9F6XTTjnxqTYE24AFhbZi7t/zma/bv/z6ESQ2AafCdzJZ4ZMF5Jz/lMhsPz0mSxYvgtdoxDbixIlX6GJzXAontVB4QUjnZonsYpkamB/HJKP8xKdxfpLZnyaQ9qCzRGWaHUqJDNfNxDBWzIWf+rL96B6opHnz8UXE7cqDUJ0QmNm0sLHJdd0zQSATJL1QB/Pm9EryrUXphfZ2JLGWkPENjFZAbpza6Vrg7hnRDnpDVKlpHNxxuy1AvrevIWhI7jcMRnt7j33+Rz+xS790nfXMPRCAp3GI410DW3GFMdv/gANwPGmB3frL21SBiKkIPEdcng7hnTw8KVGXpMKl38wfAm1I5fxWJIWX9JW/HgZrF+vv4QMrli23LRs22qFHHGj3/urHdsapz7M/Ot3TJ/B0DGMtXg/325ohJM6mBsyLRgMrjsz4lNZalu3J7euZ9KQByHR9os0Ms+QY8vTOGqQiQ0i7Qkh5YVXILdQitmyohTR/vpLZMlLDMYz7MA7VTmx5xJ6Lg8CXv+c8FPOk5VidxeSXRC1Amic6EBb4f277jb3ns9+12fNQkpYnqcVneWIjsi2KZrRWnK38xopcI4+hMsGkLEf1ogEaJRjwhx9dA5XN/MduBFKFywighRqGn9OGuoxqHtbodYCXIyH+xYVEHzMC6UcBambgvPq9Z2mLmsej2rsA5H++UXX7Fs3fT5mD6OUYRwD/iuX72SJURaUqvB2ViHhiuQPbwaO0noOny+nnFql+FBa5q48UvzGsTilcEPAg6AH7768drzUPP2zHPe3pth1ceL99l9k9d96BlAbz7ZSTjrU/OAVF6KFJOqFJ12zajESMiLXAhkgJ4BRH9kX3ZAOZmnwMRthyjOMQxrobGm3d4+tx8sTHyukpaUYuopDH9DwpFJYgdW3MsRijMEXKg86+h+2Dbz/DXnbi0Zgv5M4mRkRXHDOHHAogozgj0DNsm5Cb4e2X/b3d+xgsezRgjIkNlevQ3XEubVrLm8k+ZV9eDPwR/HGLnjmzcXatW6c5eOrZKUvuHAYnj+u733pmLi2Xam4E6oiMJA0lA6gC7r0EeYu/8O7X2jJI5Am6qTDhN9x6N0I5f4zcxjhsylgLfhfei/7+QRzzoveGf/ej8hBLkXncRx4+deXIwc6xcPOl9s8uwTrYUlm8fM6cZysOOtBWr14dtenabOne8LQgf/E6vPaaU55vT0fV1HSBrt2MLer3Xw4gI9aCs0V//Y6MvVQnO6NKaj3Me4/JW8Xqr24PzQWN5InnbfAiRY1oB15E67vQIUwoeNw2oDFLacuqAp5jAEbtUL8du3yOXXHxW2w+04cI6K7JI8EHJDK8Fog1wDtwWUGEf/OmW+xjX7vJxlD4ZBQZXHSyjAUXQ+zPHMguGRusWPmouQLZCnehaf4LCjzjuoK7a1KuYWdwCojUfdL+N33D5Mnjthgc+bPvei0C6+cBtEhuQl6GA6itYruoAnm0iz5txvPW81nsEjp380tDPBXB3SuealYMDFQtdjKZnmE2K4pK87hYpxbhzt6Zf/FJRb/BASUDohHIBE2ViiDnMxWDFukuUgvPjYEryF/MQ63wgikmmvk7fC9BdUZ0gsfBq/tqIZFDE8SI1pO0pl0SJTk2PWIX/dGr7eyTn41rIlBMKR84xxWGVkoikyRCDbOy/EZYv2/7+DUoGwtZhsTRvAEdzrF4puV/9V279AMLj65VZDw6hfBDnXKS680cOVZF9RxyqkqqLejgidNYUJqvsJxzK9sNBc9qPxueik9f8Do7HNVOFZOh7W7cWbVsuNjC7ca8d0K3czgtOK5xAl9BSSkFXHsowxrQnip8ZzGrSqdu1knKZEhn9meQhwi4c8VqSBEUxfHRjhgrpPJ1td2XG8fq/nWPIxHjJ+2JtsXaztXOnuKRk1okkDN7qPhYoRxS/LTNKQx3tkN5D7XFiVgwJt/EEpA59gHkGGWZswHkCWRLJR5mjbMwDrxFCAxbsVe7fe6vkFSnJ5FPLxeb7QYku3kIOTI2BECHsTMmldBul//wZvvC1/8VXHmlXGUdMJbKl2qda/BW5JLmvVIMx2c9rDWkr8JEPbbZpYGPohcmJNidbghGAbKcpOnGtWGXUF4SH0ydUcPe/AffeLK98Lhj4KHAUSdJN/KrcN0lF+cAcoBicHi/TJQoNxHzV3gyNrWdo3L9T35ud991D07zzocGo982+lbUtC8EjgHHkjn2RmH4Pv0ph9krnvU0VRHVVjKpSyx43pfXGYAvnNJYp74lfd3NxUzuucA5iun6Irhv/Nkt9qf/6xprW3SwqFUVHFRX40+WROY0k9IF140DDhrPsknWSC0K2LWLx0nj4WBKGCYrhJYwmIkAACAASURBVDtxy0Z797kvtTe95CQYtOsx/tCqKDaZOVUU0oCx0oYIBktQDwVlj6Gy5js/dpXduaUTMa5IGsfM7glKlx8FaBl+2fCBkA6i8SFJ83eCsQHsNQpS7f4V7BdpMxMgl5gM9YabB+022LfZXvnsw+yiM1+CrJn9AAUrBzlitePlLEj90gCR3oSUCuUnyZbiRf0CB7wXSULO/vOP2IZhyGSWEUO9Ah6Fk1ebk5cLNX57/SIEOeH9BW2j9t3L3mkH7cMzg9QSripjaatRQ0OD4pjUIJLALLiOn9RiWk5aYYjPZtEpGNEXf/5rds0P71KF0vFxqGGmXxQl8f6mVMwsR83+5V2hFtW8hNQPiVzGLpZ+GVRJ36QWHPPYB9D3RiAQoJFnzUeRzD47AA60L/z1220vnBRvV3J3uIYjJkh7zjFgviECT7bzVkodrHqcNPjHH99qf/2P11vn3H2xSJz3xFSrWZnPTMDTLrEfFJUHIiRqxk5IslGa1AKCEsj6zclXjHERY64yeaoiYlTr7zUviry+u/GcBrjjQ2JZUm0uVNblF5xhR+4FI5YJKGQ5U8LGNKSGqAPbdXwtfW0chyUwkD/j9kcetvOYBbN7GQYYYZTh65XBI+PQrfQsPO7UJHjd4BM42f1Ge+pByyGVubPIN0kbXHLSSKbkzuynBDAphtfc8JPE+VA8Nd67b81GO/fiv7GNs1BgUtINGZWQAUlTq5VZqfcnB8iaiVjFDs7UxN7WeB5A9o4SW+6pcHrIgploc9tcm9j8oL37nJfbOS89SaEGirsJCeNQ4VJ2S0tA5oaIJsyJB35Qbhe///jjX7T/XAfV1wlxLrIbrpIa+0ngqAyD1CPVaExgArsGxsKjA9gNwfS1yclFUXfrVSs/hqXur06eSyDH3z52lJ4gRzhRcPrTltlfnvsq2HuUcuRpwYVFJWKxOtqqluRcaOU73+S5RZ7ivf2RtXbOez5pWzuX4kA0dp9oy/Jjsrr5V8rk/O0LndVDO0e2Kv7jaDj3SXdkO+i+EuWFE3sXOK6MFMugK6dAPpVIG8XpA9Av+cQ1dt1Pb7dxuBRZF3C8nVnsoiSv2l9JZGY58mCcpByOkd2TyGxREuzYlUuHtMYxQE7nQR7t0UsOSAk1lQCBp2Jg1I5a1gNPxfm2IPL00dcvGYSP5cl0jRsW/aH0WlAiS8qmVcmBhZq67pZf2MVX3WDtCw/BwAy62hVIXMJKHceIzqQYTrOvOYFZtlHzWgnQPPURsCrLqB76GRdJ8BZ+Hd+V5wTtZRzC6Nb19oev/u/2xy84VumrlHQwXHx1Hp9Uw6lELPCgXt5557PrYBh/6Av/ZL++90FUuscuGgFFiUktUIOxQ9opAP8aRNah4486DKc7XqmsQMw3pCNmkuD6iADtAZi+9RIQ98mmxoHUH8bn4b+ApG6zq6/7V/vMl7+Nwo4o9wNDya/jB0+df7PdFZC9Wqlz/SJE9wiQUyJLInpnyiMlsiRHrET+7drcPw/JC3fnwLZN9pG3vMFOe+aRcoUqB3dcWl2rXxpjsnIVtqhR7R1j6L1wTwJcUJI+4/bnn/6m3XTPJtULpnPDCbkEXe1EtW8KuOj39tW58VTus+atbX0x+5qGHu9Tk7yiLlFsvdUmjG+mcEecCWbc3adgdLYZ7WNyxPNPPcH+4MXPsl68y8B79lmBYqXx3r90D8n1mU0LkUVwDcOjwEQuw4yDLhyFF3KtEPAteoyvkRbQJFmIxIvMJ0p+zGHj9chMpEFCqwlgkrkJY/fOMCnNLPHlDkNCMRjmN9iX/ul7NjFniTYemMU+wUlPVRE4dalY1PueBvJk3BY8N+DagaxhijmiDUEMDQxsseMO3weepvNtDhLNtPcQVzEJglj8Hd/nlByyCukACGTXKQEaXJw5wHDKz362+lH7i499yfpRFHEERBu1OPXRSRJZo+UAbuawrehBMziz+/WzawlsfdaVTzXJZbyq0cl7S5rx+JV4u4doOkhpsMHU2rbVjj9iub32Jc+xE1cdgFJku/Noljq7c62Zf5ek4df3PWif+4fv2c2/Xm3tc5dYPy19/MdKG8JHzL+gokkLSUjJH7u0aSzlW75OXXI3StOKGdRl7OQW1yXyFP0J8LrgdIks448zxN9INnPle861Ew7bHyd6wA4Qe01Bwa3vUDXlwolvJWhB1U6ZkFykfjDQBf0wo47gJ/3k1663a264zdr3OkiO7tnj2CLEJ0ax3KlKGexOFZYgTNdQPSh+OgOt2V2XrUwqwec6lMi1EtKqLuUrT4UWt08C/5eI43d8AXh6AfBTbiqgXkknCkgedUivHX/sMbbv3vvYYtRClvFQjE4RAr3mpCCSwuj64Wd2ViaQaGtZjXVjuOTGiLn11vCjFMEOBwY5ycXnTS/aJ1+RBBa4XEtyV/Shhx+xX937kN125/2oUIo62kj7NQz3FRyL2mhgAZ0Eooxl+SJdNad+9oAsugrdjywhpPFtAuyTtE59bn3cMmaagUZ9fWvtzNOebxe/7lQb4SEInf/kdl5Y5XX7xydXc3HIKgK5WSIndVD/kZ1xAO64j1xt96HY+KzZ2MPH7gobMQYV5mMTI5AIrP1uBeAWH5v0UkphgZRAApD9oGEYkyH5ffH4JotWtDYwEozhw8UbrmL9OVW12InSvK7BSezt1s0XcKhA3oYAso5+cTHIJnRQi3Pqffd9678Eat6X9MfVgB7O2sIITbCEekyr21OiVG3PxUmtkhKQfSWdYGTeKOIPZqPSEbfbFdutRRH305V80Xv+urhpHcilcd6+DCV1iezPJ0ne4mBvfCe56/SSOqc4bCuOR+HJbCtTCSPWZeG4XXnJO21fllZgaTa6G5l7utgdAd64XIYmrDysFbUoEoglyZiKqceuu+1+u+Sz3zAeUh1ifVdcmOkDggpOohMzAWurzyQINWlAX06ogBwuuty9c8BJjulSaot2jiqpWv5uGGUqIOfOFIz9SL49jjwZCNPB9xnwL+SV1S7OK3nsA16euwjN2xcDxH3TEUMSbeN3sv6KSz1vUD1+I4VfnXallM6t+1y0ypgZdM4XTfRbAJGQk4bNzEJF5AfqZtFzEJpXH9YAknJQszjI1OeU1AFwPc+x3AVp7V/hri5djZF8hSwA++lbt66xj7/9HDvt+GOUt8RtLi5xVk4IbaVBqyYz05K5RKbXIqSwY8NXtHcOeX1pHSPl/UeR9O/7v7jfhufvL5fPbFTZ9H38BJR/ZTqXWV52R79TIuellaoF90xfdPAMpwKiRKkhw9DKzqbalEQMbPI7krD0SLikZ0654WEkY6UU0AQ61y8eFdIKgd+voeg6v4LTjsRzSDKX3tXIuNfAfaWzpMkYc8BPeWBUEXZx1bQJfA5yXANs5a5+UyoMSSz+zdvoioXxNL6Q01rkLT/NjSP/ogf1uMZ3IPtYCTrRyCwulPfZsUSODjT+Ugt1fcSlD2zdYKeftNIuffM5yAbFc5X0vPgXfAs7upHCKySoa2z4kQVkjK6/LqqsDvisEyD6R6p5HYLh3/Lhq2x1P7hkzzy4/OhwzxBM3z4tkqG2anYE2qne13LK0XKS6vRAOjS5vPu3/dxftlt7PjGVIfkClIWyyN0FrwPVMi7HXeLBgW344Xk/PFFgCiUUwBfquZ2eHHI2gcc3W/x6/sjF75ENzpH5kOGpBRcbHvLt4jNRU9p9FtX3G1pem3y+Xmyw1ATcNOLfksDetsaeV6MbUyzw0B+r6+lAAjYhEExFvzpzNmvLOwizy7j4L8IsfWvfca2w03QdTznR2YmgEzGnNMXbUUptGLHUKxZ02t+hnuF8eHM0/PyRUKE9wW1on3cuuNwQkoeKeMDvQ+W1CImsxoValpTisR8BxB1A7bMRs/yr++ziK75lsxYsi4nyjvrq8oEsM7urCK61Iy9RNwjzb/7uQVb93p7ZtqVvq3I7cMfNQd44na1cfX7sCl6NACbV9jAMjIH+AbfyxZEdsDL0YqeQl24j1YmF69NaoTn1mcYCbZzDLOu4FhN9D7NSpxJ84y1x/smLrmHYYi0TO8wSW/gs703wkh5pwfnf9V7nwqo1rXwul59OoeNCLGnARN9b+/oUMUgXoQLhtXhCQ0kyhxCJhafWhwTPBd1y2qN94T7RR8a09Y4ydH04e3jBn9iLnnakDTKHnQwYtw1EdUIoEo/assdzVkHlBlHItyaJnDKFCxwTxXIFXqaAEWk8k4WIOMTHfuQfrrdv/QvKhM0HX2YgDSWN3PeCkHcx1OpuYFlfbea7dWDTB9uFDYXFyLLJAVr/+EYZQ258tZbIDZiT8acQOFfPNAjRb56JG4R60ySqN+yV58+gqBDG5WcPDdBwUUpGfA8jLDsbgOhFxc4lixZjI2TIHtq0zo94cYwl7eJE+FQSYDqJrAaGtyT6PB2Y6hI5DjI7T0XdPgJjyV5LVbdlM0JBaURSKsu4xthq1xG/2+mNkRaoJPKOgRxLW7BgUnXYIuOd2PhAkhlkFD3v5c+0d5/1KhuA8c1yGG7A+aBmORC2g+UrCGZOABddB46guaAhteCGCKmFVrcfH9EBZybXDmtY+QewSrgDNY7fG3Cj937iartjNYrVzFmMcEZalZIxJTbCc1nsvnCeDshjWGj77w//NpKzsFOP4khNJ0DCtazUqEkaa0Crcos5RyWQ8x4Ea7r5WMmJKo81QCS9cC3twHFCRcECyAF2pyG+htMDQErGI/r7wLU3gvocVHxrNz+OtrIWHs/N5GkY/950o8W3J0m/nQKTdGZIV+f1jhRqBeSQ3gtnNSl5Me+smNTF4j2KF6kttmaJHNRix0AWuPx+qAXODKHts+bpnOHTD1lsl1/0JptLIcKf2P7RQkkgx7Y1BQyBzPniwiOYJQzwwZWHJ0dOiyVmgm4soR8PRvszmJkJQOipa8cR7NvXb7GLcFi1D0UPxzrmwt5XDKbPBa8lfRtGQg1Iu/pnA7XI7WesxkXIQk+wURX2PdHnHIoKUBLENUPzo5Fm5JTG8SXyMH0NW8kA8wgGrzrBgBVOjkw5WlSvg6Oy/H3ONLkU4NBWSwASPhnEtTY9wdJfCBqPBcGyPxo0eQ4aSIo3OyVyKz66k0DWHbTQ0i/OG9CMRu6PJUtUdoFJIVl5igduvRCNS+L8vSsSudg6ggSlPLQ97KvFCE656n3n28H74UQOKwkoM3lEaMsYdziJ4eAJg6hILShseKyL6WVzkIpE5gd9zMIHib9GGRsozsx4WL+BcA4/MpNlX//r++zDn/lHG567jw209UTsAlcwaQa5dTYlZmMXyHPdHZdeBBF/0gEMMmN8ZVoFaBS3m0CO13PHrx5hV64VcROiI/5PrEHng6QYQ+DNyZGV7SgWSdIXX65xUkMGYEWJVAYth5tnA1VjL3zRYiZxMF6DOzUx2OMSWU12j4/SM/Du0TfNYGgzX5SulVLNF6toBxLZJSqlgss2l9wcPxR8RKKVD7/jHHvF059iA6AMbQCx0iG479K/wHsq/Vl6jwKhYYDyffe+4/CpJDLDOCVMfYknoLUbxviKuAHf0bTwM+DL7cgIeeX3fmJXfOvH1rF0hbuuCCgFx9QfOUHOuaZ7FHeXAFFtEPA7JTVXAFn8kINZW4JynqUkVtOD58V9tQBahJNqjQqAdEXFqsYv2h3bwRuZWJz1/9JU9wg3IhH/07CmLzTuy3uUDEuaDBcpYtrcwAkjEccZCiXzHHstHtXQTcb5TkrkcG04omIb25erty0rjKbRLn8Q+ql6gKQV6aaI3ZJ8OiW1ENcNFR3Uoq1zzAb61ttbX3OKnf/KF6mmyziNE9pZxFks6MrtyTlOgViNj6iw02P9c+gR9FpEklrOg0Q/OxCe9HTc8/WULA52qAcOASTMx//223btf9xuHYsPsCEUluyKYB03+EIv+JqfFsSt3qzTgCJRaxLP21tdV0UepUV8IYirR3KZ5gSJeT+/hwPZHxXNkMGGEWO5h2EEuvNWxGVFv3UsVfzZx5v3datfPcZzWtd5bMv97p7GKg9kVv3e8fg0gGYngVznyH7A0yWkXg8ay1YnNVK7tKjDsxIceWYSOZYHwRzqnjVOtmxZay9/7pF26Z+83rpg/GosGeQkhwHHi2OPMWKyFj7H/VlBy41SR5Dmim1zz6seK4/IDZEyhTEB1Wf8w+XbKa/D6sa+/iAueOGnrrab7u+zzkUHIJURJjw5jpZYbYJCVfGlVi6xalIDUgFK4akG0MbPSZ34kqnQWGIt9J44afh9m7SCvx7SON7zgHaqLh8tDvhQ0gzdqNxQn6PpViRyUJoEsi4ZA+6yxSc5j4/9toCcfQjtL1tArZMQDe1JASYAc4zq8rsop1gQOcuxumJ+1TcMHquWbkOmoOOOXG4fe9cbbAlijDsQGkxBOM5THyrvVsFMi4x3xR/pZWfrFC1Aye0eujKuh4haKGgoPhU2RwrzFFLeN/8YH+7QYBgi0xm124Ob++zCT3zFHkJc4SwU9WOCOR8oNqbaavbUScHDA1h1ULaiFhoLfq/2+crT4LAQl9fulANM6p1LOB2NGqSA0BSgLteklMiYDbXXQeqcGSUfIJlFZ4hQbpvTs0EJLD7MdkyRLlWTUwE5UozUul8hvlGZ5uuTJXZO7o49Bz5flbhN+pfLyoEj+cnxibZK4yVHLtrV29F87+xdcZ8FeHjiaHT7RjtiSad9/KK32v574YQ+tqDb4YobRxzFBH5Is1hSIWs2ptxMulFGhsOe+JX6cNx6rEULIMeIF8Sr4aFltBlA3hSxD3TyjyOzzNr1m+2iy79q925D8XO4RrLWs1ab1GtlSPn1Ks6sv6l0g18nDUh3mQyROGmSUXXNC8CNFeeaXGCjNASllqqT2FXq2snSuaWrL/guO8/jQxwDlrrlxolMoCKAuGg8n7HclQHuhvzPbJfG3ekIPRauQLVUS3fqcE1BUu9r+TvuPbPdNY0K9bhvxSWX4Frk3XGtjNZroBbZQUmHcJBPt7MXvFjuSVyTJ723b++z/RaY/e/3vdkO5xlF7k/IWUNpT50Xu6ihGd2EcFstgVzoXHZekjWAjL8nxSM3ALimEvP7hSm7EJRQoktuAK66+dhhu/WRjfbOK65FcW54SXHIk9BlkR35p2NHq8VlG0DdDFA+35GRWP9OPdCoqPSgHNMBudXCkMEpaUt6Uekp8mWB2Q0LSeMwtZ3GFAJRWQmVXHVq8duXyJVkzbZJyBFIRRXHanHFXyEn/qr7th0Q/l0mWmkDnRjFQebFPWaXXXiuPX0FEmQirW8HT0HLceO0RQWjpSUp7Px190f4HfUjLZv0JV6cBGQddZrUzklCIIFb0VC/FSmHlCou3IXUW7fd84C9HxWTHhzrQVTTHOseG8CWCdzrs+aCSXLnhhKhkjvNB0954/QuTGpEvFCXnvn5OtgLVxYG3fuRD9EUxVpURmHzQql/Xt/jNbilSi0U3xuAJ4O+5g6NcnDLQr8qlV0dyU/lm4quRiU0gelmatRWZRI1ZK1pxs5Ti2pkq+U51Wjn6y3uHf1NLa8m4skYinSO41ziIvh+P3bhm+xZhx0I4TasuibSkgQrC8dLs3PzrKJjwnWS2GhcuXNZYLGS4v1DRC2ytM6O+pHrkcDVCvJhFRUN44AHO7u6O+zH96+xv/r8P+CofI9vJcqCYD4Cb6KsfoHJVVDGGhdQchs03GQl5QDerFd/qoOvDoL6Qsj8c3VXXh3IrWhKy2EgkJ38uLrjWMBQ0A4gNhFSHQpqBGRsmGirOtT2FA423U5H9hk7EH7nXGSSeBE0kxFqDVhOFM5g7ho+0ozeVmqy+ZrNOJ50b9depBNDQ5ttCcB86dvOtec85SDEUMBdq1QGlNies1kyN929ooWeuyPHsPU8xKt1FUJqISDPUCKnrE/hph0vXlAhvHFl/BpmuCUk88/ue8D+6urv2eMDiCedPR/eDB6V1EyX1vBavj/uLwmcFHABm6koxYwlsgDnErmAoyaRd2r+Q8uKOGjheijnduSII9XQxmb0rfLOhgcrFn0jfmro0RuuPyXdQuprTOrPa2BKpqOhCz5Qd0VO7lt2oNJO+mreY4eD0Voi59fYZtb6G9g+aHv3jNmH3vF6e/bhK2wEBzNmdWc0IWNWMvuR31vnPTXvnjlJfY6ApWzcHpfIukuMhw9yDnzpjjg4Szh0o/LQzQ+ss7+88pu2djuj1HiUngDI3G7uzdD1ggClhGyWsHXXWR2UU419MzXIY0/icOm1aAK4LyIfsjqQ6jVR8rsKHioBR+7NYDEeupnE/SLnFMFWpxbTtTf72Ays7ItHgTnY9dlKdoiYxq6W5qTGJncIz5l9gJPkn6w8j9KtoaeIQ3DigT5b2Nthn7jgjfbMg/ezgSFE4nBMmOybi9+hq+alOHMzY09I5J2gFgnkqhV4RWGh5L36QzY5T1pQMiMnq925Fke7r/wnuxv55OYg9/IIrFb3SeYpCi1LqVCp/fQ0KMzST2e3csvtjAGYkyUvCEZQajyK9hS3m+iMUyU+ksa0AnLh2PJcsL+ehJs5KuTNyAlHX2YC5DqY6txd9owa5G2Th5E4CAGQbpMEtYymJwXItRYGpj0Ege0DfcIB0ZGtj9mBS2bbB971J3b0/ntjLBgc5PZI0jEHsbv0Cg2Ohanw1t2iFjsLZM5bbPakz5CDR5ccG+mVl9ynyoy13ViR92/cZu+4+kZb/fA6m9s7FxFr7ohS9L8+6y6rBDI7Wc/IyYmrn7BuphYzkyrxqRBYGrTQBpK0irLyzZF0h0l+1ACf/mxfsw6a3CLnt1iIZxiJ97KWs0vk8M1O08g6eKu/Kf3Ca4K7tDMgOUhXiUHW2Lmx5Js30zHxnRqlpg/XJXIsVIGAnHgWduz6IYF77YN/dratXLoE4b2MHPSgHi5qRSL6dgbsK/rlHStaCAFkpjHIDFZK8dXqkawouUbM5U4be35nb53/Kg65JrKVvkrWwIP7DSv2YWSP+QSSiNz4Sxxfn4NsOOTSDmH/LiWOtip9Fy6BnJK3Ptm7NSU1b0WhNWyHMEAt4PTH70vDrTofx81od+GFZORwUMLHhgjFOSvXD/IEMBeHBJBLnzwoOcUUlS5N7qdLMV7EU19hTJXT2Q89aErCc1I+U1Tmbo2US39dH3/kAcB27HohFGEWM4Mggm3bE4/aC5/zNLv0vNfaXkiKzqhJ1jrUwQN5KNSqApxgbzX2k33bwxKZA8nsLmUCpxqLpGJllVBUe+Mn6HQXSvwX6+qNcDu7o8e+eO0N9o0foawBYpnHUAZBHgyOGAHCe6GnPHhKIJcDp8VA3J2J8dXvt3AFLKCqH/yHiw8nOrAzyVMSDOQuhm35HiVJbJrmgtDXOdE8V8gxGFdVKaXC4jJl/If6FrtkNX44fW8CPDyOpASIPGk8jFDGYZ3oGMTGjAgawi/dB0veTK65ZySzU5hKYOXOyYQh/huCaXgYMevICPS6U0+y88883RaxX3C3sU08/c0EOZLGSsBIu8gjFnNzrKKGCSSX2P7YTYnMic7g5SkHOe/b8IFKMrvw4FGg4EKcSFCMAVRZohTmMfbv3nKHXfntH9tGmwffM3cBI3Eah4EUA78bJTKNmRjY7OsuYLou3dlX8W8Nn5+UoIto7tz5+Om1dcg1nDWiGzl64y6j8tdJIrN97LMvCgbT05vh3o3QOnL2OzpqNLFxJGsaw/3DLpE5zbweDwOsOuwwjcedd95lPaBqdHkxp5zn3Ws5QSFYpBoaR04EOxdz01slviIHH0IGYzQ4hLwg3SP2Z7/7EjvzRc+K83V+DIk/rObkx5I8+SJ/HJ6xihua6E/2KEdmzgSeDtm1RwyQJEPsdElCO73QOUDUlWCj56C81i+RxeiKr3zHbl83aLMXLbNBHJsaxyFIphlQTEaDFHbV5K8lqHekpCf3otloLJ/ApcYA5J6eHuQf7sHvbtuEehx53Iufc5UfnpamS+u68iK6ZR7h/drOZuScKrEK60EzZjTA7olw+uZVtnitJXstxs8SSbdf3XEnigwhITslsqAe9GNH1KKF4CsvxSLz3UpvuNf2IPfrtG0bNtixKxbYhW9+jZ14KIoJwajztLjRXnyOVWhHoD3oUuM+QhfKixWjWnZIFZ5QcdI9KJFdne6qyKuAnInpOA3KwxbR/Uo4gjMtXajo1Dmnw9Yhp8QV3/iR/fCWe6ytl1QDx1eUtM75aRVfEXzVeUBw1PpgtEbG9EZh7vhRksFlCPqzAKd4CQweSu3DgdYhuI/cayIoFyBnhsxmI81VIvsYiVXwm2WFWawmvRn6SJGCIQxrzW+4pnpbua36UbBn//32E5hHsPl0z733WSeOztNQ0iKRx6dZIue8xE2a138d1KkpfF16b6gN6AbG9vIISui+4vkn2jvPPt326Z0NrYNdW5zW8BMvGiJpBeV2Zp+VWb+9nOZIu6MCr4+rz2mjd6rljDa1NZXPJGOP56J2/RF+K/lQGdkUnBBAzmiyrIBEcIwQIOgk99qv/7fb7Cvf+ZGtYenZXhwm1elePtJI8L9TSDvNmLlETj916VsAU5mHYodxFmMDoJF6esHbsZjIkxXiU6QHvxTummxdTboUrwopi45M0fHvkpiSlD868aAg/IjfmXawK4nMMFHGOJO28Drd0Bg6jsaM9+CrPHTr2zPTcWRuwYa3gMUY+VCkUNaI4aCGbcOtKz7lf5ijvoF+27trwN7y+y9C7evnKb6GC4nZ/51O+ArIKaEgUKagmLOcK461A7bK6FSB2muDVPPeYnB2B8jkX6xdwYa7v5jxpTiaEpKK0lZ0BGNCS5qfJ8SYM4LvZRQcB5yZ3mkQ0UWlg+g07DAAHZAo96193D79zZvsp3evsQ7wvokunHVT+v7tAhjPJXMQOrF7lKs3jVIOlBJh09mKR57tIgjJ6TpZb4P3w71HmR+5eEV8i1xLgse51cSoSgAAEOtJREFU8EdkAIhFVA2mA9qrodb9282bN3lBr5fhxh+vPwIpxbwZsuLznpU1VchAs0R2deAurzRRixTTIiyea6n/yRzZZ9/7SZpQ17iVMMjdVHluuCCQlGcMAB5HdsznHbPC3vbG37OnLF+KssgwYvU1uZmEB2+f/8d9BHlUilHjY5zUMF/Oka0ox5MokZOkS4IGkLn62XblrRWosbeOznF8qOaYX4JgZUlZShFWcafVSvXNNK7pJGd1Il6I3+N3OhEKuhXS4bof3mJfv/7fbcvoQgC6x4bbYDTBQm7De7y+jCsyQnk30K7IZk7AZt6D/JtuKtbc4GCxXgetbb7G56Q5uHOJE8HBMTfWuFmiXb/INUfQ01UY0iRgP0lcFEBzpjI2Wj5ot+TJYge2b0N7uWmCBU+pLEDQ9+7cme1q8CPLHnBNQJcWI/CySLpUPz+f0WNBu8qKiBb6BhU/y9MyzKsRNw6Xsyt25/dskOfJgz2zrc/2nttlZ5/23+xMZI1n0coBRDXy2CF91n54hD5srn66LxPIvpvpJKs+Wn6XHMtksJUfOc4Ksre760duphY5OTx+XSRybQoJcEpgnjZWygD0kjt3BKhyYlBdD0EFAaQ8BculSW8ErzcMI4HPaQxk8o3ZMApmIczvrrUb7O+/dZP9250P2PAC1MNg/q8I5ldyQS0gd4WRi/FUrTL6hKHK62e+OGoCHqR16cwFhRoVND4VsEQVGLmdRQSbJbBLrLQbvDRWJcXq9CYnRG6m+E5SKk1s5FgbhWQeUqBR5cHIS2qqg8po8fF5bDW666oylCo5GBKXF9H/ruabvRMukUl3GtW3G5N+bc7XNmy1jwz222nHHWLnn3G6rcIu3Yh86b6FRdcqL6GNL9IEaRW3V3KDy//2tvohYU826Qs1hHgutPzubnPkzDSEGwzB2mz1aAVkvsYHVXUWIWcHRkd4DXRDKh0pXHFaZDYc5ZLAHEhKbgAv1T+BrLGQITiGNmDVIzCfjx/8/F77Kion3X7/ekhjcGckVOSjm0fHcQ9eI+lDs0ROUHMAfRE6zSCYeYJF01dTsyzRMP3DJaMXiqwMzWaDUpMXhwAk5DhRaq3IjfL8jsCopkGkM9+krqJlMdG+cppn222CAI00mVoxlX4Ithkq3fsVZmNsrrBVLBLPVYckUjaO4jOGClisWvqGM06zV59wJOIVoUWjyKZvX7Hfme+CvXEgJ41IH4vvPPqOZvCKMrStxivddikwprR/6muQf8cAFGMvx20I7qJm1cQWFCDnCcC4ICdM+RCwJamsiaQPmCRNHIEMwNKFRUk7gkAipajCJzvxPIGc/JYdZtETckpKMlaLb8MCWI97XXvjzfbNG39qj22BMTZvMRKfIMkd/c109QSYea/6yRJJrziKxDYoxFBFZdoAItYRSYoXkkPF071jRaKE8ZHcT3y0gCPoQISwJngbJoFAzjHjdYMza9MEUWLj0EolhJzuK1Ka0m6vclKXwhV0YwJiIicBOoSy1kT846o+JKi4Bl7hmTkkuBnfvtn2gRfv7Bc/10572fNtIYzJNm5uaO3k1rJrokzmyL91vWDGCRxf7klX4ndNy0wFZF+/IdnFu6vn1SqIv3IV14GMzYqycIankMguQamOfWtUnZCfkcH0s7XjpKAfNIBAVodpJEJyjsCF1TUb6h1+Wt8tRO4ucmlISV4jeTg3TRxkpBycdB5MRHwzhPAwSoDdvWkL+PPNKL+7xjYgcWYv6nb0YsC5iyZFRiMs5rdLGwQp/eHAH4RbEc/dIGT6JS/71aYdSPYHUoaJUwLITOZXzuJxUqgW8X0321w91h918MqQ5AJKCZuTKOnLltJwdUnFvBmjGPM8ZElprYIRRVU3ArkR1LUWJJIDtfI/y6L04HV5FGjEcZeQfcHPKOZycNsW2wvlm09/wYn2upe9wFbtvRhpg5k6GunI8DUWoMlgsCLg1C+nKaIWIX3d6HOiUkXRxOgGfZN9E31j63Osms9k7ppEVnkyXzniyBUFLAJAEhmTTyAn8OieksEFcBDIvAgd3wQojQX6F4uxxwQcHDxW+xR3JuUA+GWwwSikdwP3V6laAkY7ZZwMlP3qQqZ2jC7r43Uil8Yv12yyb3z/5/azO++0zYO8KbINIb+aPKnknqxgykpOpDgYaC60MWgD1kARl2Y6MJb0EtWmBHDt1zYDiaz6fOKTIWkD0PWzeTkJDUDmBPNeWvvsm99XbQGQ/QwgF29KUJeYeq3Gi/27zn81Z0Xy1mVyuD1jR5C8ZRRfGYOQQOo/lTYY7X/c5qM2+PNOeKqdecpz7agV++l6zMrJGBGFjAa/VYtrK9fb49rMA8UmkxwfpZr+2NMSOddwjL/O7I3TKSgRCsmHSkV1IDsnQrkCAIA8UyIPQKG7LNuvenDB9WZhsNL9JuOLaj86RQriW8KI5QjPRl2QSPXF4CnqS8YY7sVFhAFmNUYCphvP2aZbH3nMvv6jX9hPfvWAbRiA16NngfV2dUsmDMEAJHiVwBULpTNKXHFCGKvgpQdSrLpUpgapxicQlYu6oCYPSmKxaTjCH1pb/Lk4E4D5GacNDjJSC27Lpwwb3I7NhtRqxHDitUHu586ZG2faeROQIMPz9CifBoBcatKrCCB3QBjA5dm2dcT2m9djp5y0yk593rPtqYgZJtyGUIxRvDaDtgTegAK5bhOQnXJQS3mY5vRsvaETjT2qAbyel6/MQ41qSJIHONNVmNXElB9ZQI4lxC1V9wTFiudf7IQ0jKtMVqanF0IIjdcncbdsSTFOpu5MfXG5lRuB9xxAKjDuLHHQohOoFeGLA9ulVNIPbuizG//jVrseUXX3PsFKGsiA2T0Hc4vFFpJPCzDAlvAtTnzlCAYWSC2cUbphNenBz+UBSZdSmbOX7gWvMOoT65FpPnY0hCdJabolZdxmGCjsAx1opa1RehoD7NLRrxFgdu4V0jk3MYQuRyAXJozaYSzaQVC19oltdsDiNjvlxJPsFS98th20bBGkM6tNwE/MwHcIJieMEX2YQGYfpEk8aU2meE0gj08D5Kkkcn1Y6x6ayjNUhSdM5tMxjbGONUv4x409lScLaqEt6theLXD2D1NFcfAZENIFCU3rPxeABrmu3XaM25afUGeKFGQooM+Vk19vpJKhcKBHOeVOYfhY3T9kN91xv91828/trtXrbGt/F6Q0LBjQkVFqA/qCCVjx1ACCNhA86o0LI/PV1Y2+Igkkwd1rkQu9TEScNtG4yt/caiFUKjqPX7EZMva08YPdMgYaMZ6Zd8JzeTOqASlSkrEPmVxxfIIJTmi5unFGX/Mg6MPY1i22BDbEgQcfZKf8zrEA8RG235y5GqsBziEOBLfhvmPQWPQHS9pJU7H97KfvbuqaejfGv0YtXLPtGYk8vcfC7xEz5wuc7QmBcNiRqnzqZfaoqWiQceOAD0kcSsPwu47A0ldf8R59uOLKIcmnNEJCws0Y1wo4IsjcfRNU2Q1LSRqNagy6X5WvKkMjeTjegZK2ux9+1H6A+I2f/vpBW9M3bNvw3S4cveoBqDt5NiyBVybBjdPKtRbX1i3LyhKQQy5qYRcjkHNMqRxGXukvm6vdxnCt8X0tHd+kCAmhhSHpjM/zyBRtDvdq88KhJSiNMyZYTnWnWowL5tAMjzwBKjeAa4zZPsvm2clInH3aCcfbQYessHnqAkDL+AcBlbSAuYohlUMgyRDl/IrS+W+pe/zdBftBRn5Zn/xsGspuLLtZt+uPunSu04y6OzOWU7kb8TEEQ/6oY4+lRwgfdaEkrquoJal1BzddZlyZ3MlzgLNQTYd1z4FyivCKPSeRHTc+Xw5o5hH2XaeY0JB47p9N6RhAJ1DwJ/3Q/PT67SN2J6Lsbvnlb+zW+1fb6i2bbfvobBilvQA2QE3fsYwWZoOU6Jd0S/PXce73dVXOyQp3FIEU0sk5ry/+XNSa+GJQEjgOxAatI3g5b1beDF0Ex8QgmWkE+p1i4WoDxanLBMBKoSMfPQzc2SigvgxZUE445kh77nFH21OOONCWdner2dzMoDdEefIjNVXOL+dbYy065Dtr9L/TEE/Dm4urBxGBfoo7KY4PiU/RnpPIdQOZ1/cdvrogib8p8DhVePfxjRvtWSedhD5Gxj3PTM7B9pXI3bB6uvv0J9LjwB5wS1k3xn9KFtjUyWpthiSdiXTmXKaUp0SmrApTPgm+BjCuRRgnpx6NQe0kWGiYMjs66EI7TnTzsX5w1H7x0MP203settWrH7E16zZY33aCrR1+blAQGorKuxDutQCw1qomixPJ9x1eKmUmWRopDTSxFZD9476TKalMAGYsFIErAIfHFW13oDnf5bWVaoASFMNNYdIBY3cElICbVu1j/bZofq8tW7bMnrnyQDvp2ENs1REH27JeGru8BIWPh1HKGx22ApPkCCAhqARk9ix23cjRY9nECPuWMg1s3z11b4trCp/hXYdxhRBfFNXYTaIZ8t/H+w4At0/QmG9d92378wveTWMPu/cEpDbPY/3jOV1x/ElVxM7SVZY3pUuuwYgJCVWal/jNF5TPILve2InmZ8WtxLmNTpbLxCRkOyQv8Q+3j31hJcf3b/gOr9eoUxwFnm0FMB56dL3d9p/r7L7VADYA/p+bkfIUq0HHiPBZZpafBdfdOA7QckH4BNO8lGUXnLty37l3woNlnDXwlIRzeN7TXY+ckPCyKsYXgNZzj7dgX+WyxA+9K0P961CodQM8QWZLZ8+xffZaaAfCVXbSqn3tGatWIqRzX+tFEFU+xkALqbh8O1vKpXB6vlDiLhTwFVostB4XCfOSKP9EjeOz3dzmn42yG3XATT+Du/JutSSklTVvMb5iBj6Pop2xijjSp77idPvNb36DeunDmL3oND/sW7t+UkSDz4g2SuEYnGxiPdosVWyt//GxujTW2t/JHnrnfDX64Fdeb1j69F8H5ehGcJCSmbTQDK7O6Q2hFw/XYlwIgU/g4GcLDKyHkIX/0fWb7IGH1tq9j/bZw49ttM19/bZtmId75P3z5nM3k4HiqvmMncKohCTZmqoWn6PUo3983ry5tmDBAtTm2Iw4BmZ5dK/MGEq/Ua1zA6kDr7UxbJSHdbF5xJINC/G9w+BpWL5kjh180Ao7AGUmVuy71OZBE7KONu+n6L+gNSUZe6sRDowEW9MnlPtaS4iLxsMMOJaMbOQ79HErroXjhd8MM2i2hXZ2Nndm8l1AuSQjJRvF+Ki2C0DWjc0wtvP2O+6wV7/m93VZCJAkgY3YEwfZPf6+M+3+f+6z2wjwbUP2GAC4FgVi1m/sAx8bsI1btmGDZsi2DKFS04iDYFB+a8o7ApSUIaQ2kL0AVZ3moSg9g5u2bH4CfBPbv5ALXSiSOKe3y+bjZ9H8ubb3wsW29+K5tmTpXNt36UJb0NNhCGT9/4/aCETeeSx8N6xPO/137c677nIgv/3PLpRSE0eWdONWMzcHtC4BZud5/twVrFu38SyXZeFM9XVal8j8268xlWTODZiSHUiLsuJOlAhZHlfWPw2oIrGdLyd/9gVdOdH9nv4jbksVrvak+grHvwwfemZgACp/L3gmDEN+cgR2A0+8MJSyD3ESWwDoYdSD3oqSZgwTGeb7GitsElGb4T5zEIpKlc0MpayT0QMjrAcSZTY2aeZ0g3siZbrKdKFv3BKm12hcMSc84BTb4mR9OXaiDhJMZQ7YrbC7Z8reiqGWcozAYFgst/YV1agoQwLG/dp8TQZ/zjPb9GSK5ARwzr/2AtxTxMYzX/X3r7++wPy/AI0bG4ZUV4zXAAAAAElFTkSuQmCC','<p>Description de l\'application 1</p>',NULL,NULL,0,'Jacques, RSSI',NULL,'logiciel','Microsoft',NULL,'> 20',NULL,'2020-06-14 09:20:15','2024-09-22 13:40:11',NULL,23,3,'//Documentation/application1.docx',1,1,1,'1.03',3120,1800,NULL,NULL,'Critical',NULL,NULL),
(2,'Application 2','iVBORw0KGgoAAAANSUhEUgAAALIAAACtCAYAAAAUCiUmAAAgAElEQVR4Xsx9B5hlVZX1rpy6q7qrcyB1IoOAAZU8jnlGGQlKMiOMjDNKlCzBLIoBUMmSgyBgxISMgXEQyRka6Jy7K+d/rbX3ufe+V1Xd1TTO9z9tquq9++49YZ21195nn3MqBgcHhwyviooKGxoa0s//yxeenz1zcHDAhvh8/BscGLTq6mqrRGH++soSu+an99v/PvacVdkkq22YYF02YH2Vg/gcZWYNKiqtsspsEHXgn0P4GxXib/4T/6/Q//in11P/WFleVonf2BSqP+7BYuB/vDa90u/p+/o77sF7VbLcqE9lJUudP2ek9kz34PV88Tv8vfg8lUtV87Lm5WCb6RP8fxBtUskfqktvf58NVvE3tMcQyoE28gryv7xPP37Dv6EG66+osd6eNVY70G5v2mmWffRdb7adt5ljtbhusJ/1QJ3wb0hFxD3i99QkLAOryipElUeq6ojvRdOpa4qQG+394k1uv/0OO/XUz5fctwINl/fUmIuxZRdmABC+HFRDaI3BgT4bGiCgqmyoscpe3NBpd/7i9/az/3nG1vZWWdO4ZjSxdziuVM9VAnGCI++hwUgQs4/xH/aA/nCwV8Tv/lmAW9c6aAUNvD1YSSDjHV4CcBeBry6NgVAC5PIeURE2TQrlzV8ycJxjvFwcaKoJy8Y2G9LAQVGtY32bTZs8yaZPm25PPfuMVdbXYJiz/IC4j3J9Tz8rSRYA+2CdgSqsshr3AbC716+y1qoee8db3mgHv+0ttsPEJhsY6Gdr41nVNghiSHeJEnm7RpuPoarDQFMEbVbP6JqN3Y9tRDCfdtrpefv8o4C8qfHh8ApQiI3AsH19VlNdbwP44I7/eRgs/BtbtKbbasfPQoPXAVR9aLjUoOQXUoV4U8AbEAs58wT1BgtHN5YMHAcyAe2MxzYhkzpDZoNCgyG6DkyXWFogdWz4M3CfQQJrWHeN7Y2SwRFf8UFElibj+YjDUwRkMWFfj1WDdedsu50tWfyKbbPVVvbcwoXWy0KwTgFmbwwva9grryXLHgO/Auw82D9k/RtW2VYTa+2Yd+9t795nT2vEZX0DaFk80PmhbHBGG6iJxImpZ0eqd2pn/+zVApnfJZm9/e3vsYULX/Sq/SOBnMmVGMtF+ZJVmVKAYGJh0Fh/W7jYfnD3r+2RZxfZYO04G6httv6hGrdsYgdvUP+d3erAJvMm1vBW4t/e9VV+hTqxUq3nskNA4b3wnyoyS7Ae/wZcbICXYVR5g5N98Cya1yTBeJ2su4x2Png2g57SgE9tw78zmaHyed2qUBaBDsBmWfp7u2z2zBk2obnF1q9bb62tE6y1ZaI9+dyztmTtaquqq1G9KgB0tgvbC9+UgaLaGEQ9VHYhEJ8ByAODDVY31G2V3eutqrfddl8w0445+G32pm2mq879LJukX4BU7RLyK8m0DL/etnygN0dYBH1nJJBv/ntPP/2Mvec9//qPBbKPuDA9rs5KTXIMyX4wcWV1jXWh0274zd/shp/fb+vAAE3jWqwfLd03VI3vVQGMDnb+p5KmH5+xQ+MtMahATYBmLUVJEYytrya75XSQ5ATBTWnTD4ZTw7PRa6r1z/vZ2bcCjMxhMygwDWdkyZHN7w8fd0W5EvcYpGnS+153jTO2F56/zdazrCZ0NYH/zDPP2I477Ww9aLunX3jBquprnclZ3gx7PqD5gZQz21IQgzUD2IcGG9FefVY12I/2HrTujg02oaHSjnr7rnboQW+xluoqG+jptgr0Vz+eKf9Eg4Pt4gM+Z2RvCZa9+P5Y5NZYm5Bt9t73vt+efvrpfywjpwLRDMiRIXPJgSC9uENXA7A8s2a9feX6O+xPT6y1xnGtVk22oBNY8Ncyx0yOjL/EBmo6Ke2cnQNOifW9s7wDdXWwKOmIGpud0N/bYwP4N2H8eOvp6bWOvl4bqq2x6jq4Pup18HpBNyTIpmdkJnqsvTDSdRxQAQU6rSo1nUfWTFpiAKrWbNrUyTZ+XJOsyN8eesh2f90e1t7RaUtWrrB5C7a3J596Go4voKgBne7oD3Q3wQc74UzGZsXc6lDikXASCNlHA2adL9lbwM7/+cH32/xpE6y/v996cX/YSQDexVgiXT6yt6/fBvpRVjrrMCUui9Rj0W9b0kil373zzrvspJNO+ccAuVwfE5Q9PT1iHXZINRsBlaTQu+2vT9hVd/zWlq/rt5qWVpgv16SSGrKqzqICsiiGEoBeOl1lgteByJ+ZzCgDcmpsNkElBhPNqiRGYKWaprobcRCAd/s586wG4H3oycfhNNVbbR20ORxQPUVOYJjjYOT0t5trZ7hX88oYOYUA0A6D8BkqMIpcD/dbA8pVB1bcZZdd7He//a3tvONOVo3B9tSzz1pLyyRYrwGrqa+z1WvXe/sG85I0BNsY+CyrZBPuLQe4Ai2k5nAH0fvPJR8jH7Von4HedTa+cciOf+/e9q437wUAA+AAfRVDRfGiVWP/9vb2wd9hdARGrQZkgLKwHuxDDhSpk1drusoad8mSpbbffge+9kDW+A9mSc9k3/R2o1PkuMA0jm+ydrDeNbffZVc98DzA0mrjhuqtuwIedZH10Mg5cNKgHp2R6X+XM5DAG++KEzQ4+IbLEnZgNf7ua2uzSRNabNKkSZIQj8NUVwIU1bV14f+RuYp393K8Fozs9iQP9UlBwLw3j2tEu3Vab1enbb311tYCa9HV3m4dXV0o5xR79NHHbPbWW9nKVausG+1ZDTnRx7AZrFxiyDyCw8onyxRt4HYqPuA3AErnjaw8ZOdKvg/0Dwx1WtWGRfa+/feyj7zvnTaznmG6XjH5EAaDS6tKlKEfFo5xpQqBuBaDLZ7sz+J/XyMgd3Z22W677fHaAjkDMUc+RydNFd0mNG4/TA0HaX1TnT2yao1994Y77JEXlllN8yw0UMRfxQhsZDYB4VdqGpO+ypytbHSWi4jSVsqdswKjkq3kQIFVKC06O622pspmzpqFcvbaSy+/DIepzqpqoDVZEjGJwgGEWdYhWRlfZc8UQazIB7UnBzxCkXTgtpk53Z54+O82e6vZ1gn5sP2C+fbii69YRU2dbQDIVy5fKdYjAdBSVVZSfDhAB0AaHrsgeXqL8hOWXnyRmk1WkO/gu2BO+iRpYIm1CW6GAjnoMch729fYjttOszOOOMB2mDHROmFta6CbK/hstNFA3wAscDfuU2l1tbVWU+tlcumy+THnrJtH+IXWfsGCnV47IKfIQ5IC6ZmKDAxAVgx22VB9q/3hyZfsW9f8xFZ3omGbWq2HwfmIdXr0wYFMFiDIHNQBzMSiITfYwqF6Nfpz7i0F8nClKMOZkwQHG7RgD4BBOUcW4qCpA5CpNd2x46AMttLtEyNH+YLpXw3RqCwe9VMVWJaBvm7IiV7bcd62Vl9bZY8/9oTttddetvCFl2yHnXexv/7tIbQcngbwslno0EE0o/wYlgy9sd2hqRkJEqwDtMXfS1gydDGBqHYvtKzmioh1fHkAMeU6snPbKpvSYPafx/yLHbjLdtDSPYpoVOD5nGOTPxQDP02W+Fh/bRmZd5w3b4ctA3IxdJTaSrUNMGr0o1OG+nvEbjf+4UG77M77UJeJhuCwdVOoVXcHR4R2ookleMmASVpEH28pI7O8YpaENv6qaAeYkJInNK4CfElDs+mlz8E0WUn9veLr1c6MRpAqbzOCBgw3FTJnq5nTbNErC20ymLmrCzHj6lpo4QnQxM8rOqHBReBTv5MM0gxgjNyipEoQcicvbwIfQdS54m39nsiB7+URB9hW9McAWJeDBHEL6yIT96yzEw45wI4+6PWYQOlFGci+3nfJCdfPCMOlmcByA5a4SeXcTDbYYiCnjhxp8oPg6OUEBpyBQZiqS279vd36hz/b4IQpVtGPsBajGArau15j41XiWo5qaS2EnvwzB9XGwzbDpUUxnJU7UgBsSJ4MQKkSYBk3w3weIUt4UCK5F09nhRFpn2zDZwzsqsw+05impUvQPYY/GMqLIBlYFUyHxzfBTM+e1Irp4w6E1Hayv/71QZs5e7YtfPFl64JT6tPx1ZAOLBPbSMGvIjrdPhXnjaVf8/GZYyW1XXqn6K7iPTW/94VPonh/kBAG8HsNwDuEuPMH99vRjjv0nepISqNqRUJifoB9KtLIh1A5WP1zb7Di72Nowi1j5CJ4s6B4PFWVhLNCzdaO2n/z2nvslw++YrUtjdaHzhqUy+z0JxOIaIA0nCY7cgevkiAKWtlcIBcboBzIRWb3vnEKE4z1u9tRPZqdFo0sLS+2cSCPVqbNiZVmATcMHg7oAXR2NR7fBA901vTpcuTmL1hgj0JaEEg9cDTSpJBLCur+AAgniGLQe0sG8ATzUtIoBXKRkd0PcBb172e/888ANKNGVYOIu/O6yjobWL/E3rP39vZfR/2LNUKOsbBZeLRARvyVMuX/C0YecTqVDRgV74U2Y7iXkxwXXH67/erhxVY9cRs0DLxezPPTCZAJU/jH9WqaxHAWBvclh4PXbDKoNTZGluSJjs4Gokgnn52SRWAgT/UJrehuvEJHCSj8OwFW0oMS5VUwcybP6OgRiGyann4bjwjEvDnbWU9vr61YudLWb2jz3hf7ykuVKSOLZw6jwJdbL7alylgYqGLwAGTwn4DrEJVdzDggXZcP5mDjuLZ+sB1yq8p6KhusHo5y/+qXbd9dtrIzP3GYtWBmsQfhQ1rZRE4eTi4MIVm3kaXE5sgLSYtXm/1WZGQBUdO0zKvCbBzCaO29g3bBZTfa/U+utMpJ2yB64zHRCnzGCQaaQ3acg8Uro0ywaD1Vf5ieSxV34OXMF6oOAyTNJJVICzkeIRuSqZS58wma7KXnASYxk+fWwL+r+kYCUX6990vO5Pmt0m/l7F9+RTK/BCgHySCy06oYk0b4alxTA+K0lbahowORCUZPoszR+wJ9ZjEog3IgJ+nkz0dkhtYu6pHNTA6DrF9LOk0OL6fENXi9opl1cu2sEkk78961CPutb+uwf55bZ+d88n1W39Ak9mUOY8JwmhxJzmO5nHg12XQlGrnY8RszjQnAaewqKkO9SxAz3APttrKz1y687GZ74MXVVts82XoxzVwluua/SEEEStwkEigEMRoEM30CDsDFhk96OQXaU7sPL2uRkV1zFq/hfSlbvOnzzk7pkWLS5DA5f4SlcAbPch/0fs68SW8z7ly8bnP0srNdDJYoGweMl9bTOjnpIJogEDkgw0LoPWrssA4DsISJCFiLlCLL8ki2BZB5Hd9TX2bjOP0SPzM69jZgGxZx4Ve5DCRaRQjUzAgL9q552fbattnOOuEYm9pYD5fDU0Lzh/nNy8EcE76bHaJ71YxM0KURNhChFo7cSsw6LUeA+sJLb7OHFiKQ3zJZqZkEccqLcDAS/c6eHAJkajUKwRx5DBzDIpyCvkpALkYIHARsbJaojJGjl0rZO5cXBStXsLelQM5Ii2VxGvLi+38yEKlbR7CH5f5D8X7F3/2pMlXxnGQt2C4BoqKFIm5kzdh20X7FQVH4nWXQQA71UGRrr1OBCJLCcJx6XXmvSCl1qZKXXN/neIgMQlkFZCoOdqyxPWfW2JdOONJaYVl6mF+u2CadUHf+UnOWtEPce2PSQuMvrAO/O38+pMXAADNTSjthdEYOByBDFJwTkEAvClkHfb8e2u6s719vDzzfZhUTZiMJpytTXN6OKSCTbhCNGOY5saUcDFG9Ayd9L5Vz5PJ5dCElt7vJxv8k/wq1Lmuh1G/ZjB8vD7yWg644IFLnFoFa7OTiYBP2C1KoBBiFpHlW101rYmkOzPiu0ijzwSNJoRq6NUyoK5FUIyAl6fm8bh6RcSsWra1EnxytWXnxVrI2qX6ZhWbZaVnxE8kGVoOC969bZnvvMM1OP/bfkHyEqWp8yAkVb4/ULXy+1yQ1eyLJ8vbP/i5aiwRkJICA9PzmGw8lsRHD+YmCcHix0XvRCF3IZf3KlT+2+55ejNm6qdbRwxBMoiwW2llFjaU4MXMXNMXgEoMRCk6EKGxDJ9AHTUo04k/lxAYmS8uaOsI/zxKUwhxXovE8CYeNXaCTYkt5EfwaNrJXt5S0CUZKC5Rb6Z0F7Z3pTs7myjKU6vgkIcpXgpQDq5zBy++TFzn1pocK3VTnMijTw3JA02ep7p645c5p9Anv4KPeGTgklWRFJHx5AlAWDwlAhhVVWztAlU1IKQJJ1LlhrR2w62w7/xPvtQbmc8Nq5z3gINYzYygK5KMhOD7IeCn6R9KCjFzeWCMxno8gdp5qjP8g5olpZwKvD+GWL1/zc7vnr8+ZTZwBmubKAl7rJk+ak+jQAJBNTFbLNWvm9OWOlXRgCQH5EPaOz818Xla+GZ/p2d4aKuprzMhJVgwzt8XeiM5I5SsHaGKy9H6mWcu+V2TYkfuXDy1QVLSsj9uC/g6LkJgwlSuTSz6ER5RH5YycWVa1q8usiPWo32vQ/yQOLImAzGiwobWL7OA9ZtgpnzxE5BaUUiI3I1iYV3Ekvolqqg5Ra/6+YEEhajHaIEjvF7HgRUfhkRwyBHF/yU9+a9f+6iGraJltFZhnd5ZNJeHvPtyCjEtpzid+C+MxmVI6NXn4q9jxiTUyoIol6OonpykNawd/MW1oWIMVKp6YYBTOLmmiUgCkQRMdGy2dQOOGIexuMHWptix9Yrmm33jfjMpfmQYtGQyJ1dLSqUKko1z/jqbvS3yUYBsBy82h5gb5mH5m0uEnInPWvn6dHf5Pe9nph7xZeTdM1OLcgQ+omHyK37M+isGYwdYf4thjO9KlwL/5O2zGFLXMPcab1hkgOtEP08qEmpv/8Hf75o0/t7oJM5BGWAeK53Xufjj5Ov8ns+2WxKVAzBXFiM47Uw1PM4TCajEp7lkEst4PB0hSgUBmmIi5BWwcIdwZyUdQcbJ2LDBNZS81c2o8NmJBc1BSpIgAn6iZOmY4xvtZLi7LLGfOQc3PKU9S5CQxcjLrI/sBRUgnTsrrk8imXD2VDDo833O9IxzJ9o1pe7ZWmuhJ7TuydS6EJNnCahf2dbBtKkjIOe/PGutbt8o+e/i+dvSBeyAtFLk3YGuBmHNjafKrhNKK9S34Z7QCGckRyDvmceTyUT/c00dBAw+DSECvqqu3Xz32kp13+U+tp6FF4p5Sw+fYC43Lh5YBOdRFTE1zqpqamYD0UujZqaH5d4rfakz4vTNgc/KCObGh69SoGkBqWRk9ATk8uNeckWOsJK2rRbRBxZoBjM6VJg2EJTZWRYKti+z3WjNyGvg+WLjAgX3JdmH5WF4OPAKKk1RhPRIZlBH+qMAWcUXrRv11zwC16oyEo0okG339U++wt+6+ACu+4UcpFdpX3uTMG/gpYWTHhkifUcbMsiBpKEmLEo+aITB1hrMgUwSzVxSKjfDY8rX2+YtvtuW9tWBmjxUyeE/TMgjgiG8DUOVAzgROsGbSyAn/Ccjpufo7RmARBJwJra6GRkfyCh2LbKRlzoOjzIP7pfKlfOC+2r8z+VAYvHKUxFHw0rlKAs/vxuCv4KqN1AEF2swGgXon17VjK9OmLUw5I7M/5NDKPLDfkAikhHjkTbCdUbYqTsFTsEU41DGS0D16yUbU9CE5GJbr72m3ravW2Dc++1GbM7UVz8LSKVloLHMNaeG+Tjid+IQl6QNJJmvGyzRNzz7F73Png5HxYL7chhKHACQcQEgHztEhlZGJ5Ry8ToMaYW3QwZ+96Er7+xKk7jVNwnQypp2Rvsf7agUGJzMQlaB3z04koNO6sSwaEEzterrUXGeMHJUpNptizT4LgzTLamtubkJ23YCtXb9BKZceNnKz6+POA+9c5xdjemz4GONVRSCrHSVzAsgoYz2y/pqbx1sbEuI3YNZLA45xjcKSLWeaPH68eYy8aSBnVVETKHIf/Me+7rXGxkZrHt+C5VJd1tbWrkktpWTGQlt961VMv/vTXHLwxVXuSsPYsMJ2nTXOvnnSR5FTQmvMqex6B6AmzGI6SD4P/2GQ9cSqE1S3FpK2mlQe8w8lQKYR1lpbNH4fNvmgTOCrFonRKXbIypBhvnfjnXbD/U/aQOsc6+yvsAZsl+KjHJWXOKa94LChJvRAfFEjc2raAc4K+vL2ou5MQC6G2FJDusxwNpnQMk6ri6lDly9fgbIiEK/7wlTxugByzsiCzBghOrbLxL4RC07MlzEy2nJ8U5PasB/ksGrNWoHE2SQPd/JJXlfv8M0Dsr4R9SrTAam2BULQ4I5MAA1uTFg1N4/DMqoGWA0vYw3KqzvyewJT6OqkLcfWNCNcJZccCqPWOjH796H959uJH3wfVm13a3lZSvVUL6nMeVv0I1mKS6jYfSTXKs6mEmK4thTI6hA0JhiZiws13YmrqqPhKzkisWTllgefsIuuvtvqxk1FeAUbd1DfDDE53mOQEu1FExRt7O+5VE0FiG4btVlG8poV0gszN3v2DKQ1guXwv1VYdSKNlzl4bAyCnj2Xa+TXGsg58Lzx02QGB2gNWGOK0jEpK6ptxYqV6ADm63L0FTRh1nEJiGOVQWFGNwUsH/liYjmT9EbRLpUgGobDps+YKcbrhRVetWo1yMrlpOvh9G9TDxn9c9UmquTJshzIkKBty+zzH3u3vWfPHa0SmPN5guFEw/cyRsa9KHe5aFl8j89KpUWUQymYTIaPynsLuFZ+fPka+8zXr7H2yvHoJI4g7ofgc0tcGSCHjY2VMW4O3ARer5Cb/k2BqlxvuWWMmAt+ra6ptIaGWmtv79C9kknKmjQx/UaBnMqyBR1VYA4BJQbaANiuniuxMcD6KdlYdlEStHKaWOC1wHVuNYaHI0tLViwvWySlYI7cngqnS+q4M+a+D51yNSbeHLD6+gaZ6y7o+H7IxsyRomXTZEpaCb3pPhupFROQU7opU0CHOKAHum1q1Tr76okfte1bW0rki5NYJC/hpv1wDIlLl4xYwKwFrYyyDNmcebHUKQGmuPdYEvoyk0BhB9ZdnfP9G+1PDy2z2olTMQ2J1QByBhy4GmU069TF2PLKV3f4cnOR4hgYuRikLx+ZYmJ2Pp1JhdkcMLFDg0cuWIo0Y6U5caf/IXREPiEjromBlDd7zv4+qbK5r0z6oEweugqNLgB7nFS5+Iytxt5s1KA+G1daphEdplELlM92Fi8ZZs3YVvKScBUBoT4JUiDSSNoaUFjckBKK2FJqDNes7nNsbstEa/PRgRWOn34AsIL6eM1KO2DeNPviCR/0MKbKkJ5Ln82Bq/7j9/V8/s7y6qbOyEzj9CCV917u4TpIuvGFWsQAr7rvYbv0tt9bU9NEbWlFwKaXp2PmU5cJ1NmMXRmQy2XqiB1XYDl/TpRSU3auk6nxWPFkzlOGWypXum9sHxIAjg6hho76pqhBEU5j1anDr0uCiZUmo6QYuFsM3+mIasedQu+R4nR2cXrbS+S7C7leTfnQsn1yxlzSabY0AUWskSMutxJphEaIkP3O8U7HzrVHPM9JwsGbLJ3fUyumC2hOA2Zjce8iI6vfcCe4Vlg2BUuPNwYQX/7M+95ix7xjb+tD5CStk/Q6+wBzbBaNubcHyzyPcWTFLCIgnmQEP1VKLthkEDrvsWWr7cSLbrT1g82g9Kggb8zRE23D/Q8oLbIV0GGF0rq71Kw52RXMVLR7CvVIa8YkSN5AabhxAiI3xcX8Y6+uD0kHqQOAq3t9OtlLocSiQkf5NlA5Ew/v+DQ0hv8UkCVrIuoQpKftqZSG6UDm576g1sNIvsyLPeOEQECq5Pq/AzTPQ/Dv8z7FdpETRmlBvStiCcaQtXJSKm6/pTqKEBhLjmhRTDy5s51PkrgZT0CmGU+DLWdLL3dettHAnIDs24uxA5IdRRm4uBcJ+K29bXbRKUfajtNaJCFS6mk56anOHAz8mc3sBSOreqx8JJST6ViNSiQCIRhjJ199k/3liWXwFltdDwtJjDb49wQONjwZAd+tZNRCAQsmqccCyUBwEv05Z/ioUh84+tycFRjZn5CSvfOEosSkqhx1VwJu3Eu3xe8ejUkgCVPFHBE4GN1wxJRrGwlJYbWyDhoJwix7Ykaxk2yaz5Cpw1mNaJeiKVYEUGXEtTEb6YwcQA5No20UBOwY/lEffszNbRgFoSPpkxsOQH8FfYm5UjjPP3EWZUNRH3vGnLobfZnt5yagOdgHmBseQJYTzYhUDJDRALsxVlYZeD+RJjecdP+Kr2qWdcM622fBFDvv3w9FhoYnM+ljXR5huRSd91sEXsDI2xeShlKHqcD4NtI+UMkqu/1Pj9pFN/4Y8eIZaAPsXSD2ikKp07wj/IFkHU8HzBLVE5rKERF2InWBuoGASLm3wndIHj0zOkLv5S+vUBoWudzxhuNAgjeMr/ZV1mI9HLxdtklvh/Vi18mZE+psu21m2+RJE62poV711kRBPK74nNQR3nrpeVH/vPGihd1S+fcL//UR4CXLb1HWMrlFcWZ2sPE+bVgpsnTZSnt22RpspzBgdU0t1lc3HnvkIV6N9XNV9B9k+tPN81snyxEMEeB33ezSIvGJD4CUG+1YizrE70WLVQyRjibHEiPLV1KREjW51eJ/sTOH9Xest/886t125BvnYZILG85wMs6rHmPUy1EuRaWRUxqn0ieVeOOdQ9Z9tq3LTvzq920VFu72V43DHXwHGzkN8qXixqqrg0670sQrmcq88xMGXOsp6E43iFqP0RIuwAxW43eyhZSxYnlkPeYhNjfDbl494oKyyfYo8QEgxkaI8HQHO9bazJZqe+ebd7O3vWknmwEQ1+Jbvoj9//8XfZbnVq61n//lMfvNHx+xJX1gZ+wbXc3cb/WH778hK+FjRkBNuRPaMoB1DUpL08pJdKQW8CZ0eAu4qV8SkCLpqMjC6fdyQKuvQ79reZYc3FghovRen8rvRJx4+vgau/a/DrFpzY35SpHM4ozsiM9hGqeAzKUwCQZoBS2FAXV949Zf2g2/e8gqW6aCjXuzzE4AACAASURBVKu0ujdaQT9zSeKaxVf3unNQrp3CSKqd1DxJQhDKbGiKfq68lpeaQypZgOx52fe8yTMdqV5LQPaHENtcHElDWoO1goPtq22f7afZcUf+i23X2owyAORKcoqkchXSG0vsIcuSmCpHeipdYhqZ6HjeqEOh+KXNGi/uxDm9cNkTI0NcbV1lL6xYh4Stn9nfn0cOODZ/5M6l3DcpS4ElGXioNdpKnTasfVXtMguZcpWzSZokmzRAALxYRS6rV3AAR5IXLiloWVI7hRUX6UQEikEp3LNjzWo78oDd7MTDD+JuiCIf3+0zUh+yqEZIC9x7LleIaPEpnxRIHsIMSiVCbX9btAzT0Dcg7IYG0qYciF7EJEkCM5vX92VIwME7MZPnICvluHLdpu8VLHWJk1Vs/AB+CguV3je/Qebde8+omH1c+kgWWr/Y3va67ezzH/03JHjj/Z5OpBcStNxJyDfxyzaeS+GwZNYkc3JBkWa73FdIhjKct80C6Vgu9gcIyAonui/Qh9HDGa5V2FPvi1fcZn96crENNs+Etq2w+iFuj0t56CuuPSfBGzT5FcVwoT5JDF0oUuqvJPEEFAKyQCb6rHDv9PWi9UyyJtxMkZ2/3Gp4qNKxRMA2Qfp97aQP2p7TJ2nvDkYx0oj0++aDk3cRI3vUwp0EFRTTlH0A8sk/uNPue2yJ1TUDyEyUx7er5Kh4pdNWVu7ssH50wjiz53HjNPJHWnWSNyJjwsPNFvMQiqxebJzhXV+EWDIZ3tjqH1ibga5223VajX31s0fbJIxwThf7gk6P9XojuvlTZRTY5Qe58yQtF6tXtGYxdGWEUEqy98YCz9Jr4rnDxE3YsSxWnxGn5BTj6VVImlrU1msnfe0qe64NAqluHBLbu3SnfjqMbiqHkUr2/ARCdqMTdvbKACvguGST/CtYzXRNSkctyphMamgOAHeWfCxaXALZB5rOf8HnTDzrWrfS/vl129i5WCJVx/xmPhulioS9KEsOZgEZo8AZGf9QRHmQ9z260E6+7FYzLFlieIdx4ip5s7GHAqleAUgHjJbxy7TiP9yCNYCephwzUIWBTC2V3i/XX97wXlDf+G5jB8yMxMhRIRpalL2ma5Wdc/zhtt/2s7AdFcwVRzjLSEBGuqh3SLqXD9bEVCkykSISwygh2Cyz4ZuL5EQxMfhG/Xp6jg9BlW8QoK2qabRfIKX23EtutVrkhXfxrBt2vMx2+Dzss2x5UwRmN1LOEodOuSEBZB5YVK6X2VaRYFRk58TEYtqYZCGQ03KzLNLDPpDmJpYQ0cBAaehYYhf8x+F24I7b+ur6GIzeBE5AadgJyJh1wgQPWYgjGIIbhf78xXfYAwtXWPU4HH2AqcGkN52zndcz45A1fgxpbXGZQJge5iYkrR3ju4nJdS11DwdtIdvK2a/UhIwc3smBnK9Bcx0nNoanv9+8yXbeZw6x2n5sUshjHKTlVYpgKu+kLHc2dYwInnIpLfAMZsqa0AVMFibbXACPdn15xaONk2MmkKU+gIxgVlkHXNaTvnK5PfQykn4mzMS+eiAlPxLHO11T4mV2INh49GLkoVB9mZY34uLls3+JlNK9EvB9wxt/+eAo9GmRAFQfhn35X8i9znW255xJdvEJ79e+GPLiAlcJwKn4DuR+RCzJxmRdiO07H19o51/6S3nCA5XY+xYOhCqA04C0u0JMObNEpZrXgeyfJ77w+K5HRLwCyQP20Yr3nBxlKnNG5L1T7FIR9I1xR8CKjZScPZ+EoLbqX7vWTjnsIDv0wJ0xKDFrhOTu5Jh5mcLsSiIVWjkYKPPuk1Th+zFVrkKlzigH3xaAutzrT20lK6KBRSCnQYUkLzBWLSTT9fc+YF/4/m02dZv51lOBDcodxh4d8rUHm8XKqQoir6KCC1Bme2WQ3jBw5C/FaHHS8VwNvlLURKt9otk8dl+Id6dn4CuVldipqH2Vfenj+9rbd9sVK0pioSwtS0jmdG+XFkwEoIAH+HoRNTjxEiznf7YXQEZ8soKbOMcO5sUGFIGzUaPcMVujuXBO4zNwnkxfFJrXpxAM454+TD3PwM2Sg9xTRpN2SiPZO23k13BGltShmcIz63o77bufO9R2mz0JecuhsyiiVIQ0GGkRvIFTSqZAE3Vg4XypV8HUJEv0GgA5ATeTWvJF0uAN64LnaHf4mCjQtXiPep/JSHWIuT7w0go74bzLbKAaSeqIL9fW8UymGJyMMqiCYf1IHjGQRxtz5QOqeB3bmOVJ0iXlsRMRjKxk8oHPiTbKrLD3sL5bHocWN6jMVdjgvN3eOK/BvnL8UTaO8kJ1RwWwFZOfIeOYUNRC+1owiR7ZT//9+DN25vdvsf76bbDtFUYRvpCLiHiEtDDuSWnNG5dJi1JGDlMiSMjd9YQfpAm6w8R7plFZtpNNBPY3vbIjB3JiZDf4iEzgGROre+37pxxmW2Gb1grMVHLWcnN2AtoCYn3Nv8oclzZs9t2DSAUdoArsSdw0HttqYaaP6bbPr95gHzvzO7Z2AGyMyZ/6hnGeo03YeFJFRi8jOdMbK3D5YHM0hD/E+5MPRSAORP9HktIhDSO+SsgpSSVeSeIgMvDeYMdq++Kn3m8H7by1NhD3sF8+CFkunxAZgDLGCo/Oqno7+7If2+8fX4qTRcf7Lo/MUNI8fjhcDOcEkIt+kSwPPU9WLEmLtE+F5vWRKoh0y0bMnnVAs3JfXdoHz8Pw9VqK5kpiqCZOHUmYJXs1YnPkQNbORXguSZ1NwUHcWt1jl510mM2eyDn8fqvFh0++tNj+94nnrK6+UUzM2/vki6cHcp817rjOvZ2L1kKdJCmSqxDv4PJEn83DcFIlqe6ZSsksOoEyqH3VmFw+fcp0HPC42ma1NtkB+7xJZaS3v2TdOjvyjItsef94RJjgH6AtGhrHWT1WgCRdLaupySxVJqtIucbdVA3cp4h60/opRZW96I5dc0uzohTr1q+PVAbfMthxGlGfgnwreX50KTct72vvtoN2mGjnH/c+zAUkAIesCmOTTYhQ8z2wcJmd+s0brBfneehQGZp7X9iV6RjJ8QAyMJ5LCwHSw2+M1idQkwmkjlHBRuw004AzOfhagaB3JfKZ81kElpBmKunhVwfklL/qaZEM9VQIyD/43CHo9AmIr/daA0B65U9/Z+ddcgu2uZ2SLelKWq21tdUmTphgixYvRm4uVyS4hsv7PFio4CMknb0xU7w5bOeywcGmIS7ZheVnLD/ym3eZh1061y63fXbfwf7rk4cpyaYG/sBi+AMfOv2btnygGZ2OllfKq9m48c1WBxKh4669lGMCbFPSYlNlLgEyE8wIZMiiaqz1H4fBMx7ydMnyZYqGaf2RgJ9Plo12f4VC8aEmr3F9S8dC+9Znj7Cdt90aecmxIifF+nHnmKJGZBB0/bUbf2l33Pe4VWG/NlyrieYsQzB1ZgHI5YycpqgTI/vUGIqCyjGxfDqC213t2EoLA2T5ujWQQDzxOHorplZjvG0RI+d5BjmQryAjQ1p0MdEdJvhH9/7Vzv/RL7BObTw6l/sNM+QzoINwuH6Nv2/A4ThdOFfEDWXy3p0qShmZ5rMw2EfV8qPDosRsC7RBlvqKLw/iz66ubtt6221txoRm617+or1l13n26SPfofziWgB5EQ6O/NBpBHILLA/KKd3vU8FNWM7EHe/F+nGcRIq6lzrtm+Ji/3xERqZ0RHvOmD5VVpgJTivXrNE8hOdijg3I3sr0cQB6yNChNc/bB/bZwU4+4mCrwDxHBVlUURhfFT6PZ4hwZu+Ftm773Pk/tNW91dZb2+BH4fJmJSaz1NnKDXrRVPgJovwep7nJCFVi6QEbN67eGrEQk6y4qn29N6afRqNil57YtnmMnCIeKUE9OXti5JoeuwqzRDMnNmN9YT8WO1bbTT//i515/T3W2DxBC1f5NJaVZ4aMB7ip9zo7O6BFsbg2suJK2LZYeRZdcug1fMU9PYSYlk8Rr9hVDYw8ZfI06171sh1ywJ52/OHvFgsSyK8AyEd8HkDuJ5CRP0KWZPOriFhN04TJEuhpCS8t/eci4chiDF9nrFalRB7wfvw+VRpXnGD9XfP4cdrAcj0Ws3JvQJ/rd2yUPiM1pjv5JbMyjJhJEfQhKtNn3//c4bYjz8gexKIO5Mj7aUaD2MQwVohch3yK71x/r9W0Tree0A5JQnn4KbBW6KsirH2VgzOVcm4p0tG42udCqX9oLOaY6kukewqO5HXKJQjHz5lnczVyAnK2Rs+h6dICQL4ajDy9pcU6eaIq0h9v/fkDdvoNDuRBAjlkAgcA1ytyrJNNFB7SgM61nZcwWLrI1q8VjqWLPV5S3Mc45U+zrFo2tW6pnXXsIXbUO/cTUOpRr0XQyEecfjGADCnByAFBqvtFZiHA29DIxbBwAFWnaHdZ3BS6TLH1kSuUR1ZCI1OCkj2ZsyIH3h096mPfoRWkVtDCKQqWO3plQNb+JtTbBLwnoFUi6NDRsdI+94F97CMHvB79iAGNunAXOfpyC+bB2evu7Rv694tuskeXwIzWYwKEY1eVigolXJUSsjo4vTSYOXJE9up5gUMzMqymwnFuLtL+cdkh4WKzYgw53dUdiRFHUUkbs8H8+yMCGRr56pMOlzlmAzSCkW/52V8E5HET4A8UgJw6KdtmL2x8avS0FMxXohRo+VXIiVFxr/Zwik9E78QQYTh+gFBbz+pFds7H/82OePs+yBpDvZBWQGlxxOnfshWQFiVAZl/E8KCJbwSYq7VS2mPi6WHeS04lBWYZsajlzO2htfCJ3OjrFkxd4CRH3l5lQIonerjRR13WsnFqAVm3p2e9vW5Wo138uWO0PS1XlghDuHg+oxb/+/QLQ5++5B4bqJ+o5HOG0zQVHSw1+rRmwZ7Gw1X/SJz2IDqjHrHrpo4ICDaTx+sVyrdQdYbO2c/DLN6mI1U+tW8O5DT4HJC5Rr4GQJ4OL7oDQG7C6ttbIC0EZJy0Wg5kaT8OrMSMjKoU1rCN1fSOCtT4YKRwVvpO0qxFS8AapeHTg+PK+lYvtvM+BiC/7a3W2QdnGu8RyEedcbEt6xufATkbBLSaHBBsGVibBkRsCGb9LTDTOXTISX/GIB4tmqEyinUjAhEhJ5+w4SSYywQnMWftkh319b0IpYmIUmc7ZqIDSKvUfVoBU9GFo54/c6jtO2eaS1cks3HAzKO0+Oqt9w5dd9/TIGOcMcwv4PlRhhLWDUhlRrU4yPw4XTyQpiyAnEZ2pkokMUq7V5VL2XNqP9+21HM3Urgm1zUjd34O5KSRS4AMaZGATGnRCBN8M6TFGQDy+MTIYcoVoioCWVYmH0yyMoW8j02B9bX8XK2g8iGvq77aetYstguQyUcgdyG+2oCdAgnkIwHkEmkRnqnazo2+VmdwhrMOji01szuTaW+kmEcdhTzc/4jV1YXlaMOShiKq4NsBR2p4ZO5lA1YTJ1Qh/KnwQvyjRXcr65yEe6Df2iCdjj5oFzv5kP0hW7GpC7ctwP3nLwAj/+s5Vw693M7dWzgzz0QTjiSOiLwTR+6QHJU5eNFYiqCNrKvT6C6O5rRmTcAvMHIqQ3p/dFBsmpElLQqMfNMv/uJARmafnD3Wleyh/0HCczCz06MNsqR0tenGNeRYwTsWRs46PKRFmpruww5L3WuX2hc/+n770D/tY92oA8+oFpAhLRh+q6MlielgmraESwWTUD/niirE9+uz80mkm2niGUbT74Xp46xiDq7kO2URncKAdxILvyITSHyup6Bm9Uog8/n2Ye878fnECh1TxtAXtAzYd05BFmM915T44JS0eMPx3x6qmABZwXHJZfxKXfSwjRK6wzzkBQutW5AQng3lsUJXyUJCVpli547YgUlki6FTnVL8Nh9RI0uMTFF5pbPGz6VFAnIbpMV4DNgbIC0I5ObmiTmQg61c54W0GGEwbwmQRwOvk06Y6BjQwzQo3+fsGcrUDz3cifzqL344SQtECsDIixOQ4exx8kDhN4K47J4CALtbH2ANIDakrMPeFmw/B3MQUdZxudQUtLLB7JNWRfLOZZF/eZgVju8mTZ23SQyOiGL5QAmohjyhzahtW2znHvcBnLY6DykVvkh1AaXF7id8e6gOWpH6KOkR1jw7IiwBOeLC2ZkeCTRoLKZr+FSyxwk3li64MSZKW8iKmanUlXPAJBF3SIrxztIG05gNs59YJIBcxfDb4Vif12ztMEfjEL66/hd/diCPKwBZ9dRDNP1elFflmrU4MF/t70miyIEsA/JI7efk5FaQQO7AuXZf+sjBYOS3WgdiqzzmV0BW+K3ZalmXuPdIEzbOcrylTybXNTQg/IjNKNnu7EORkYf+lODLAR6+gv+eQmncB8MnXsYy9V/s/5Ro5Itt04r33FdyS6isHidWJBINrn3FDkZM+dQj36PFwxXAxvYE8m4nXzJUU92UiXsfRhponmguze4CXDNNkWrpS1TcHHjehH9Jqy028ioHhWfHOfiKHSoDEXmsSaim5xXvUcyvGImRJ0bUYmZzs7UhKYqMfD2dvRvvsQnjRwDy/xEjZx0abTUWRpbNQyP1ow5tbQDyhw+2IwDkTmjknJEjjiwgk5wSY4amCPnmQ4LMDAIgQAlm7jiEf2nQKIYtqZnLSG/7+K5W1+SSoEg2RUe1CIcSIBfYOR2tkaRK9n2iitgAoPtxnl9tz1rbZlyfXXLaR20iziIkRuYv2Nkq3njyFUOK80WObkpw1kwdt0oKJpD3C3AN4MCbKoz+pB+LhfSR78vUyzfyGAtzjaihWZEkF2T1Ch5u6oyQMzxPOm/YxMjddvXJH4yoBRgZoavryMiYEJlQrpFFUxuXFmOpx2jXFDuxuK+GAJDzR1bfIkhyRkYcGYzctsGBfCQ0cimQv5VFLbRiO26chdYkHdLDwnzjB6eDycCN2HRR6+Qiruw54s7Medv7DXyZWJIapRu3bKqditJJJCbm95f6O/RvFEsLPLgmsQ7513UA80UnHGp7zcfKfizNm7fjLlax52lXMpEUpdEpLu6naZRxVs5HgywufqfpaEBq4PoNG3SoSXp0MinpkMGQN5uqS17owsj0ARMOgZwST0JJP5NFyN9zT9xNx3CNLEY+Ec4eZvY6MKs4Dl76j375FzsLQG4Zz5k96kjWL6QF7rTxyM2YqjXiRcW6ZECOvIdNyZeMJXFnATmkxXBGBpD7mxR+811XI6YfQJFUi9lChhPo3PP8a28Dd3cbGnGSKWY5uZ8Fj0nwbdFcNvrgSu0sZLh/JF226Ve5PMzylPFsnYcYce3MwQ7yopbnGo9ayJiBDavtuPfsaR959z5KMdh+x12tYtczrhyq0W6dGIXcgkoywgM13K2xSkD2f50d7fa63fewp555VjflNGdMgXjGmUImKYwytooVq15cEFk+SrPRKm3m7CFnIDN7EialjAxvZkJNLzQycy0A5H6kPeLMk2t/+Wc75zpo5PHwDbhhY0in1BdbDGTJMR/8JfVTfNX1YJGRBYcA3Eh6Noap1w83lrQAI38RGvnIf3pLQSMj++3zF9uKwUbXyOqPmNXzU+iCVcm4bCsvo5w++ejuPHEqnKDdfffdbR1CXitWr8uSvPIlTWx+6uOiLdk0kNMV5RIj9Xda0JvK6ozM/0BaoKBcDT+A/S/2nlNvF3z241jZ32e7LACQ9zj9qqFqrvEiI7NDycqerqEpZpqYGvTsgvnbYrPqNsQdG5BQ02nLV6yGCeIqhNKdGotbPY29WsOvzEZksHI5kMXcBLGmYZ0VNDkUncVOZ98pH/nkw2xrJA31Acj1KPO19wLIOOh9fDOT7bEFAdrJk/79+1sM5ORkiN8Kr/A9St/My7yxiEjmP+DyfliVtvVL7csfYfjtzdYdGjnFkZf114qRDVs4JP+iWAzRlMJDDnbfCYMmF4lJSJSaOXOGwFOJfIap02fYM8+/iPAsDk4X+6Z/4ShG24/4oDECQCBOkZDwjQTgKHx6pm/cAGxyc/LKLvvmaR+2nVobbf48aOQ3nHa1jrvzPcRYGUITmUuoWBdOMZ01a5bN2Xa2LVz4LIBbZdvNmW/LAOInnnwaXi7OGs5ayiuo+GRJatwYa1PGSjnTolicQaJGy9g47knmiwwvqTztSeUzcfx7ABp/Ym2vfe/EQ20r7Bo/1I8Ds6rr7drf/MUuuO6nSGQiIxPIKcy4pUB2Zec4dlou2qVsQ3ONtrG3C6/UgKAXLyDXC8gXfPhf7YiD9lYcuZ6rqde12dFnf9uWDkBLKiGI+1fTshYemFmLCJfKSmARAs+FQVx5++0X2JrVq621daJNnDRFCWSPPf6k9nfWBHQG5OT0vTpGLpdSGUMXE/STlWK/e5K5CJabmXa1rbazPvGv9n5s8TCHceQ9T7l6qFrJ8L6RSRUyjXjiDrPYdt4RF+C9p558wl7/+j3t4UcelVZagJmUx554Ep3B73iPuHbKZ2Q2u6dG6NdMUxZPdeJskLxsWkIe0E6Ngz+4g3mEsH2NoCfWT64fsCvOOtpmIeyWXjfc96Cd/cPbbBwYmTm62SYvof+0837q8M3Dm64Ww5DR5MTE+dAsc4SSircsjcAUpVHpgzXPxAGNgg3izJYN65bjUJlD7ND99swuXIMFCwd/7mu2FFtdipEBZFlZlSm0rJJyuOjN3ycoupHpN25ck82Zs5114IiIqVMm25NPPYVd5Btsh513sWeffd46urhZOSYhCCiBecukRXmzZlqZPRfbDUgWxaSxHhgnhpFQO9euxu6dr7PPHrw/gIylTnueejUWgvCQFugdxOQGu9cgJXDIdt1lV1u6dKlNnzbdXnnpFYzMAdtmu23tsSefsXlz59vzMDdsXD8ZfsuB7KZOrTM6dJJpFjsNwSGpgVWotQ50BNeucZpTxpwNzZ/AUF1Vn+21/SRo4xqrgrRoRk7uE8vW2l+efAnLuxA3jefFN3xQhhZNkZk0o7bpwRkFDL+Csoz5zXSc1uOMk17GPbXOzc1mVp1Ubw0kDQWVIhtMMTBS2wyCOXt6OuzNO821+bMmw9L0YlMWQ5pqpf0CW2l1UfezL+Wv+JRyevlzfVUOMy8GuRMmZNd05BBPnjzZHn3kYevu7rI99tzLfvv7+2z7HXaCdOm3dRvaEJprlG9EAqOMcwfP47yq1Ba8hs8vpLbkTbmbfb+1tDQZqoqBN2DdGHBv3rEVZ10fZrsx+22Pky7XGUy16OB+jOipkxqtu6vN5gKsi15eZCtXrLI3v2UfewSs3InlPzU1DTLxXTj3oYo5oWLh5G2+toyc2qUoM5K+JLhqEAZsHt+kMqyCOeQqcAX01VEkI7LhACTSBtuwYT3WdXVbE9qnH+e7VWMDQG7R5Wzs2PHNAmMPD4EnxlZSa/LqAxcjjjdnYkV48J9emGsehDMJM6cb0PArV6/BxnxcUMDVEs7czm4BgmwQ+9++Gl0uXvzE9TRAegDMKxLt12GLA6gKq0PiUD2WqzVh9TvTPGO0ZGe3pLbkooFqLGpgAnwNvsij5nbfeScchNMBJ/4pO/DAA+1vf/ub+hgL7G0aNPIyYKAbmwo24N6V0MoOXjqJxX3+2C6F2dgtADVrnPMZaw8gYyF0U3O9NTe22tpVHdaxocNmNvfaN07/iL1ttz2t4qBzbhyaiDyElxa+aPO23QrbMPHci0n2yCOPgYHn2ksAcw/SBCvAfJ1dPHWaChoA0Zo779TcSfnHAFnYiUZKepmHocycPgVnS3BAVWOXSuykjwA516k5I7PP2SBYoYK/WObeDqxQQceBv5B3XQUPmIe+xz7AARg9i/gSkGKGq9ApG1eEoZGFQp4hV2GzZkyXr8HZz6UrV4IIcKhmSBjHcQ5idzZTDJXlSKxdYLzMSeOlldaD8ATr2cCds3EvCMOQDWEpNeBCJwHwTVjDt27dBswE1trcbbexieMabeELz9u2224LK/uscsWbEEtmv1cxb1n5GmR3DXGs/0M+MySH5BP3nWYIL+x/0WBubAZ30xh3m+G0AauBBP2WFs48Ige5go5ul3V19FlD9zK7AKHVo9/5LqvY98TLh1632y626JWXrK+rE1oJphCRiRbMer24fKn1oldXrVyDhHx0gI7/ClCNWJpXb15ysc/QFPUuFoGikaoRAGcsE1stZtIj7b02CQfNsKt5BttqnEbEI6sYE01gEzDYh9EknOnq4nkjyPzi2YCV2IoVWgpNhvijrvPjG7j+UHs/K+2EGYGe4+AhnaIkGKERkrYGcKsBitaJyCpEVIELWddiIaaOiFC5/EL5GLgnHS1JGKVS5iHQFEkhyTKWpNqEFGH5fAsWzvh5kvmg9qdO4sQtg48V1Aky4vWQDMuXLtNEAtt3EtYntuDfU08/bTNmzLDHn3hKsqQfi4UroSNq9VwP0Wm6AU+rbyCYPWKVr85+LRk5DT6CjWBGUlR9FQYhjjBDJKajnWedwOK1r7STjjrQPn/MB63iHadfN9SD+PCuu+1sjz78sO288462aMkymzZjK3sB4F4Hk0htpEgXO1em0x2HTWvGTY+9dEWSD5rHxzP6YQUGIXEm1g1ZSxO0bDh4xdgx93MgG+tMwHBCtPo7zHtBGmZWg6WmV752bRueU2e14xFWigwaZwFWiyzEe1dZC+5fjQ0xtDE1PWrJi6h7DJpiLZ0AXQzovD06fZFRlk30qM9Jcb4QtBtmnsv8GbttxEJRglamlXF93Q8b+2ESpBrhpZQ95qbXLU5GLvHcZCVTubgFAldZ93XRia+0vd/4RvufP//FZk6boe9yCVRdfb099PdHBNQOgHwAA7Cem9nwbHHlWDig06yCmBnRE3EmBqcGj1KHPSdjUxM8oyMj4cqPN1VLchIE8WKeX81DcaqraNVqEA5eZ0ftv6Nddtq/W8Vx3/8jQ+z2yuKXbJtttrNFS5fYZDh4zzz3ItbXQZtwDwq1FFdW5+uttsx0FKqROTpsLqpZIgAAIABJREFUETQ4nseFnzOxt8i73ryj7b3bXCT8YA1aHLCYjLfEAwdWwErMleRHSItskAS4XHJgw2zo5aeeedF++tsH7C/PvmKDYKQKePjapJEb0eK6rq4Omz93K/vyZ7AiQTONCZxBEnx8+VgWuPzlAAyZwvcLksAZ0k0/2bgNAFu4cLH94rd/tJ8+BYkEYHEVBL+mDfzApN8++UM2dzqOOtNkhdcjk1sE8DBnywtHh0wJ9WD6Pq7hwz9qZDK1F5dhTfQxfvbjmhUrV9l///nvds+fHrP1SLKqxdq7gX4ANQa5fBDF3CuRaNSoHUE1D8tIUSQee9zXF4YOL9foEM4bjw3jlsl35GdDxklj/JXCA0Du7my3A+e32B0Xn2cV7znnR0NzttsG4Gm3djgPHTiMZAkOX2xsbNF9fbI4LYfxqm+scJs9EmViPX2QnTfQvtbmzpioGOEOUxD7TYBItRQo2MPxM83RsyPTEop0bVI6CXAc4ez0mAbtQaf+8O777Lu3/8aqsTMPmYu7j9Hk9nZssJ3nzrarzv00DsT0R0YrjKEnyi5JAN+4wNYzbrjvIfv2NT+xjgqYUfgrlQhFVYJQfvylT9kcrERPvFj6hNFunJeajifzeWnBNLNI5gTYmjAdne0jV7jpX5/CCpRLr7IXgIuauklwDn2/EGXDiTAIsAAzsubkaYTV9EEWY7dsgG2MAIt+UGKC/Oved94RtHYoDKJQ8yZW2p+u/qpVfPra+4aefuZpSIrd7cG/PWy9NIeYNPAjGFgYUjv1Yum06lh2dhwTawdTaQRjz+JtsK/HhZ/5kM1rBRNw6Tfde7VK/AizG+eoS8f64HIJG4GAEcHmn1EeoD4KhXEv6Aa76JZ77ZI7fwuvHItRkZhCJw07oNju82fb907/hDXSfIsFIjYcmsXh46Mkrd4Qw4Vl8EJlPTr6AOBAlgyhD11lN/76f+3CK+6yiknNiCr0IyIxYDef/ymbO2sSJBcHIp9BAe/sVL4Tpsa+aw8vCxfVgsl7uDEOOYC5K/i8HgDMZ+pk0vA9uMXYD4Ia+Imla7EF1zdseRfOCsTkV1C4P5dljjngBjIzt1FQvrRLz6KsGwu55TkXHCxkYyoAbz53YOKeQXraOAjn9E2oHbKnb/mGVRzx7buH6OA9A1Pbzi1XER7iLJ/SNlkonxZSw6RtrnJPW3Uf9TUmsyIdxEEGgbN2mZ3+yX+19+413/q7sSsQsrA8mBqPCUAPe2Zi3E0wXtYTPkJjywIsHQJ4DrvgW/bUc+uxlm02zHkXtp9dDSDPskvPPNYaBOR85YjataTqwfQyqQSDd7TKOcrocieOTp2LJalhhAMHwTJ99U128kW32D2PPG7jYCnqEfq6+cJjBeQ+ODnuDsQaSI0ViVN1fmobaWkWIRKuCGbuL5GO9GKGGw8B9bwKlwJedpdRnZAzTUgQu+u3f7XP/+DH2K52cp7SyWs1OeM+BYmhCTu31gD8PERHmzymnJskSwMnJaHUMuQkwPtStxikqp+3aYwgkRfvUzWEPQqxbdiiu75tFW89+QdygntQcHryqgYD3mFIizhNiSbRQz5SouWy7DTpsXw/3IydRoO79B2XsdBMmH371A/bRDCi78fsDMrRyO4eBIOq22UtCqM+iuH+e2JIfs2BkoDnUYfUYbwajQ4dyMF7yb1/sK9f/SvspTYb7/fAOqy114GRLz3jk5hsSBqZAA325XcjtTFZPM0sZgIkor8ZI6thNTCVUShLEjJHA8tH4SAi/gx73fvYi/YfX7/KqhpakbbYZbdccKzNm4WdkQBkrjPgOYfFugnWtBg+RvWcVC7emfsSay11SDkdzZwsdbB6vm9xWF+EKLuxC+YHsJ/cS4jd1oB5edN0Pr2iKAEyVodg5vG/miRTOytxIMs3dwfXIZPyK+TcF5xDtUrRmoQllu2LIIMiPRgw8mmwP/Syuy+2ir1PvtzjM5xMUN5CjGqOKI6M0ESpP1JJdJpoeDvhW/qAKWiiVMi0jF5jqkwzqWF4dgS89nfttZVd+OF3AUR0uJS95MOElcHaHW8DcUA2gHx8FCk5jZgiPeff5MaGXmwHWtoR58/PLrJjv3SVDQFEmiGEs7fHgpl2CYDs0sKxpoQi7i8Xzudo43PM7+N+NKWeHYKwF9qjpqrfXsaeZ0ed9j1b2Ys98xAmvPkLH7f5s7F6GF47n01Qsn+UMc6Ny7f4RXnD2VEPOxJLbGVKneMvvsl+/cBj2AeEK4l4cJBMjksL/Mqya/01+oz7ZpDp1SvEkPSsSyf2vXYUZV21ssiDh+W4SThxueG6PElZ9apSVDmgGH/steV3XQQgn4J8ZBY+UT9vLRJ05stJN9G7g0jnE6dRL31Hr9ULq1TFWMBY9Kw3BuQ2bNB32IE72ZkHvxXne/BoBJ794TNUzGJ7dvFSW92ByQ+YRO3TnOCbMMwyJ3MenykWHLDnKGYW306YoGjkHnQRpmNsmVt6Pbp0pR1z9g/BxYhdM0Gmuw2MPMsug7So10qLGIQ0aajfwlVttnDZOk0g+Zaz+XYHPvJKbFkMQR9E/aDjvmqsfEY9F8yYZZOwnZVMupwp4BK76iyHnP3wmZfZS+sRehvqtpvP+bjNm42jkxV1iER3PLW9s9eexqaM/Tp3jT6wOwqaDBKLRTiyAHQfx7GAgF2MOPxU7I23DZzJFBViFQg+6ulTrrrH7vzd/1hDM+QF9HrKsFGOZM5w6hXKjXqE8uoxaeLWPQndHBsCMurRj7Amz2cU1oibiIrlE2xe6KKvlfqddWB8vxIbcC6742tYIXLKNW4r2LE05xFN941UWEsyr8Zm3FBwDJrnT17H7/tDk/NQLEwWI05g0B1ijHCkAkgdSBH9N8QEzz5kP6xCIZATHZMCquz0b/zA7oFHXzNxGlYK5KGn9ExpeA0ov68jj9PNnObArB4mPSbXVdiV559k201Hh7DLSAZADncVemTRSmSOXW49IIxqxE8xmS9n7wcAch3PzeA9qTcxsVEHoF92+6/tOzf8DHtjTLAekiM/U6emhkidkBXGC8X/QyJVV2N2DQsUvnbyZ23/PXf0LVPRDmzpqsoeAfkj5/zAXliDfI2hDrvlnE/Y/K3IyL61qs4PQTn+hs0nP3HGt6xHshD7PHn6oT+LMo9WJJoj66RoG5aV4b0OhCOPfP8/23lHvwMaF8vsFdVxh5C/n3rVT+zHvwaQJ0zRQgSFIznohAn2BSncyVBgxv3pAGoGkKAVK6vzvVFYnsCNLHSZJS/2abq2xJJrcOoq3GjAVt7+JaRxnow0TpZbcUXXpfEo75TQdc7CeU6FvEo2lEI57likl1iYd6MTkUZZrPrwbaiCRlkgmiZ0TDsmZQ5+6wI75/AD4X0xJdNvqTVqiISfecmNdvcfn4HTgVUdCI4XtXfG+sUaBBNVIaWRrNBV3W2TwGzXnPcfNn9Kq7z4QW6bi3LVII76yOJVAPKV1oOd+WsQo5S0mD/Tvn8WgKza+ItMwp0vL7/793bRzfdaHZwgzjpW4HvZ4JR59m8kLZh57nwP5eG0eU37Yvv6KcfZ/jvP13HJCWiVOClgOZJjPnz29+3FtWTkTrvl3E8GIzNXwuPCFRhwTyxaYp848+u2oQbnveBQzCowFAHDsiRn3SMXJAxveTY63+OWYnTXunF45pHv3s/OOgKyDkBWymZiZNT1tKvvtlt/9SdrnIDNCQFkCgdtvEI2dYHmg4Z9id99OhszgHBaNQMoGLmkkHyN53PUqmy4V/nC1WL/5qSYeiE5pRwBQ7byti8SyNfgGbxjEtN8mgO7sAZGjZzfkFrHzyfWfmk6XdQZNDMDoUGLC0tjDKmSiTG0Kw0arh0ziAfvAyAfdgAiBgy7ualUuAxAP+OSG+yu+5+2hhYcXDnYlUM2Qw8fn8ronaVUykEkQwGoXVhNPQm8fO15n7G5k7H9AQaDkoTEyNX26OI1APJVYGTkLAPISAELjXysVcMhVHadBiFSJKEBL7/r9/bVG39u9di9lLKgqoI7TpJuyVDeDsOArGbl0iK2XY3Vdi61b5x6vB2w0/wAJv0UDuw+W4Uw2zEB5AYCGYxMaZE08iDanElbTyEn4lNnfNnW10wBkJHhByALXAWWcyuZ+tXLIMmG6+jWd61faR969/52+jHvV16DptFJXAVpceuv/tvGYW9AMbLm7qmLC0D23socyERktVidXY0wH1tOYU9Rqa/plPxMOeZ4N9ucp+z3Iu70GEkmHwQshRj5jchHJvvpw00wcvGGGSPLQczpOLtGVjRYwC1qVNV5x6vjfS9GJpD3XWDnHnagDZGR1RMyVGDkKjvzewTyk1YlBqTHnt8w+kWNU3wSR3oNZ1jReF3VXQByj/3o/P8AkLFVFg+nDCBzUD62hNLih9aN59YBaP2Y/tx17nS75KxPI/0T08c02wA8nZU6LDW68p4/2Jew7q8Oh2mS2WS4CqG2EiBrQArdQbrcu6zf6juX2ddPIyMviE3FGdbitf22GtGJY85xRiaQbz77YwDyNE3R+oJQB/Ijryyxj531LTHyAP6mZvTZvGDk6PDgTQ1ut5gsDiehkEW3boUd+a597Pyj3iEgO4m4tKDEOzUYuQmyzoFMkihjZPVUDF4xsmNKkyZIceAMoBaxynp5Uwj6Ed4tDwKMzMjR5yq7xyj4c+XtYOQ3nQpG1juBrvKf+XfjN78g34fYxUiJII/7aX8uQjZur70Qgo31MyQJG45A/rf9drBzDz+AZyZEBd0MDcLBO+O719td//2E1YABMynDDklmKnVceo9lwnvVXO6DV1d1p4BMaTF3ChiZObvsMHyfzt5jmJo/6pzvQO9OQbIM1vaBwd+y+/Z2OjYKxGa4uIbOJ8GMDU1Qnqvuuc8uvP5nMreY4ccL/MQOTnow2kSdFdrQDR0ZmZEG7BmZgLyjbzbCQSL/Fhp6dQ+AfG4O5JvOQtRiq6mII/PsDjpiDuRHKS3Ousjaq6dZD0Jf3IKVg0Fb5RC0SqBPfeDOmZKjQmbUQV51Y9PwI961r51zxDtgETxnusjIp159D6TFH60IZOa0cJV9toGPjFEAPCyTr0/ksysRusNSfqWA+v5zCcQjAXgY5LI3SqWFYum4/wpKi71Pu5bNP/J3R3lbJiRjPwdyeiVgcTQPaoWqL7hkX+poKyX6MHmS6Ha9zIx/B/L2YGRICzg+ur8iJ2BkXH/WpTfaXX/C8ip6zgCht0RR7gQDlQMZuyexK7tqAOShLrvy7BNs3hTqbJSFIUdFASrt4UVL7WPnfxdJ6a3YH65Ckw/bz5poJx79XkgLeF6UKbgPZUgNGfmu++yCG39qjS3TrQrsOaRcAEYvHDRRwNK2YUlCWnCJej2kxddOO94OhEZWHB+DhCqvshLSAlKX0uIFMHIjGRlRC4bf+glkamQOHOjOxxDN+cSZ37AN1TD7AHYVJVMMHkm/AkPJEobPowAe2phWhoxMIJ+LTcNdIxPINP1+0hejFgTyuFZqZAz8AiOn+7n3pXw4ly78i5MmzJgEAVCGcN+MGqQDRwHlPPvOpnFsdMjJIimOBmq/xqMykhZk5Lzhy762ESBrzEf4bRiQ6eCJbTlqcRPqaCzFr0Gj8MSfDiTJVCBzqhL/2KCMGhDIH9jPpcUgpIXijxHAHwBwTr3oCnjOD1rtxMkg7FhgJdDmjOfYDnAH81cByPy1u6LbJiM+e/PXTrX5iFowc05Lj+D1Mpz22BKw0plftfGTFtgeO+9sbStftvZlC+3KL38e2cu9WhmhcA/qVotc3it/8hvsen8XtqYFg0PPMuDlxJvEaDa01cGyYoQ5B7hi5HCaulfY10//jB206w5aPUJtyomgyqpexI/Njj7rUntxHXKNAeTbqJERtejDtL1PbGDqGlGBR19aZJ84/UvWVj0Fz8f0OiUTnyUnik8O2eO/4fmeGCUgsw+xoKJj/Sr70HsOtAuwmFUzfbIqzpxkdTLybfe6s8eJCAcyu9cZOQlj3pO5yYOcQQTZjEPkgvk7mF6yaoC4ApasGn3OFTMiIba/SjIcaEVpMTKYJY70kRhZQB4VySPdImmPUiYuXpl1JTWWEr2xNAXJ5S3IpJq7zTb23Isv2HrEP6sQPGclamC2CeRDoJHPRtRCGllBfxfXg/j9Dw8+Ya+8vBhxHewNrA5JzOfAFQOEbUnPZyPFMShyorCJpb3rrXtaKxeiBn9wkFEHPvrKYvvIeRfZm/c/2P74+/vFyG/AqZvHH3wQgASWC13Jw3KY9/wKlsgvXL5Gepk3c70WTpWXpqTx9FdiQ1zLcjHysN2s6TapCTFXzR761G9lFbLQENM76sxLbOE618i3IWoxfyscgoMTnfr6ujWAG2CuO5BW8OKSpXBmPdWy2ulYv3tP5f2UxYijbHGpJoUmY3HFnKmTFapLjjIZmYlcp137c7v5F/eDkafJylYr3BrllX/A/vA6K2oBVh9AgtI8rAGsw6r1Bx9/HDFotDnajY+uxz7cNYg1k0x8qZzHkFMfaoYxCGlkEPNj70HWM5MWfnEC6Kg0HPdM121k/wqyHT18MhhHP/7maU5zkWXXjE5bAj26HEdp1WK5EZujOjTyoQFk7mbEbURTJIV6jNe8Fq8+ha14jAGNLvNoedhilT0NUJ743atxgPxEmzllhv3l/nvtsHcdZKcd/R6rxeyR7+HhM128QcjeLS6SZryygSj9hUHcj/OlMbN39qW2shuHCMHZvPELn7QFkBYE8iDKoxg5ZEEddSfABiWisNiWvNKZ5FrsKMeMZam0T3/3FvsV1gI2atNHnqjqIbakkaWXRczupPci+YurjmZMmwYg19ojWIUNM4YDSH1gMQWzFruAVtMBlMePL6NdfVaR/tFofZ2wyZ6gvGT+jxWkxT+QkbVgBeZuPTbY22HBfGvCyoPlK1Zg/dp6q0GqKFmCGpWMfNh+8+0snFLKjC82oF5iOtfWSUZ4eIkfRPA/eQ/BJl6d8MxlXsOc413ikFGMPiaPE5i4bx2S1h97eZVd/Yf/tb8/8QoWY07BXrzLbUJlt/3owhNlrulh+UynO3QMxKdd5F1mhcxJhFAMq4Tx9BwRFpY1cPUqjag9Rfz7yhfGASB/fPJZO/YrV2Nt4XSrxizjTecdC408FeeaoNwcWNDkNRiAtGYsB/0I3lCr6VRn5ybX7KTnXPJ42qazmb/cj6Hmdv72PBKa/jb4Kx8867v20uoO5eLwntpjSt/NnT31jeoDxxqLgSdjpnA2tpLoRcLTM88+B6sKy0XrpW9xyzXEmZFCyqVfnuYWbTjmkZg0ciYtrlL1c203umQofUbpdcOmFdmOZOQAYS9TCPF3DaZSdbaIKsCdajwSQCAfuu88SIt/ApA9KO+txQb1znd4utnxP+KnesQ7KgURi3bFNZi62PUpHS5OkfKUVoCUGwA+t2KDffLL37Htd32rPfX4s9gWbIXtsc0Uu/wcrD7QWSje0IEWDg1nUv6fEwMCKREUwGH59HshRq+sIv9bYIkj3bRfHo0yy2TIvKsdZ2fgUPu77n8QWxZMtir4FDedDyBDI/fQWmnyyi0LnbGkzb2e7oi745PCkcmXIHh9MLoj7bIgAV4TE2wfDO4uaPZGsOjPHnjYTv3uzVaJnUu1HpJPiDgy5w6KYySTy9DI/Uh+UsiNJ7PyOdxPTs3nC2/FPah3I44w0wE98h1cN2uP7oK0GHnKmpe4rFxx24WII1Mj6wlpxI4NyK4Jcyxp58yss0mWvtWo0guFPX4hluqo0B7i4dOYPyEg7zfXzj7sbQAyjg6GB+4OCRnQO15MFpoqAdYRnb9GLr3HPL3HseQHjct4rJevH7K7xp7AzN437rzXlq7pt7Ur1tu6jlW2N3ItrjgbQCYjU8fFwHE+86U4ajVNZcUAy4BcXpJgxWxQ+iANHnM2BgvWYBPv25Cgcz7OlB4EECqwCLEWrHbjhcd5+E1nMrPh3UKlWVmfiEn3S/1ZDmTvs2TIUqtl/RhWhNqVjtlCWM3/PPsiewXHy1Rglm4AZZHDiHYY1HZqBDJDehzUvlg0C6+KNZxOVDc1EYEXQQLeieVHyLCeu4DyTBOG69IXRgSyt2naJNPj6QTyBZwQ+ZGeljd72IhyhBT+TiapxLOMNsxipsFWLg0cQ4kzWdps7zO8m8Jvh+03B9LinwPIbobS97lmjmu3tNUtG0GTJZsadF6o5AxK26IhaR36uBaNOgO92oiQ0FPL1tjxX7vUVrVhkWPteFvfvdr2njfLLj/rODEyF4xxgxQxlmjIZ6e8VqxkSSNupPXSRxKHw750x/0P2FeuuNPWV2OFTs2Q1eHRtWBhAnnubE/jVD4MwcNhKQVWZN/096baZuNFfBg5HOd++0p7YdkGnL2IJVaseylKNJubMXKBB5WjEYTjwHMNTSAPFoCsUGS0Aff/4IbjHMzcHTaLL2tAeBWL2BKnBJuKkd908nWMkUXn+DTzpl7l+QN8kEZjoLU0lprfLa3jcnOcjL87La6R5wLIZGTuagNzo2SUSN7GveksuK+8cftRlBVJlHBY8B+P8hrqxkwdV0JwrRouaMQ2/g9hhuyj530T2x7Mthqs32vvXWNvnDPTLj/7OKvigYeMearg9LC5QLPHVmJA1GB5ei3oJqUp5mYqSiFecKMvLz0NzugfftoHC/Tci6/Y7//wZ/vl44slLagp+5E4XoeOJZBvuAArRJj9FkDmZADbm1Pn67BNQ49MNmYMCZz0jBCuOU96OZxj/N0UGWK/44QvWwNf5v4//tVux7kyCGFb9Xis/ECMG6kkoVQS5xLYZRMi0dUlk1TBvH6iAT2DPNcmERyJux9tMw4yox6RGP7ufoev+1NysX53jCXsaC0ivrvydjIygSwQpu4P6twImotnaohdY5paYRTpM2f1YYkgqZFjlKZl/YyflgLZpYWam6MbTs0Pbv2p/e6RZ7DiF+csc0Ikwm8jjTuRI77HhuvXXC0cSiRgNyOn+XOf+phNx8rpfnjWA0iyoZklkP+OleMfPe87SLGcjkR6pEf2rbU3bjfTfnD2p+DssRd92pfOGKXQ7b/5vX3r1jttYiNWInNpOtIyU/TBe5yAYaNHCQE0t7Su5PSPQwPt1Y2DKbkxJDu5sRkOMAetMu5woinKVwPn94YLudQJe7Fxi6+Yoq6Eo/fcshV2+pcvgbIGmw0h2QlFHRBovO2oO1MGnAZbMJVntrmu1+pnlIw7wHMjGR6uU42zu7GbjCdJcZqfnMI+jVHC+5cAucjWATjBQGUleZYCWTyW5Ca+y1lgOpsN2FODWXM67SvhJVIaEyPnORos+KBr5DdQWkSSPDO4fNXqcBRnEw1sGGqooP+0YUr51vlp9KTvlW7b76NL/9BAdFhGArJfg2fBGfvst66wG/70KI5LmGq1mBRwvyM0m5glf4WgEIg0HUxJMtBpEyp67Lqvn27zp2KyuqcNHYgkevRiHXTp49jr4ahzv4cU0Snafqq9D4w8d6b98KxP4btkZCbYIPEdnc2Dgy7BhMh51//UpnJmD9PJkj6ZeS2Wxtkva9QMxEkz0oxWATPIk2CnixRoiBg56BPDVhPI5x+HXAskBjF8GNcRyA++stw+dvp3baCmCTnOrom1AoXgEZ/4OsPMhmU639vLx5YUvwYQ81544CjrUwdNXA8z2MPl+JJy7ihLSdExpBUAdrhaRfYqAFzEh/Q0vkIH1bO2nZFFUJrCDj9Dfe23rweYeQqt5tQ4XR45MQV96j2vMpgtv51ABiO7M+Y3inoOQ3I5rYvedT0b3yuXdEwR9MUblc/W+D3IDBtnZO51dspl19mdf35OqxQqEHCP6uuxUm80+WEw1X1sGDGIh3q6KzttsnUj++0EmzOJ2W9I49QqGKY7V9rjy5BrcdYlYPApStsUkLeFtDgH0oKMTG+aHEmGAiNfgTTO82/6uTVPmGZVveFUiQMSmjOYOAvnUCpp2wzyEUFQFIFtqm5HiI0gQKjwpvMoLcDI3MhPQPb85ccWwZKc80NMwaNdkMfcg6R8nglap62C04kDhYeTgKIEYuwU1hQ7O8ASCDgAGJDzjcD5n+EAKT8sycdFyMxUU1Wefe3Onkdtcrb0j70lZEHwayOPG+aZJgwQqD38+SUnITCWjl5Z5tLielg3sgkrxb2Oh2HYH4AKZ8tNeGMs20hnfGRr9MIBK66wHlapwr0SK3NkjiYtxBaQFid/90d2z5+fRdokgvI4izjFQtU4Ai5Nv0cnuBRJ4EFdqpA0xGs7kDQ0BdPU1ymNE7twgu244xAZkJMtZOQPYUp4oHIyNiYZtLbe1QLyFece72mLwSTM8+Ds3lV3/U65Fk2Y7aro5TN8aGUjeuRmHPYuvyMNSJ3N8mebM/saZWU9gJFvwipqZ+QEZE5p19iTSOM85pzLrb1mEkDfbV21DM9VW32fT0R77NvlVdEq5EbC3/dWDErk35ICuUOaTUUnAJZicdTaqv+FYY84qVNUlkJEJRtnIbt4HQ+1xI5G1bB+HNI+nc2WckC7YWD9MAt655fh7J3iGjlVtMiao813uyTw0ZtJDD6i6G1G1crZOXfyfOTy0QS+gLwvnL3D8/CbwEjWIJC/d63dDUauhwfNLRn9eAhvnATkdLJU2Ev94E6jZOyuKiQNAcjXA8hzkI8sIHMBJhNjwGxPQCN/6KzLkAo5EWpzCEAGI0MjlzIyZwQ5EYGkITAygTwOjFwpIEf+R4FpxoJl56FABcFDHS5mB4ilG/E7GJnbAXDxaQ5kMjIS67HMiUDuqJkIxxNOH3ZtJ2sJyO7aO4CKQC4xD65d1ZZsqZAAERUP7eFAzAdEXrPXgpGDdlQCbZ0LjCsbBOXnCa2MZrDIamHhnyQav8JRXnXP152R03SfwlPyCl0yeC2czin6pYPLOkrgjZxS8VF4laWhktyMqNtiAJQz8qH7zsGESAq/hf9dwsjyjTw6AAAgAElEQVQEcjBysAYbV5VSNAH3jtTCxMiVzH7D47sgLVoxU3ejgOyMTGnBwIikBfIVjgAj9xPIuL69e629Yc4MAPl4MF0wMhuQjKzst9/ZhWTkidNh+n07W5dlpXUdG5hjQArIwUoEMmLcmhaCLr8Z0mL+LKwCyTQygYz4N/JPPgxp0V7dCiBjExZ6ZtxsEBuqcCJCfRpAzvs1L5UTizOwJjpiUA1XEgkPm18/v2UMhFGlRS7AfGgRyC5ptNccp7hZOskM31Sxiocf9bbbiru/wzjy9ZAhyFYiuJCckwX95dR5hYlTarO0d1mKTqjPOEioH7lmTUkg+VYAm+rEPIwCRsY2WYftP8/OzCZEYmZPjFxtJ33PpUUDgYwVG57364zuWWzUyL4KXB3n0AKr0RlBzi3yi1uRbnQD8pG3w1Inlxa+S78YGfkfH0KSziByLepx7w3YDuBN2yGOnDSywkEBZHjzV91NafEza0JGmIBcIi02VXP2qzsr6ZX+VrRB73PfBmfkITDyrdqgJTEyByzbudqeDEZur8W2AdjwsZcHwgjIcEzF7CNIi5LiZbDx7pRv4WBN2NtYbTKi3thFmwBy6VdphUOvh3Ui99Yjk66ay6ZwLxIQ+7SCA71ngy2/+1JKCwAZb+SxvzAz0kjUJR5bFiNrXZmzbnIK6eVmwWs2f7nQH6GCRUZWzituxv15D9kHjPzBf8Z2AJjOZhxZ0gF5BIhanAJpcc+fnseKjMTILAdR7FlfAnLuVJcAmbjuQY7vRDDW9VghQmdvgDqbs4fQ+oyaPLFksR2JJJ2+SmzeBx5sB5DfsN10MTJVmjRygZGvxlKnC3FWXxOW/1RgxermArlI3Bp+tCwFRtYedMIz2gBW4BbkWszDpt6D3M1dlgdaGOWnRiYjd1RPwpwNJnqQOcf4Sh2KjCskB4ZJi0KfJMngjEyrEmRQ3m/lmniMGlm3GSOQ88uEVjGyS2KGtnylSQ2nvUlZaBw67M1YTbPwNsT/nZF9uZLLb58cEVgzIeFhoRQqEYoz1LgcSa+xALl4rUsXrKJu22BHYkLk5EPehhAXPO/kdRI80LKnc6nTA88isR67uBCEYQ5FyuwADblUjgjxkJFkVgFkAGMidhC66QvH2VZTMEOGezB/l9+txvOfQNTi4+dcbB1VkyElmrH/7ip7/YJJdsWZx2GChDm+nI1h4wFgMHNX/fQ++zpWiNRPZCQhdkTaFD0VtGlaBl/OyLIkid017Y+2R3vc9IWPYesALGfiwlsBmemndVjqtNg+dd73rBszgVzgCSJWSzBBP0TDxrgyLFrBRXX94eiLtsvtRumtnMGzy0Z/zhiB7DdIjMxoRfgLHOR8FnDAbQZ0EDwq2I0c961aKuzxa7CvhU+IaODjxcsZiKcz54syk2/p14RbQM3MmS6aoSj+aI7hSLVL1yqWSInALCscTXDEP+1ip3xgX6Ukko+zwYxfTrkUW0jd/wiWpINNoRmTSZDTqUb3nSt9BsgthvpBsUikFgKME2tgor/8nzYL+0ggETKrG9X4o6vX2idP+7J1VLbgu1jiv2GlvX7HmXbtWZ9U5CAbfGxQ/LsM+bkXX3UHgDwN92YKYrG0fhHf8iNw3aGVTxDeO6MpjL/qs6L5F5DS/KVHDXhgzy1fO962b23RqirdF/9Y7odXstxfg5OHg4kwy+haPSpPTiqLQpWAUn/QJ3LU+952AE06VIiTXWHlJG1TEAPfYtvyMh2kxFD9SB1d0miB+BE0culXGT9Hi3BOg1JOY4qIjjNumLoKMFc3ATNcILxti/3x2wi/UVq4F+jhtCp53wAxHBoyZR9CP1ycqYnCYD6JcJfjOaDGICnK61qcIRyADpze2mTbTsGexUgcr469JNjWvciYe+T5V2zVGmyUXYu9mjGFzA6r4d7FAEgnKsQX195lLzmdEX7H79wytQEt/+adtta5ze5JhNnCPVYgGeexJ7GVLm0SZvwqMFgmYiOX1+84A4yNRuWumDLXmBzADOHiVWvt6eeW2GDdBLQBtmnloGR7F9qFG58w1ZJT8J3cmzjSGCWDlGyTwyrXzNJJTqcaG2hplP31O063lkZ0JvOVBVQ3im2YjHnw6cXWhd072SNVSnDyMJVCkdmkfqH1KWH4GN4e/+OxG5ruxhR1oqbE5oH1YPf8HnxfqQL/UEZ2vZ4GZy3kJiekuJpmPI4I6cCM6jv33sF+fMYJiZHDlKgRmGpZgRk0BKShR1auWgXg+N4y0izRUWnKsYDlaPdo6I2N0KyP/FqfUIEqRAG7IDH6OtZRlCuaQLD3ocWqse1+PZw+37WdYXqsecNRCy04Y7oXU7yrcD4H19L53EzQodsa0ZJi3QA2j+FSHFJ63y2MnAd8tx7J3sozliShgsHKFuRlkHry6WefAm7Es2uQn9vLjDBIlEzWCGReSobqWpBgPh45BOuwW30bdstnyqqMP2bMPKvPAZWHthzIbiEdyCxTJ86/4zBRWqz+xeec1h2P81AQwWCfVGshQ5qapj5OD3DZlawXf9ccIu7djOMYJmBqvBPLktasXavFA/wsxahYpUCI3y+KO+bzCFWGsTJySAsORjJylJpnnrS2tto4TJSswLbHvRikfRUd9l+H7m9fPfbjAPJJP8LAjWlMTtTjBnU4LWkctrmvAyMtXbYSIGAuqYexBBOyBKdQpcaS1xsN+yp/yLwBcGRYru/jMVna80KdGon1ATyuIOARas0tSDIBoKpQNp4hQu2kDhYT5bKHJpOb+PFDTmYM6H4+eHxHebJXLlFk6QkG1oWDKcy1by4TQ5nfZyhMiUC0ra6hk770BQXYXAU7nTYiTZE7YXKw8TAc+S4FRi4Fcur0IOUon1hYfosn2Chq4UNA1pI9IXkTK4tljQNAHrlwQBfzLZTPgVnSaa049Qo7b3ai3bnRdxWOcvNND3OvQ48PECdr/48DsgRPJi34OzelGQdyHYfp67Wr1lhbJ/yqvoX2w1OOtmPffzilBVZRq5AOSm6Z1Irs/lok0tCbX7FsNYBFL9EZ2a0eWYi6KgLoCpds4YsNR6DQicET+lGOTkQylMMsXcnKZSlYpDvbFkun2trWK09hGSY0angOnJgkWE7jDvoYJlMdI3PMDvf93hi2Ez+mcBNDiGJT17M6boEgV71ZV3dsGV1QmiIeROblujNO42odXoQFOQi50Hb6tKl4fq/YebmsBg+YIXM66/ElfZkaV5rBIwcCK58ZoU0vJpc1kZnRRjCtBLX8DBkebh4TmwSqHXxa3fsr9U+B7VkPXLXNzNmyan2457IVK3VqAOuegBw+n9oqm4iI+r720oJhXoZzaRkJZpAWBlgrdpgaDxDT6qxdC+vWhgrXr0AOyn/a+/feL/Z+Sw2pke1mkWzMjKR+rNEaoBmMIamCF6bLQ8G8NkBOAJTeBvOgAjz/2o0cu8OTldiaBJrO2QN7UH8yNKihSGzE7I8sBuTS1lPH6xwQHdKGhlkJAKzsQPKP9oFOSPLBmHINEp8LyMKAyxDXp05vzs5uCrXLjYQny+fl5GriBuQ6c6VEJ86u46E92kKMjJzOBMzqXKS8AtiygZZpBEmtKuwLPHtcHVYqkz05QCnRKrAottMoQrxffF2lQKyvu+XJyk8jgjI2onxeRq4W9whWEl4hx6Oufp//S0aWKxODdTwWK/NIuX74U504EGfu1g129RdOsNdvvwuThq4kFXpXgWL81E84NGwcH+bRIGlsM9LgzOBM4ZGH1+KVb4bIBif7DoIpsJyc+cPBX8nBcPPvy87TkimPCCq5UMXhSpAJ9ZV2xReOta0nwqtHXm0jtPAP7vu7nX/lHTYVCUiDPG87mC5tZqI0SLKcqN0hzb+FBca9I+bLx/j2U9TsGVoEFA4AZZ1xaXywpYc0k0VL13tb5q/hbZnvuedXDWAA96xebGcd+W774Dv3sfXo2HrUa83advsIptkXw3FFQh8e5PFtgU8E5P4Ip4Gz7EG2I3O08TmjVIxGqeJgRcJCe1qynqmAIS9S1OK1Z2Q+KJ5PS8xhJWICQ5Mg8L9arLFsW7PSDt1/Dzv/+MNt7jycfPqGU64if/sXoqEzZmELkG1COvigpk1xPipORxcnOV4tqBPzucJ1ZiBQycwCsxBFSePiwZ067wRN3URHRSwMQB6yVswM3HABYsfIr6WJoka94pc4i/qqu2ziRJyNwc0MVS9f7aBmZOfqCd4m/soZsfir4C29675DcZtVFkyT1xmAvfzO6nFKa9SkpM3CQyu2acpjYWd2I4rD3f2/cMy/2JHv3Bebu3RBUtTbYqxMP+L079kKWNAaBpI1we1l97HqiepiKVnYqFb0q1IRSgtSMsbcYv1fMTILFSRCkZPIBm9zEq57/Ro75RPvt2MO2NPm8izqN+IIXy8cOypFjR0gPhTiPXYSQz8asV7b4kRIqn95rkVJu4zyR8kg4L35aDzfdyaiaYQWRLShD+ys/R+oV72eKktyS5KLl8rFU4wmAcg3YnUFT4YaQDJ9FZya6+4FkK/8CTYcie23vDKlQE6WvohjXVdeidRupYycgM0og87VIJhSeRXnTm094k1LHlI+ydSF8GHfqkV23offZ0e+Yx8MUNQL2nvJahyqjlTUpX08B8X7p5Bhmw223ClNOHdgZ2fmeQLxyL31f8LIQaDOXA6IwKHjC6tJBtvs4jM+ZXshjUCMvPdp18iIywxK66W+8g5Kkwta+k4dmnsNzsjSYGTD4Zt7jwT0YTCQHo6oAQEaDhdn0FyrudShsHFmxi5FMfAqNdhYZqLZ47zabNy1go7jmoIMoBuQpzCzFQfL4LtViCD8CLvmXHD1Xcht5pSvZ6058Lx0OSOPaRhGIxeA7K0i8CpcloSHBkewYUYawXJJv5Y9MptoClbnPbshI3rWLrHzwchHvGNftAvOoIPDu3QNzp0749u2fKAJjiZ1tudRqzXw2BRW5NR36meNrbAk2mSQfVk0OaM0QTZ8C/catbX8IWHdPWdFbkbhVZxQc03vTOIt6dc71pDo39ttO08dsmvOP9UasHXC/Pk7B5DxJTd0XjzHqucnOxjdfKczM/RpAFCtxGeGV7DFjByV4zEAKlHqdz4Pv/dhrRxlhtsKB3AGmuL1BSBfRyBPHI/daDHRgljxNb/+s1145Z3a7opLh5zV6Rj6w7k2MAsijEJMeR+MxMiMtFCqMBUTjMzwZvaFoGWPAcS7+acjgaGYLsv69oCRe7Dx4PnHvMeOePs+ciJ5rvQSAhnnfSzrx1keqhPnSL0CBWy4sS0oiwzIwcq+3H+UMpUx8qub2UsMOxr00+hwgZmAT6evBhGVdevX2pH/r70vj/O7rM49mS0zkz0kEAiEJRBAQBQRVKpevSIqCmpttYCgtFhbXKoVL6K13IrFBa9WuaioSC1qbauoqJ9eFLSl2qIoqOxSwpZAQhYyyWT2mT7Pc855v9/fb34zmSxc7x/3B5OZ3/b9vsvznvOc8573nBcfbRe/4feV4+OII55qs57xHuzscTuaq1cc0+mTi3QpcN0tQy5TytbVXf3vZok9VVPz9YyAy3v4oDtHdoc96Qza4HjT5DNl1BBoRhZloaqU9AvLpE4tKJGv+cB5oBaUyCjdgFRNf/t9APmL37R5SAlLg1BK/smUyGl7+EjGmFbUwhdreBSaBqxZInM8hmnsbV5vH0C9lTNO/h1Z8R1wu63FzudZ7/skqAUC0glUurCYSy7ZYdClugHXIJGdAAXNnH4F/9+WyAyFol5mCq9BpPy97B2vtVcch5x5sHGOOOIYm3U0Yi1g2GtHSEqWajx7XqhFiPaUwgFscTA5550epGSu04z6vLSaLI+3cFqSoNbnRIXDdyuPAWebPN1Ps4xAvdCjIRBHvAWPyfsxdJ+5pBZfxcHNfbF5MoaounaEAl59/b/D2PuGzUechA5zas6aJi7x1qQCJy/MFhK5zjJ2tJK5NGunb3i1IoHZqgR4LgZqJWz8DCAT0gfOeYmd9WJQC0hk+vwlkUEtCOQuINk1bPiQKyE32RNRb+OO+p3DlJ+bQf98oRJD7iJMnltSQqBvqv0XccPygoVKlDcbF+DZS+5eTiAzKoXT3+MM436LeuUuXLUK1OLot316Ys6c+ToHl7UeXKLxxk4tMiFGtrl+uFDVeZSJxwN2GNO8M/SiMaSztijyZkFbvE1MU+V0gtOUnJmbI2I4+If8LoGZQP4ysvTsuxDUoiaRL0HAD8/bEQTOiiqOHBR7BlOUEjY1Vx0FPoZTu6cS7QRybTFrEfM4k5+3qwM5Y0dG4XnpR5b5S855sZ15MoKsWCAdvJlAPvOivwGQ53rJYwbeaGG7Iki6NFki+3v+2LlVuLPuN8eUL1amR9AdpwFycmTtEmBMhrdutOcff6Rd8Y4z3b4BTzp0FfzIz/jTyyY6FyATee2iRd0UajFZLDUDMNMAsFF1IDdY3N4DNb7ZtVQoRvNK52qmRJZ0jq0RiS2XzAIzco25AcifOHKEe5E2pLEnIKdEBrWgRF6wcNnMgNwspSoMuhHTME51IMwMyHVqUZfIBVZhKHjMMCQyXG3bnnjc/voNBDKoRUjkNQDy2cjT9ugwQh2ZC045m3/7QJ4skZ1g1TVwhgk4sPlm8CD/pP7toFRHVOK7zvs9+4MXHK8KVzRqBeSXXfCpiQ02191qqYriOu5+40BM1iN1IDb8HWGL9YWdnLV4J0gF5MqrqXMKkAh1bObhRSoJM7FGtQPlW7VjUDcDCKphhBo7loZgkcgotrhvnSOTWlx9rc2DRHZtkpCZRgjXJFrjp3Jsdk6SNVwjF3hN+3liEq5XX6E0bDVeeDqGaLWtKGDzwbNPhtFDILtX50FE5L3pkittzVA3gMzPVh6TqSTyND2e0VtTMZGkEuyae/MYXRmnjmT3IDwgaFM6Cgq7S5dGei1o0DO+BoJpOU76XHXxW235vguRJxuhBrj2ysNBLf7HZ66duP6OR60bEVo8Yi7lzMXQYOw1ArkuZcsJ6rg5xX0d2JLUaJAXknGBzG3G6hrOh7Ioiqh2cO96zlzlXNDkVs4hz7/mrzCqbQBFJzlgnEOaLMwqtDf41FcJZHFkuN8Qy3o1JTK8FgsQFE8Q5KCnmqsboIHyssgnzy7h5hFtlSE3Iwy0/FCjgIgB46yEpuMAMvH5NgD5knNOsTNehA0R9J2gYM7m8wDktYM44yJrz90T01GLXW9pq2+2HgN3glB4OZDl9xcVdU3r9lVq62g3g5wJfmKHWMTTLdu32KuOP9wue+tZ2shiQBd3KQ8lkL9z810T7//SD3CECAW74cqI/bJoZWuJ3GCUNVOF9MDj3p5GynVFGoNyl9FHHN/zLJeuDVzyOpBbgcL7KhYsCqEsnRoZpx0sAzw0QNecX2sY0hbhzbEhwgLlCKPsmmNX/eAncL99G9SC7rdKIjcA2JvtzWiy4516xRAVbfUkADmkWVEYOfHwGffD2Lv4rBfb2S99gY6JsWTaYzic8Mb/+RlQC1QfpfTWphIB4/1oxZF3F8itJbLPewpWFyuuSelFybmuj1h+wkfbH3l2UZ/HQhgY2GCXvvX19urjj1acfBu2qtuApZWkFpu29k/84Ue/YQ/0M9WrX64jmL9HP7WmFjkADbtyaiJHLBoigRBP2DqdBsFvSn5x8jjRkZhw1IeETB+2D5WDB1fXCKmb8a3wdhQDcBAxxANo+bjqcixFkcivXvKntnzRfGTC3wYgzwWQKZGvA5BRggFxrq7aHPxlQHkvDmmMtlyBtZHXEGnR5UjsApCroXKOr67prpM2Z8T+eeiB9AuO7tHHH7EPvfMMe+VJz8DB3X7FbrPXb/7QF1EPZSuClZiphxsi7NGTCOQYN88V7WPhsTjuK3ZqkcB2956A6b2M/lLb+kLzFRczLmrhOGGN7oORAurKj15ge/Ui3ItnF8krSC24IQIgTnzk2n+za/75P6x3EY6bK64iJGlKP+6WlXWSE9f6d7MR6ADxtFjifZGitXLyI+AmJHGqHAdpqutm53kC2L0qPmC1nR8853Y2s6YPA8j7kFrAVUOOPDG8FUCeZ1+4AVvUn/+OLYpjU6IyuAp3yEhnGPXHUx10A/GENcuhKdcCP8eJiZ84EdQwENm66UfJ3yV4lZeNmpOThx/uutWfJwo1/rj/EAzWeWj3MSuW2htf9kw7fiWSaQ8gmSILCgG377/qO/aDW+/HKRjGZntr9N0nSSJ7tVmP9y7pXknvwO+GkA6XmVYVx61wXC+Kk+SQzXMtwQq1ecSKO7QMWOIi5AAx8Xmn9T2xyc495QS74OzTlKOum5gh+8DvlYc+heG/4xM/WbPe3vexv8NxGdQiZkFsWLuyK3hBHvVvYezlRE2SyLFC+brH01L9jyHAvAenTubYFsQPb0HCvnYYLLliHcjssPfMOWsLiZzyKiSyVjsuz40QDoq75jhUyLSJMMe+rdtsKXJOfQ0pWWXsQSJ3QCJ/7gbu7H3XFoJOUSKLq4FzjQDIy5FlnQP16GOP4oBBt2JzFdhfQ2ZdGhe7JFRpJaFnAuVQv5pM/7zrH38ulyZfJF3DjQZQh2XxokW26qgj7e5f/Ku9F6XTTjnxqTYE24AFhbZi7t/zma/bv/z6ESQ2AafCdzJZ4ZMF5Jz/lMhsPz0mSxYvgtdoxDbixIlX6GJzXAontVB4QUjnZonsYpkamB/HJKP8xKdxfpLZnyaQ9qCzRGWaHUqJDNfNxDBWzIWf+rL96B6opHnz8UXE7cqDUJ0QmNm0sLHJdd0zQSATJL1QB/Pm9EryrUXphfZ2JLGWkPENjFZAbpza6Vrg7hnRDnpDVKlpHNxxuy1AvrevIWhI7jcMRnt7j33+Rz+xS790nfXMPRCAp3GI410DW3GFMdv/gANwPGmB3frL21SBiKkIPEdcng7hnTw8KVGXpMKl38wfAm1I5fxWJIWX9JW/HgZrF+vv4QMrli23LRs22qFHHGj3/urHdsapz7M/Ot3TJ/B0DGMtXg/325ohJM6mBsyLRgMrjsz4lNZalu3J7euZ9KQByHR9os0Ms+QY8vTOGqQiQ0i7Qkh5YVXILdQitmyohTR/vpLZMlLDMYz7MA7VTmx5xJ6Lg8CXv+c8FPOk5VidxeSXRC1Amic6EBb4f277jb3ns9+12fNQkpYnqcVneWIjsi2KZrRWnK38xopcI4+hMsGkLEf1ogEaJRjwhx9dA5XN/MduBFKFywighRqGn9OGuoxqHtbodYCXIyH+xYVEHzMC6UcBambgvPq9Z2mLmsej2rsA5H++UXX7Fs3fT5mD6OUYRwD/iuX72SJURaUqvB2ViHhiuQPbwaO0noOny+nnFql+FBa5q48UvzGsTilcEPAg6AH7768drzUPP2zHPe3pth1ceL99l9k9d96BlAbz7ZSTjrU/OAVF6KFJOqFJ12zajESMiLXAhkgJ4BRH9kX3ZAOZmnwMRthyjOMQxrobGm3d4+tx8sTHyukpaUYuopDH9DwpFJYgdW3MsRijMEXKg86+h+2Dbz/DXnbi0Zgv5M4mRkRXHDOHHAogozgj0DNsm5Cb4e2X/b3d+xgsezRgjIkNlevQ3XEubVrLm8k+ZV9eDPwR/HGLnjmzcXatW6c5eOrZKUvuHAYnj+u733pmLi2Xam4E6oiMJA0lA6gC7r0EeYu/8O7X2jJI5Am6qTDhN9x6N0I5f4zcxjhsylgLfhfei/7+QRzzoveGf/ej8hBLkXncRx4+deXIwc6xcPOl9s8uwTrYUlm8fM6cZysOOtBWr14dtenabOne8LQgf/E6vPaaU55vT0fV1HSBrt2MLer3Xw4gI9aCs0V//Y6MvVQnO6NKaj3Me4/JW8Xqr24PzQWN5InnbfAiRY1oB15E67vQIUwoeNw2oDFLacuqAp5jAEbtUL8du3yOXXHxW2w+04cI6K7JI8EHJDK8Fog1wDtwWUGEf/OmW+xjX7vJxlD4ZBQZXHSyjAUXQ+zPHMguGRusWPmouQLZCnehaf4LCjzjuoK7a1KuYWdwCojUfdL+N33D5Mnjthgc+bPvei0C6+cBtEhuQl6GA6itYruoAnm0iz5txvPW81nsEjp380tDPBXB3SuealYMDFQtdjKZnmE2K4pK87hYpxbhzt6Zf/FJRb/BASUDohHIBE2ViiDnMxWDFukuUgvPjYEryF/MQ63wgikmmvk7fC9BdUZ0gsfBq/tqIZFDE8SI1pO0pl0SJTk2PWIX/dGr7eyTn41rIlBMKR84xxWGVkoikyRCDbOy/EZYv2/7+DUoGwtZhsTRvAEdzrF4puV/9V279AMLj65VZDw6hfBDnXKS680cOVZF9RxyqkqqLejgidNYUJqvsJxzK9sNBc9qPxueik9f8Do7HNVOFZOh7W7cWbVsuNjC7ca8d0K3czgtOK5xAl9BSSkFXHsowxrQnip8ZzGrSqdu1knKZEhn9meQhwi4c8VqSBEUxfHRjhgrpPJ1td2XG8fq/nWPIxHjJ+2JtsXaztXOnuKRk1okkDN7qPhYoRxS/LTNKQx3tkN5D7XFiVgwJt/EEpA59gHkGGWZswHkCWRLJR5mjbMwDrxFCAxbsVe7fe6vkFSnJ5FPLxeb7QYku3kIOTI2BECHsTMmldBul//wZvvC1/8VXHmlXGUdMJbKl2qda/BW5JLmvVIMx2c9rDWkr8JEPbbZpYGPohcmJNidbghGAbKcpOnGtWGXUF4SH0ydUcPe/AffeLK98Lhj4KHAUSdJN/KrcN0lF+cAcoBicHi/TJQoNxHzV3gyNrWdo3L9T35ud991D07zzocGo982+lbUtC8EjgHHkjn2RmH4Pv0ph9krnvU0VRHVVjKpSyx43pfXGYAvnNJYp74lfd3NxUzuucA5iun6Irhv/Nkt9qf/6xprW3SwqFUVHFRX40+WROY0k9IF140DDhrPsknWSC0K2LWLx0nj4WBKGCYrhJYwmIkAACAASURBVDtxy0Z797kvtTe95CQYtOsx/tCqKDaZOVUU0oCx0oYIBktQDwVlj6Gy5js/dpXduaUTMa5IGsfM7glKlx8FaBl+2fCBkA6i8SFJ83eCsQHsNQpS7f4V7BdpMxMgl5gM9YabB+022LfZXvnsw+yiM1+CrJn9AAUrBzlitePlLEj90gCR3oSUCuUnyZbiRf0CB7wXSULO/vOP2IZhyGSWEUO9Ah6Fk1ebk5cLNX57/SIEOeH9BW2j9t3L3mkH7cMzg9QSripjaatRQ0OD4pjUIJLALLiOn9RiWk5aYYjPZtEpGNEXf/5rds0P71KF0vFxqGGmXxQl8f6mVMwsR83+5V2hFtW8hNQPiVzGLpZ+GVRJ36QWHPPYB9D3RiAQoJFnzUeRzD47AA60L/z1220vnBRvV3J3uIYjJkh7zjFgviECT7bzVkodrHqcNPjHH99qf/2P11vn3H2xSJz3xFSrWZnPTMDTLrEfFJUHIiRqxk5IslGa1AKCEsj6zclXjHERY64yeaoiYlTr7zUviry+u/GcBrjjQ2JZUm0uVNblF5xhR+4FI5YJKGQ5U8LGNKSGqAPbdXwtfW0chyUwkD/j9kcetvOYBbN7GQYYYZTh65XBI+PQrfQsPO7UJHjd4BM42f1Ge+pByyGVubPIN0kbXHLSSKbkzuynBDAphtfc8JPE+VA8Nd67b81GO/fiv7GNs1BgUtINGZWQAUlTq5VZqfcnB8iaiVjFDs7UxN7WeB5A9o4SW+6pcHrIgploc9tcm9j8oL37nJfbOS89SaEGirsJCeNQ4VJ2S0tA5oaIJsyJB35Qbhe///jjX7T/XAfV1wlxLrIbrpIa+0ngqAyD1CPVaExgArsGxsKjA9gNwfS1yclFUXfrVSs/hqXur06eSyDH3z52lJ4gRzhRcPrTltlfnvsq2HuUcuRpwYVFJWKxOtqqluRcaOU73+S5RZ7ivf2RtXbOez5pWzuX4kA0dp9oy/Jjsrr5V8rk/O0LndVDO0e2Kv7jaDj3SXdkO+i+EuWFE3sXOK6MFMugK6dAPpVIG8XpA9Av+cQ1dt1Pb7dxuBRZF3C8nVnsoiSv2l9JZGY58mCcpByOkd2TyGxREuzYlUuHtMYxQE7nQR7t0UsOSAk1lQCBp2Jg1I5a1gNPxfm2IPL00dcvGYSP5cl0jRsW/aH0WlAiS8qmVcmBhZq67pZf2MVX3WDtCw/BwAy62hVIXMJKHceIzqQYTrOvOYFZtlHzWgnQPPURsCrLqB76GRdJ8BZ+Hd+V5wTtZRzC6Nb19oev/u/2xy84VumrlHQwXHx1Hp9Uw6lELPCgXt5557PrYBh/6Av/ZL++90FUuscuGgFFiUktUIOxQ9opAP8aRNah4486DKc7XqmsQMw3pCNmkuD6iADtAZi+9RIQ98mmxoHUH8bn4b+ApG6zq6/7V/vMl7+Nwo4o9wNDya/jB0+df7PdFZC9Wqlz/SJE9wiQUyJLInpnyiMlsiRHrET+7drcPw/JC3fnwLZN9pG3vMFOe+aRcoUqB3dcWl2rXxpjsnIVtqhR7R1j6L1wTwJcUJI+4/bnn/6m3XTPJtULpnPDCbkEXe1EtW8KuOj39tW58VTus+atbX0x+5qGHu9Tk7yiLlFsvdUmjG+mcEecCWbc3adgdLYZ7WNyxPNPPcH+4MXPsl68y8B79lmBYqXx3r90D8n1mU0LkUVwDcOjwEQuw4yDLhyFF3KtEPAteoyvkRbQJFmIxIvMJ0p+zGHj9chMpEFCqwlgkrkJY/fOMCnNLPHlDkNCMRjmN9iX/ul7NjFniTYemMU+wUlPVRE4dalY1PueBvJk3BY8N+DagaxhijmiDUEMDQxsseMO3weepvNtDhLNtPcQVzEJglj8Hd/nlByyCukACGTXKQEaXJw5wHDKz362+lH7i499yfpRFHEERBu1OPXRSRJZo+UAbuawrehBMziz+/WzawlsfdaVTzXJZbyq0cl7S5rx+JV4u4doOkhpsMHU2rbVjj9iub32Jc+xE1cdgFJku/Noljq7c62Zf5ek4df3PWif+4fv2c2/Xm3tc5dYPy19/MdKG8JHzL+gokkLSUjJH7u0aSzlW75OXXI3StOKGdRl7OQW1yXyFP0J8LrgdIks448zxN9INnPle861Ew7bHyd6wA4Qe01Bwa3vUDXlwolvJWhB1U6ZkFykfjDQBf0wo47gJ/3k1663a264zdr3OkiO7tnj2CLEJ0ax3KlKGexOFZYgTNdQPSh+OgOt2V2XrUwqwec6lMi1EtKqLuUrT4UWt08C/5eI43d8AXh6AfBTbiqgXkknCkgedUivHX/sMbbv3vvYYtRClvFQjE4RAr3mpCCSwuj64Wd2ViaQaGtZjXVjuOTGiLn11vCjFMEOBwY5ycXnTS/aJ1+RBBa4XEtyV/Shhx+xX937kN125/2oUIo62kj7NQz3FRyL2mhgAZ0Eooxl+SJdNad+9oAsugrdjywhpPFtAuyTtE59bn3cMmaagUZ9fWvtzNOebxe/7lQb4SEInf/kdl5Y5XX7xydXc3HIKgK5WSIndVD/kZ1xAO64j1xt96HY+KzZ2MPH7gobMQYV5mMTI5AIrP1uBeAWH5v0UkphgZRAApD9oGEYkyH5ffH4JotWtDYwEozhw8UbrmL9OVW12InSvK7BSezt1s0XcKhA3oYAso5+cTHIJnRQi3Pqffd9678Eat6X9MfVgB7O2sIITbCEekyr21OiVG3PxUmtkhKQfSWdYGTeKOIPZqPSEbfbFdutRRH305V80Xv+urhpHcilcd6+DCV1iezPJ0ne4mBvfCe56/SSOqc4bCuOR+HJbCtTCSPWZeG4XXnJO21fllZgaTa6G5l7utgdAd64XIYmrDysFbUoEoglyZiKqceuu+1+u+Sz3zAeUh1ifVdcmOkDggpOohMzAWurzyQINWlAX06ogBwuuty9c8BJjulSaot2jiqpWv5uGGUqIOfOFIz9SL49jjwZCNPB9xnwL+SV1S7OK3nsA16euwjN2xcDxH3TEUMSbeN3sv6KSz1vUD1+I4VfnXallM6t+1y0ypgZdM4XTfRbAJGQk4bNzEJF5AfqZtFzEJpXH9YAknJQszjI1OeU1AFwPc+x3AVp7V/hri5djZF8hSwA++lbt66xj7/9HDvt+GOUt8RtLi5xVk4IbaVBqyYz05K5RKbXIqSwY8NXtHcOeX1pHSPl/UeR9O/7v7jfhufvL5fPbFTZ9H38BJR/ZTqXWV52R79TIuellaoF90xfdPAMpwKiRKkhw9DKzqbalEQMbPI7krD0SLikZ0654WEkY6UU0AQ61y8eFdIKgd+voeg6v4LTjsRzSDKX3tXIuNfAfaWzpMkYc8BPeWBUEXZx1bQJfA5yXANs5a5+UyoMSSz+zdvoioXxNL6Q01rkLT/NjSP/ogf1uMZ3IPtYCTrRyCwulPfZsUSODjT+Ugt1fcSlD2zdYKeftNIuffM5yAbFc5X0vPgXfAs7upHCKySoa2z4kQVkjK6/LqqsDvisEyD6R6p5HYLh3/Lhq2x1P7hkzzy4/OhwzxBM3z4tkqG2anYE2qne13LK0XKS6vRAOjS5vPu3/dxftlt7PjGVIfkClIWyyN0FrwPVMi7HXeLBgW344Xk/PFFgCiUUwBfquZ2eHHI2gcc3W/x6/sjF75ENzpH5kOGpBRcbHvLt4jNRU9p9FtX3G1pem3y+Xmyw1ATcNOLfksDetsaeV6MbUyzw0B+r6+lAAjYhEExFvzpzNmvLOwizy7j4L8IsfWvfca2w03QdTznR2YmgEzGnNMXbUUptGLHUKxZ02t+hnuF8eHM0/PyRUKE9wW1on3cuuNwQkoeKeMDvQ+W1CImsxoValpTisR8BxB1A7bMRs/yr++ziK75lsxYsi4nyjvrq8oEsM7urCK61Iy9RNwjzb/7uQVb93p7ZtqVvq3I7cMfNQd44na1cfX7sCl6NACbV9jAMjIH+AbfyxZEdsDL0YqeQl24j1YmF69NaoTn1mcYCbZzDLOu4FhN9D7NSpxJ84y1x/smLrmHYYi0TO8wSW/gs703wkh5pwfnf9V7nwqo1rXwul59OoeNCLGnARN9b+/oUMUgXoQLhtXhCQ0kyhxCJhafWhwTPBd1y2qN94T7RR8a09Y4ydH04e3jBn9iLnnakDTKHnQwYtw1EdUIoEo/assdzVkHlBlHItyaJnDKFCxwTxXIFXqaAEWk8k4WIOMTHfuQfrrdv/QvKhM0HX2YgDSWN3PeCkHcx1OpuYFlfbea7dWDTB9uFDYXFyLLJAVr/+EYZQ258tZbIDZiT8acQOFfPNAjRb56JG4R60ySqN+yV58+gqBDG5WcPDdBwUUpGfA8jLDsbgOhFxc4lixZjI2TIHtq0zo94cYwl7eJE+FQSYDqJrAaGtyT6PB2Y6hI5DjI7T0XdPgJjyV5LVbdlM0JBaURSKsu4xthq1xG/2+mNkRaoJPKOgRxLW7BgUnXYIuOd2PhAkhlkFD3v5c+0d5/1KhuA8c1yGG7A+aBmORC2g+UrCGZOABddB46guaAhteCGCKmFVrcfH9EBZybXDmtY+QewSrgDNY7fG3Cj937iartjNYrVzFmMcEZalZIxJTbCc1nsvnCeDshjWGj77w//NpKzsFOP4khNJ0DCtazUqEkaa0Crcos5RyWQ8x4Ea7r5WMmJKo81QCS9cC3twHFCRcECyAF2pyG+htMDQErGI/r7wLU3gvocVHxrNz+OtrIWHs/N5GkY/950o8W3J0m/nQKTdGZIV+f1jhRqBeSQ3gtnNSl5Me+smNTF4j2KF6kttmaJHNRix0AWuPx+qAXODKHts+bpnOHTD1lsl1/0JptLIcKf2P7RQkkgx7Y1BQyBzPniwiOYJQzwwZWHJ0dOiyVmgm4soR8PRvszmJkJQOipa8cR7NvXb7GLcFi1D0UPxzrmwt5XDKbPBa8lfRtGQg1Iu/pnA7XI7WesxkXIQk+wURX2PdHnHIoKUBLENUPzo5Fm5JTG8SXyMH0NW8kA8wgGrzrBgBVOjkw5WlSvg6Oy/H3ONLkU4NBWSwASPhnEtTY9wdJfCBqPBcGyPxo0eQ4aSIo3OyVyKz66k0DWHbTQ0i/OG9CMRu6PJUtUdoFJIVl5igduvRCNS+L8vSsSudg6ggSlPLQ97KvFCE656n3n28H74UQOKwkoM3lEaMsYdziJ4eAJg6hILShseKyL6WVzkIpE5gd9zMIHib9GGRsozsx4WL+BcA4/MpNlX//r++zDn/lHG567jw209UTsAlcwaQa5dTYlZmMXyHPdHZdeBBF/0gEMMmN8ZVoFaBS3m0CO13PHrx5hV64VcROiI/5PrEHng6QYQ+DNyZGV7SgWSdIXX65xUkMGYEWJVAYth5tnA1VjL3zRYiZxMF6DOzUx2OMSWU12j4/SM/Du0TfNYGgzX5SulVLNF6toBxLZJSqlgss2l9wcPxR8RKKVD7/jHHvF059iA6AMbQCx0iG479K/wHsq/Vl6jwKhYYDyffe+4/CpJDLDOCVMfYknoLUbxviKuAHf0bTwM+DL7cgIeeX3fmJXfOvH1rF0hbuuCCgFx9QfOUHOuaZ7FHeXAFFtEPA7JTVXAFn8kINZW4JynqUkVtOD58V9tQBahJNqjQqAdEXFqsYv2h3bwRuZWJz1/9JU9wg3IhH/07CmLzTuy3uUDEuaDBcpYtrcwAkjEccZCiXzHHstHtXQTcb5TkrkcG04omIb25erty0rjKbRLn8Q+ql6gKQV6aaI3ZJ8OiW1ENcNFR3Uoq1zzAb61ttbX3OKnf/KF6mmyziNE9pZxFks6MrtyTlOgViNj6iw02P9c+gR9FpEklrOg0Q/OxCe9HTc8/WULA52qAcOASTMx//223btf9xuHYsPsCEUluyKYB03+EIv+JqfFsSt3qzTgCJRaxLP21tdV0UepUV8IYirR3KZ5gSJeT+/hwPZHxXNkMGGEWO5h2EEuvNWxGVFv3UsVfzZx5v3datfPcZzWtd5bMv97p7GKg9kVv3e8fg0gGYngVznyH7A0yWkXg8ay1YnNVK7tKjDsxIceWYSOZYHwRzqnjVOtmxZay9/7pF26Z+83rpg/GosGeQkhwHHi2OPMWKyFj7H/VlBy41SR5Dmim1zz6seK4/IDZEyhTEB1Wf8w+XbKa/D6sa+/iAueOGnrrab7u+zzkUHIJURJjw5jpZYbYJCVfGlVi6xalIDUgFK4akG0MbPSZ34kqnQWGIt9J44afh9m7SCvx7SON7zgHaqLh8tDvhQ0gzdqNxQn6PpViRyUJoEsi4ZA+6yxSc5j4/9toCcfQjtL1tArZMQDe1JASYAc4zq8rsop1gQOcuxumJ+1TcMHquWbkOmoOOOXG4fe9cbbAlijDsQGkxBOM5THyrvVsFMi4x3xR/pZWfrFC1Aye0eujKuh4haKGgoPhU2RwrzFFLeN/8YH+7QYBgi0xm124Ob++zCT3zFHkJc4SwU9WOCOR8oNqbaavbUScHDA1h1ULaiFhoLfq/2+crT4LAQl9fulANM6p1LOB2NGqSA0BSgLteklMiYDbXXQeqcGSUfIJlFZ4hQbpvTs0EJLD7MdkyRLlWTUwE5UozUul8hvlGZ5uuTJXZO7o49Bz5flbhN+pfLyoEj+cnxibZK4yVHLtrV29F87+xdcZ8FeHjiaHT7RjtiSad9/KK32v574YQ+tqDb4YobRxzFBH5Is1hSIWs2ptxMulFGhsOe+JX6cNx6rEULIMeIF8Sr4aFltBlA3hSxD3TyjyOzzNr1m+2iy79q925D8XO4RrLWs1ab1GtlSPn1Ks6sv6l0g18nDUh3mQyROGmSUXXNC8CNFeeaXGCjNASllqqT2FXq2snSuaWrL/guO8/jQxwDlrrlxolMoCKAuGg8n7HclQHuhvzPbJfG3ekIPRauQLVUS3fqcE1BUu9r+TvuPbPdNY0K9bhvxSWX4Frk3XGtjNZroBbZQUmHcJBPt7MXvFjuSVyTJ723b++z/RaY/e/3vdkO5xlF7k/IWUNpT50Xu6ihGd2EcFstgVzoXHZekjWAjL8nxSM3ALimEvP7hSm7EJRQoktuAK66+dhhu/WRjfbOK65FcW54SXHIk9BlkR35p2NHq8VlG0DdDFA+35GRWP9OPdCoqPSgHNMBudXCkMEpaUt6Uekp8mWB2Q0LSeMwtZ3GFAJRWQmVXHVq8duXyJVkzbZJyBFIRRXHanHFXyEn/qr7th0Q/l0mWmkDnRjFQebFPWaXXXiuPX0FEmQirW8HT0HLceO0RQWjpSUp7Px190f4HfUjLZv0JV6cBGQddZrUzklCIIFb0VC/FSmHlCou3IXUW7fd84C9HxWTHhzrQVTTHOseG8CWCdzrs+aCSXLnhhKhkjvNB0954/QuTGpEvFCXnvn5OtgLVxYG3fuRD9EUxVpURmHzQql/Xt/jNbilSi0U3xuAJ4O+5g6NcnDLQr8qlV0dyU/lm4quRiU0gelmatRWZRI1ZK1pxs5Ti2pkq+U51Wjn6y3uHf1NLa8m4skYinSO41ziIvh+P3bhm+xZhx0I4TasuibSkgQrC8dLs3PzrKJjwnWS2GhcuXNZYLGS4v1DRC2ytM6O+pHrkcDVCvJhFRUN44AHO7u6O+zH96+xv/r8P+CofI9vJcqCYD4Cb6KsfoHJVVDGGhdQchs03GQl5QDerFd/qoOvDoL6Qsj8c3VXXh3IrWhKy2EgkJ38uLrjWMBQ0A4gNhFSHQpqBGRsmGirOtT2FA423U5H9hk7EH7nXGSSeBE0kxFqDVhOFM5g7ho+0ozeVmqy+ZrNOJ50b9depBNDQ5ttCcB86dvOtec85SDEUMBdq1QGlNies1kyN929ooWeuyPHsPU8xKt1FUJqISDPUCKnrE/hph0vXlAhvHFl/BpmuCUk88/ue8D+6urv2eMDiCedPR/eDB6V1EyX1vBavj/uLwmcFHABm6koxYwlsgDnErmAoyaRd2r+Q8uKOGjheijnduSII9XQxmb0rfLOhgcrFn0jfmro0RuuPyXdQuprTOrPa2BKpqOhCz5Qd0VO7lt2oNJO+mreY4eD0Voi59fYZtb6G9g+aHv3jNmH3vF6e/bhK2wEBzNmdWc0IWNWMvuR31vnPTXvnjlJfY6ApWzcHpfIukuMhw9yDnzpjjg4Szh0o/LQzQ+ss7+88pu2djuj1HiUngDI3G7uzdD1ggClhGyWsHXXWR2UU419MzXIY0/icOm1aAK4LyIfsjqQ6jVR8rsKHioBR+7NYDEeupnE/SLnFMFWpxbTtTf72Ays7ItHgTnY9dlKdoiYxq6W5qTGJncIz5l9gJPkn6w8j9KtoaeIQ3DigT5b2Nthn7jgjfbMg/ezgSFE4nBMmOybi9+hq+alOHMzY09I5J2gFgnkqhV4RWGh5L36QzY5T1pQMiMnq925Fke7r/wnuxv55OYg9/IIrFb3SeYpCi1LqVCp/fQ0KMzST2e3csvtjAGYkyUvCEZQajyK9hS3m+iMUyU+ksa0AnLh2PJcsL+ehJs5KuTNyAlHX2YC5DqY6txd9owa5G2Th5E4CAGQbpMEtYymJwXItRYGpj0Ege0DfcIB0ZGtj9mBS2bbB971J3b0/ntjLBgc5PZI0jEHsbv0Cg2Ohanw1t2iFjsLZM5bbPakz5CDR5ccG+mVl9ynyoy13ViR92/cZu+4+kZb/fA6m9s7FxFr7ohS9L8+6y6rBDI7Wc/IyYmrn7BuphYzkyrxqRBYGrTQBpK0irLyzZF0h0l+1ACf/mxfsw6a3CLnt1iIZxiJ97KWs0vk8M1O08g6eKu/Kf3Ca4K7tDMgOUhXiUHW2Lmx5Js30zHxnRqlpg/XJXIsVIGAnHgWduz6IYF77YN/dratXLoE4b2MHPSgHi5qRSL6dgbsK/rlHStaCAFkpjHIDFZK8dXqkawouUbM5U4be35nb53/Kg65JrKVvkrWwIP7DSv2YWSP+QSSiNz4Sxxfn4NsOOTSDmH/LiWOtip9Fy6BnJK3Ptm7NSU1b0WhNWyHMEAt4PTH70vDrTofx81od+GFZORwUMLHhgjFOSvXD/IEMBeHBJBLnzwoOcUUlS5N7qdLMV7EU19hTJXT2Q89aErCc1I+U1Tmbo2US39dH3/kAcB27HohFGEWM4Mggm3bE4/aC5/zNLv0vNfaXkiKzqhJ1jrUwQN5KNSqApxgbzX2k33bwxKZA8nsLmUCpxqLpGJllVBUe+Mn6HQXSvwX6+qNcDu7o8e+eO0N9o0foawBYpnHUAZBHgyOGAHCe6GnPHhKIJcDp8VA3J2J8dXvt3AFLKCqH/yHiw8nOrAzyVMSDOQuhm35HiVJbJrmgtDXOdE8V8gxGFdVKaXC4jJl/If6FrtkNX44fW8CPDyOpASIPGk8jFDGYZ3oGMTGjAgawi/dB0veTK65ZySzU5hKYOXOyYQh/huCaXgYMevICPS6U0+y88883RaxX3C3sU08/c0EOZLGSsBIu8gjFnNzrKKGCSSX2P7YTYnMic7g5SkHOe/b8IFKMrvw4FGg4EKcSFCMAVRZohTmMfbv3nKHXfntH9tGmwffM3cBI3Eah4EUA78bJTKNmRjY7OsuYLou3dlX8W8Nn5+UoIto7tz5+Om1dcg1nDWiGzl64y6j8tdJIrN97LMvCgbT05vh3o3QOnL2OzpqNLFxJGsaw/3DLpE5zbweDwOsOuwwjcedd95lPaBqdHkxp5zn3Ws5QSFYpBoaR04EOxdz01slviIHH0IGYzQ4hLwg3SP2Z7/7EjvzRc+K83V+DIk/rObkx5I8+SJ/HJ6xihua6E/2KEdmzgSeDtm1RwyQJEPsdElCO73QOUDUlWCj56C81i+RxeiKr3zHbl83aLMXLbNBHJsaxyFIphlQTEaDFHbV5K8lqHekpCf3otloLJ/ApcYA5J6eHuQf7sHvbtuEehx53Iufc5UfnpamS+u68iK6ZR7h/drOZuScKrEK60EzZjTA7olw+uZVtnitJXstxs8SSbdf3XEnigwhITslsqAe9GNH1KKF4CsvxSLz3UpvuNf2IPfrtG0bNtixKxbYhW9+jZ14KIoJwajztLjRXnyOVWhHoD3oUuM+QhfKixWjWnZIFZ5QcdI9KJFdne6qyKuAnInpOA3KwxbR/Uo4gjMtXajo1Dmnw9Yhp8QV3/iR/fCWe6ytl1QDx1eUtM75aRVfEXzVeUBw1PpgtEbG9EZh7vhRksFlCPqzAKd4CQweSu3DgdYhuI/cayIoFyBnhsxmI81VIvsYiVXwm2WFWawmvRn6SJGCIQxrzW+4pnpbua36UbBn//32E5hHsPl0z733WSeOztNQ0iKRx6dZIue8xE2a138d1KkpfF16b6gN6AbG9vIISui+4vkn2jvPPt326Z0NrYNdW5zW8BMvGiJpBeV2Zp+VWb+9nOZIu6MCr4+rz2mjd6rljDa1NZXPJGOP56J2/RF+K/lQGdkUnBBAzmiyrIBEcIwQIOgk99qv/7fb7Cvf+ZGtYenZXhwm1elePtJI8L9TSDvNmLlETj916VsAU5mHYodxFmMDoJF6esHbsZjIkxXiU6QHvxTummxdTboUrwopi45M0fHvkpiSlD868aAg/IjfmXawK4nMMFHGOJO28Drd0Bg6jsaM9+CrPHTr2zPTcWRuwYa3gMUY+VCkUNaI4aCGbcOtKz7lf5ijvoF+27trwN7y+y9C7evnKb6GC4nZ/51O+ArIKaEgUKagmLOcK461A7bK6FSB2muDVPPeYnB2B8jkX6xdwYa7v5jxpTiaEpKK0lZ0BGNCS5qfJ8SYM4LvZRQcB5yZ3mkQ0UWlg+g07DAAHZAo96193D79zZvsp3evsQ7wvokunHVT+v7tAhjPJXMQOrF7lKs3jVIOlBJh09mKR57tIgjJ6TpZb4P3w71HmR+5eEV8i1xLgse51cSoSgAAEOtJREFU8EdkAIhFVA2mA9qrodb9282bN3lBr5fhxh+vPwIpxbwZsuLznpU1VchAs0R2deAurzRRixTTIiyea6n/yRzZZ9/7SZpQ17iVMMjdVHluuCCQlGcMAB5HdsznHbPC3vbG37OnLF+KssgwYvU1uZmEB2+f/8d9BHlUilHjY5zUMF/Oka0ox5MokZOkS4IGkLn62XblrRWosbeOznF8qOaYX4JgZUlZShFWcafVSvXNNK7pJGd1Il6I3+N3OhEKuhXS4bof3mJfv/7fbcvoQgC6x4bbYDTBQm7De7y+jCsyQnk30K7IZk7AZt6D/JtuKtbc4GCxXgetbb7G56Q5uHOJE8HBMTfWuFmiXb/INUfQ01UY0iRgP0lcFEBzpjI2Wj5ot+TJYge2b0N7uWmCBU+pLEDQ9+7cme1q8CPLHnBNQJcWI/CySLpUPz+f0WNBu8qKiBb6BhU/y9MyzKsRNw6Xsyt25/dskOfJgz2zrc/2nttlZ5/23+xMZI1n0coBRDXy2CF91n54hD5srn66LxPIvpvpJKs+Wn6XHMtksJUfOc4Ksre760duphY5OTx+XSRybQoJcEpgnjZWygD0kjt3BKhyYlBdD0EFAaQ8BculSW8ErzcMI4HPaQxk8o3ZMApmIczvrrUb7O+/dZP9250P2PAC1MNg/q8I5ldyQS0gd4WRi/FUrTL6hKHK62e+OGoCHqR16cwFhRoVND4VsEQVGLmdRQSbJbBLrLQbvDRWJcXq9CYnRG6m+E5SKk1s5FgbhWQeUqBR5cHIS2qqg8po8fF5bDW666oylCo5GBKXF9H/ruabvRMukUl3GtW3G5N+bc7XNmy1jwz222nHHWLnn3G6rcIu3Yh86b6FRdcqL6GNL9IEaRW3V3KDy//2tvohYU826Qs1hHgutPzubnPkzDSEGwzB2mz1aAVkvsYHVXUWIWcHRkd4DXRDKh0pXHFaZDYc5ZLAHEhKbgAv1T+BrLGQITiGNmDVIzCfjx/8/F77Kion3X7/ekhjcGckVOSjm0fHcQ9eI+lDs0ROUHMAfRE6zSCYeYJF01dTsyzRMP3DJaMXiqwMzWaDUpMXhwAk5DhRaq3IjfL8jsCopkGkM9+krqJlMdG+cppn222CAI00mVoxlX4Ithkq3fsVZmNsrrBVLBLPVYckUjaO4jOGClisWvqGM06zV59wJOIVoUWjyKZvX7Hfme+CvXEgJ41IH4vvPPqOZvCKMrStxivddikwprR/6muQf8cAFGMvx20I7qJm1cQWFCDnCcC4ICdM+RCwJamsiaQPmCRNHIEMwNKFRUk7gkAipajCJzvxPIGc/JYdZtETckpKMlaLb8MCWI97XXvjzfbNG39qj22BMTZvMRKfIMkd/c109QSYea/6yRJJrziKxDYoxFBFZdoAItYRSYoXkkPF071jRaKE8ZHcT3y0gCPoQISwJngbJoFAzjHjdYMza9MEUWLj0EolhJzuK1Ka0m6vclKXwhV0YwJiIicBOoSy1kT846o+JKi4Bl7hmTkkuBnfvtn2gRfv7Bc/10572fNtIYzJNm5uaO3k1rJrokzmyL91vWDGCRxf7klX4ndNy0wFZF+/IdnFu6vn1SqIv3IV14GMzYqycIankMguQamOfWtUnZCfkcH0s7XjpKAfNIBAVodpJEJyjsCF1TUb6h1+Wt8tRO4ucmlISV4jeTg3TRxkpBycdB5MRHwzhPAwSoDdvWkL+PPNKL+7xjYgcWYv6nb0YsC5iyZFRiMs5rdLGwQp/eHAH4RbEc/dIGT6JS/71aYdSPYHUoaJUwLITOZXzuJxUqgW8X0321w91h918MqQ5AJKCZuTKOnLltJwdUnFvBmjGPM8ZElprYIRRVU3ArkR1LUWJJIDtfI/y6L04HV5FGjEcZeQfcHPKOZycNsW2wvlm09/wYn2upe9wFbtvRhpg5k6GunI8DUWoMlgsCLg1C+nKaIWIX3d6HOiUkXRxOgGfZN9E31j63Osms9k7ppEVnkyXzniyBUFLAJAEhmTTyAn8OieksEFcBDIvAgd3wQojQX6F4uxxwQcHDxW+xR3JuUA+GWwwSikdwP3V6laAkY7ZZwMlP3qQqZ2jC7r43Uil8Yv12yyb3z/5/azO++0zYO8KbINIb+aPKnknqxgykpOpDgYaC60MWgD1kARl2Y6MJb0EtWmBHDt1zYDiaz6fOKTIWkD0PWzeTkJDUDmBPNeWvvsm99XbQGQ/QwgF29KUJeYeq3Gi/27zn81Z0Xy1mVyuD1jR5C8ZRRfGYOQQOo/lTYY7X/c5qM2+PNOeKqdecpz7agV++l6zMrJGBGFjAa/VYtrK9fb49rMA8UmkxwfpZr+2NMSOddwjL/O7I3TKSgRCsmHSkV1IDsnQrkCAIA8UyIPQKG7LNuvenDB9WZhsNL9JuOLaj86RQriW8KI5QjPRl2QSPXF4CnqS8YY7sVFhAFmNUYCphvP2aZbH3nMvv6jX9hPfvWAbRiA16NngfV2dUsmDMEAJHiVwBULpTNKXHFCGKvgpQdSrLpUpgapxicQlYu6oCYPSmKxaTjCH1pb/Lk4E4D5GacNDjJSC27Lpwwb3I7NhtRqxHDitUHu586ZG2faeROQIMPz9CifBoBcatKrCCB3QBjA5dm2dcT2m9djp5y0yk593rPtqYgZJtyGUIxRvDaDtgTegAK5bhOQnXJQS3mY5vRsvaETjT2qAbyel6/MQ41qSJIHONNVmNXElB9ZQI4lxC1V9wTFiudf7IQ0jKtMVqanF0IIjdcncbdsSTFOpu5MfXG5lRuB9xxAKjDuLHHQohOoFeGLA9ulVNIPbuizG//jVrseUXX3PsFKGsiA2T0Hc4vFFpJPCzDAlvAtTnzlCAYWSC2cUbphNenBz+UBSZdSmbOX7gWvMOoT65FpPnY0hCdJabolZdxmGCjsAx1opa1RehoD7NLRrxFgdu4V0jk3MYQuRyAXJozaYSzaQVC19oltdsDiNjvlxJPsFS98th20bBGkM6tNwE/MwHcIJieMEX2YQGYfpEk8aU2meE0gj08D5Kkkcn1Y6x6ayjNUhSdM5tMxjbGONUv4x409lScLaqEt6theLXD2D1NFcfAZENIFCU3rPxeABrmu3XaM25afUGeKFGQooM+Vk19vpJKhcKBHOeVOYfhY3T9kN91xv91828/trtXrbGt/F6Q0LBjQkVFqA/qCCVjx1ACCNhA86o0LI/PV1Y2+Igkkwd1rkQu9TEScNtG4yt/caiFUKjqPX7EZMva08YPdMgYaMZ6Zd8JzeTOqASlSkrEPmVxxfIIJTmi5unFGX/Mg6MPY1i22BDbEgQcfZKf8zrEA8RG235y5GqsBziEOBLfhvmPQWPQHS9pJU7H97KfvbuqaejfGv0YtXLPtGYk8vcfC7xEz5wuc7QmBcNiRqnzqZfaoqWiQceOAD0kcSsPwu47A0ldf8R59uOLKIcmnNEJCws0Y1wo4IsjcfRNU2Q1LSRqNagy6X5WvKkMjeTjegZK2ux9+1H6A+I2f/vpBW9M3bNvw3S4cveoBqDt5NiyBVybBjdPKtRbX1i3LyhKQQy5qYRcjkHNMqRxGXukvm6vdxnCt8X0tHd+kCAmhhSHpjM/zyBRtDvdq88KhJSiNMyZYTnWnWowL5tAMjzwBKjeAa4zZPsvm2clInH3aCcfbQYessHnqAkDL+AcBlbSAuYohlUMgyRDl/IrS+W+pe/zdBftBRn5Zn/xsGspuLLtZt+uPunSu04y6OzOWU7kb8TEEQ/6oY4+lRwgfdaEkrquoJal1BzddZlyZ3MlzgLNQTYd1z4FyivCKPSeRHTc+Xw5o5hH2XaeY0JB47p9N6RhAJ1DwJ/3Q/PT67SN2J6Lsbvnlb+zW+1fb6i2bbfvobBilvQA2QE3fsYwWZoOU6Jd0S/PXce73dVXOyQp3FIEU0sk5ry/+XNSa+GJQEjgOxAatI3g5b1beDF0Ex8QgmWkE+p1i4WoDxanLBMBKoSMfPQzc2SigvgxZUE445kh77nFH21OOONCWdner2dzMoDdEefIjNVXOL+dbYy065Dtr9L/TEE/Dm4urBxGBfoo7KY4PiU/RnpPIdQOZ1/cdvrogib8p8DhVePfxjRvtWSedhD5Gxj3PTM7B9pXI3bB6uvv0J9LjwB5wS1k3xn9KFtjUyWpthiSdiXTmXKaUp0SmrApTPgm+BjCuRRgnpx6NQe0kWGiYMjs66EI7TnTzsX5w1H7x0MP203settWrH7E16zZY33aCrR1+blAQGorKuxDutQCw1qomixPJ9x1eKmUmWRopDTSxFZD9476TKalMAGYsFIErAIfHFW13oDnf5bWVaoASFMNNYdIBY3cElICbVu1j/bZofq8tW7bMnrnyQDvp2ENs1REH27JeGru8BIWPh1HKGx22ApPkCCAhqARk9ix23cjRY9nECPuWMg1s3z11b4trCp/hXYdxhRBfFNXYTaIZ8t/H+w4At0/QmG9d92378wveTWMPu/cEpDbPY/3jOV1x/ElVxM7SVZY3pUuuwYgJCVWal/jNF5TPILve2InmZ8WtxLmNTpbLxCRkOyQv8Q+3j31hJcf3b/gOr9eoUxwFnm0FMB56dL3d9p/r7L7VADYA/p+bkfIUq0HHiPBZZpafBdfdOA7QckH4BNO8lGUXnLty37l3woNlnDXwlIRzeN7TXY+ckPCyKsYXgNZzj7dgX+WyxA+9K0P961CodQM8QWZLZ8+xffZaaAfCVXbSqn3tGatWIqRzX+tFEFU+xkALqbh8O1vKpXB6vlDiLhTwFVostB4XCfOSKP9EjeOz3dzmn42yG3XATT+Du/JutSSklTVvMb5iBj6Pop2xijjSp77idPvNb36DeunDmL3oND/sW7t+UkSDz4g2SuEYnGxiPdosVWyt//GxujTW2t/JHnrnfDX64Fdeb1j69F8H5ehGcJCSmbTQDK7O6Q2hFw/XYlwIgU/g4GcLDKyHkIX/0fWb7IGH1tq9j/bZw49ttM19/bZtmId75P3z5nM3k4HiqvmMncKohCTZmqoWn6PUo3983ry5tmDBAtTm2Iw4BmZ5dK/MGEq/Ua1zA6kDr7UxbJSHdbF5xJINC/G9w+BpWL5kjh180Ao7AGUmVuy71OZBE7KONu+n6L+gNSUZe6sRDowEW9MnlPtaS4iLxsMMOJaMbOQ79HErroXjhd8MM2i2hXZ2Nndm8l1AuSQjJRvF+Ki2C0DWjc0wtvP2O+6wV7/m93VZCJAkgY3YEwfZPf6+M+3+f+6z2wjwbUP2GAC4FgVi1m/sAx8bsI1btmGDZsi2DKFS04iDYFB+a8o7ApSUIaQ2kL0AVZ3moSg9g5u2bH4CfBPbv5ALXSiSOKe3y+bjZ9H8ubb3wsW29+K5tmTpXNt36UJb0NNhCGT9/4/aCETeeSx8N6xPO/137c677nIgv/3PLpRSE0eWdONWMzcHtC4BZud5/twVrFu38SyXZeFM9XVal8j8268xlWTODZiSHUiLsuJOlAhZHlfWPw2oIrGdLyd/9gVdOdH9nv4jbksVrvak+grHvwwfemZgACp/L3gmDEN+cgR2A0+8MJSyD3ESWwDoYdSD3oqSZgwTGeb7GitsElGb4T5zEIpKlc0MpayT0QMjrAcSZTY2aeZ0g3siZbrKdKFv3BKm12hcMSc84BTb4mR9OXaiDhJMZQ7YrbC7Z8reiqGWcozAYFgst/YV1agoQwLG/dp8TQZ/zjPb9GSK5ARwzr/2AtxTxMYzX/X3r7++wPy/AI0bG4ZUV4zXAAAAAElFTkSuQmCC','<p><i>Description</i> de l\'<strong>application</strong> 2</p>','microsoft','excel',3,'Jacques',NULL,'Web','Microsoft','SaaS','>10','Alienware','2020-06-14 09:31:16','2024-09-22 13:39:12',NULL,2,1,'None',4,2,2,'2002',3120,1800,NULL,'2024-02-17 00:00:00','Critical GRP-2',6,'2024-08-17'),
(3,'Application 3','iVBORw0KGgoAAAANSUhEUgAAALMAAACuCAYAAAB9XDy2AAAgAElEQVR4Xty995tlV3UtOk+uXNVdHdWtVkI5gjJISAJsjMEJATYXjBBwAQP29zD28/3uD+8/uO/5+rOJMtgEkYQSQiJIanVLKEsI5axutdS5u3I4+Y0x5lp773OqqruFZAG3RNFVp87Ze+21xppzzLhyrVarbf/FX+1223K5nPFffufzed0R99br/Ip/j7+/lkPK3h93wr3wyBoPf+MXf2iZ1fCN/+Vyc9aYe85mqrdZrfm8lZuT1oPvPD7Xzhc4Wn2u3S5YDo/Cn/ksefzC8eeauDbvodskd9D79Dn+m/4fPutLkOd78T/NC+Yoh+tbu2yNUtVmSzNWbw9bOXey9ZbeZPn+syxfHrJWu47r8aqcU/+8bhC+ONI2Xw6vJT/7sH6vvjrXMcytptkXMvd6gfmVzNqrB3RcOV9fx00OOOWm8p8bAC8gY8VWDiAiMPF6bRbveMEaM7dbY/bX1mzNWq5Us6LNWbFRx7sL1syVtBEANbyX4PV78fN8nb/mm3lr5QNA0+3SCeYwIVygLPB0Ld8FCQBbhaY18hx90Vr1HrPGkBV632ilkTea9RyLT/Thu46xNQXsHMbI8fkT+kj9ur4Jw4y8kiX5vXjv6wJmX2yfUAKVkodflNBRWmcB/OrBnK6XMBZ+hRgTmNv4Py57C6AuSaKaNWsAce1Oa0w8YbnG01YsCFKQkJC+2v0NITYH6StQYOyUxK1WU68lz0UwU6IGkCfwCdrJJXqAFd5Dqcx5iJ+XZM9oMf0coOSwxNy1AdL2rFVzh1ut/y3W23eWFXvWWAsgblo5QDYVvYl01jaJI/JJoQbh5v4/4et1AXNW+iw1aa8tzUilZaLWcWOXzJR4BAVBQ1BstfrswzY/d5+1Z7dbuVW1Qp5Qbwo0QJqkb5sACpTB0U21HiWzUyj9nWBuAfDdYE4A2SkXNdLMRo8bX9dKBh9UR4dQJb0oQR73YShrLN97uhWHzrNc8XBIaD4sxyvxEQAbfg6kxEV0lNMZXvJ7jOrXDcwRrFE6x0VbbO5+E8mcUFBig/wXgCVk27m6L1q7FDhyoBo2ba35x212cjOk8uOAZdMquEghN4X3laSgqagdzMRbCmbXJtQyzv31bOS95M+4bweYOxnPolBJNkK8Vgbc6d8yZJiSv9WLQUFrQGO0i5M2D1C3wKcrQ2+2wsDJGEgvnqgAOoVnwnMUJZWLADo3s9MP3xsdsvr3GMqvE2funqEs5XhtZ8+pga+SxBOekBKWVlXJ+XIeIJ573upT91kd0rjVmLJyhXyYWITKl+p1o0nGapDGTgdckkXDtUOb4HMtSnpw8AJAtkAyR6MufD5rBPOa/F1GZDCO42aPYI5/50Cd3jhVS2iINljDGu0R7NvTrLziXPDpU6zWHrAyKEkeoG/myoK1YMznw1jb4OKFFqlUkOBBWr+26/L6XO13RjL/pjQjoTASXBkDR9QgWH/ixwT1Hhl27akHrd18zMrlORhUWHwYbPnCtCS6Syz3DxyK8k28FcE1ciDJHDB0wJVdTINFYGfv5doivZTbBtQic1ajvM4fY6XBs63Ue47hB7y5V7SkFd0v4va6Mp4bzx/AnFrMrw8AX8u7vC5gfi0HzBWk5JQx5qJJl89yzxZfa8rXYLlCA2/ZbbNzz9jcxN1Wrm+1CnhxqTADj0MDEg4KWO448gaJZb9aN1oO8BCRK0djaimacahg7gZv8jufOGiMQKKCORc0EimO5qdtdWiRBghGobDBSgMXWq7vbLPiMtEKbGuBNy/e71qI/4qW6R7pZnYXYkLeX9OlfK0v9vsFZi5UmIFov0TpxNe5NM1geOXhZcgDpc3GM1ad/qW15x+0UvslcGKo2RYkFWiHFepQuzD25LajV8NVdzSMWvh8lg50+8cTbSKEpZ4BgiSONErTSCHcNuu8Lu+4GM3g68nngofD968bnImfXvhzv3kcu3Y65wLP2arheUsbLL/iLZYfOBLvozaq4Dr0uvgTS0AkX75p4tXcPnitoffaX+/3C8yZ5w8aksutBeRki0digfIwh9qNp6w+cZdZ9X6s6RRoRkFGUJ50Q2sFnoj3ypjjVQBcGY7gkNDFvjMOwjOcr6YWXiKZQVuCfZUGK1KYLVjFGEjKGoLZnwW26C3J/NxhlFKmSsXQZyPHI54V/ufWKH4awyuz8HxssHbf6VYZPstKpSNEOyiD8/wXm9yNaCcsvhnCHCRA/t1G9O8XmDOSWbwW896EOuXSFQDkQr4o/+v8zGar7r8XkvhZ621PCLiNQi8AW8ZPdUjB2SCOyCO5cO67JQwSv6vUOV6RVEp9v5JWuGdixCaibXHJHJEriHCz0T+tzeObIPradd2M+OuWyNloaQR2yoQi6qge3GUYv9wvjmBQrmqNZo9VEUWcL62w/mXnWx+Aba0N+AyATHck7Qx8lvTM6AXSEGPEkxORXve1l6uv/oq/m2BOxa7ApqWSykzFGyUIMVgvwPGEOS61t8PV9qzN7rvD8rVHrViEY0qGDY0659mkEx7JJmvkFxYxGm74OwMgWVC15avNLOBBBFPieaCjjxpAsPIPibIsAYal3JZZcGclc5ampAEY7kcnW5S13CwKtzByqI3DyaP2IRUzm84vs2L+KBsYPN3yPWdCoS2zOoGPDe/ejvkgnCtBU3HDe9iGc/m7KKN/N8Gc2aTRDxow5wsjckyViMktTSNy96JV535pzZlfWqU+TQLh4A+Bh0gH8qAPzJsgi/DFiBLt4FLhYMuXcQouerGgvF0qE3IZKdxNKbIX6KYXBx5puIukc7wj5yEGfTw3pg3Dt4nvNj0csB/ypVOtMHgOQH2KtQpDmDtuRDegGc2MV/pdJ86/ZTBnJjxZJel3/ZZMYsBd1hXFcHK7ttPqM5sA5DvhYttrffBclMGXWzB6GpSC8hMHg0niEZAUH3YXXDZxJfJWva0r3K7bZ/nxYogKdCSG57v9yJ44FPh11lMSQd1tZS32e7hvNtyd+J+5QUR/KKGhkaJPHLteCVK6tQdM5HuP1Aq/1zBr9Rz4dO8pAPXZ1td7PCYBOSASxnwwl8qidj4Z7k36HbMKf/tgDmlcbnwk0+UTp7Czf8WoXj4HL2p7t9WnH0Fm2x343gH305QkHYMVBSwNp7wFg0bXCCrRmUsAc3A9cXHTUPtCKb2UxFzKJ36wa2WlcWpThc37CoCR3YQd+yraFJiHBMyiWW4gS0LLCHa5C5eGvls5BFtgbzCgMlc82gp959pgzxm4BvM9inDzYS7xdspo2ib0VWuv6H4ZnRVdm78lDvJbBHNCIJzLck0lOzTTDmB9g2vq9SIMmP3Waj6MrLZ7rT3zqJVg1OQw2c0WkoCwIMy1yNNgoTDxK6XGG3+TsZ9GuvSeIC2zvDUCpDvUmwQtwhJmqcWhXitxECTgjdRAg06/OtRS3NHpvMS3Zt+m8Shw1GmopZsv3oNA9rl1CULTF99IrqrlqzASETUsHW89kNKF0onWLKxAZLEfM0sbJEjmIKGjP0fjkWDq2F6v6y+/RTD7ztbTR06ngDLBxgSggGa6ynLTNt962eam77f29AMIfOyznjxC0G2oQvy9hTAufcStELpWJEzEOEhmGnc0wKB+BWasiMDHLLromaDaDKFkN6RovIeci0hVuoAvmRQW71VfawnJ3MlMwriCn1nmA8YY86EV3JORSwOwOzPRjVlJaX5GM+0Zf/JZi34giFSYw5NDSrcGrNFYjnRqgHo5+HTvyRDiAy4ixDjCHKZiI6pWpyG/ha/XFcwplXCVpy95KOgWYkIQo3H0fUKlSYpC2rZetCYCHjPzD0Eyb7FSE9E7uJLoqSCQonSRhyJKjSCAFpPMkkhaiCBhqCozIJWACXw1IR6BHzpV8Q2Qojg8R+CRiXckoDxeS7eLnxf/Tq/lt+9M+IlaIQ1hpxiJdDpewycyjil4f4L617VpO9DGCFrPrxl4dBL55EucdCIVtIIbAqitY67zkMyFgTfISMwVDgfwEUnEenHT6L1ShWEewnPrDjG99HXC9usKZl8yPrejLfyT+HeVSwHpWaTAy++Bd+JRa439ynLVLUD3fnzPwuUVFh0L4q4ul0LuuPAFSwGQSiMX9PhPxl2UcJRK7rrKStnAdyLvSf+ND8BnCLnYi14rK5mC8pEUdWWRquJk/Ul3MimmYUO5fztkt2UMLufM8XXnxAmgg6smBoQE82hwRm0XFQojn6RmYVDuznNnIiU3Ob7PZcPqzZLViidZcfgMK/UxK+8IfxBIc17WvefpMIKkCdL69aEfrwGY4+rElck+UXblHExuI6SSQTkRMvS4QAx/wLlffcBq4/dafv5JSOgZBEOQ8aYcYxh3wX+rxQyLTTW7mGUdJZgkqVRp3Ei++PIjZ7LUEgESNpo8HEGKLnCRRXAF4B7oWlxtAiVey3dx5CdxYzl/P5CHICv7OrSHo0/gcsbM+XSK5BI5PHciTUIehobh943PKvqh1z31lXkuvhlyyMAr2Fwe9KP3cCsPXmx9lSNwr2H8DakBlNJROsdkf23eAOQouVLIh13diZGOP7/CX/7LwCxZx0lyfS5pqNdEK0QOHIxIuAVOEfXYh5nbYlPwUszP3GU9DfBicWG+j55jqjMuEnie41/BElh/UIOeYxABE1Y2GJa+vKLBMjRdvR6I1iVqvHt/dk3uoVDDwGAOuCzyMAhUC8fVCWC/jAtafw53x7kpqicldhiR5984LxpAcMlJHUYqEejUIiPTPYVB/B8u6NuOi8Q0Ung8CkWr5ketAkk9gASmXPEEGI99isS6t8RN0BbmOnHoRUxr+bMP+jsD5i6prDTCdIMGDCfTFTmb5lRRj7oVmvi3gQLS6i3IansYC7EPeQMIfADIBKq4pBaaCxUkOBN5uCECJxM3C3fRQoSkG20fUeswziCFImp8i/H/ulDUSUr90/Gz+DkLvA6wLXWtFIFLXCtc5VB2RxZ8yTgVhnHhgGcvMJgUeL3nYfucEOHRA+O38hK2jmQqGoR4P19vE8h8I36Xu1lBTRrQVYC6hlxwSuXDUIKIsq2h063QczRooKsJFeNyOyRcOnDooDXcgEy19CJ7Si+9kjzr11gyS/xpYhPJHBfSYSPgsKo5DzeQtZ6zxvwTVpv8NaKnT8DVhsErvwLGILmYat3ClvZ5DCozrE2U/lxHFqZycSh5mAIB6SEerW+Pg7uhl+XUB1HrC3iqb5nEnxylV3jtgBThINdayne91CLH19N9mJHsACIyYPHELEggfFm/SCrgc+NAj8/Bn0N4P2iHWJzgapFTx0ig52BpO0AItfI1/AGpBKwetx6kFRxhuf4zrHfgNITJV+M+SHIS9aDQ4u6gYGGGYiiw1W7KRCqzcjFKmSihDjYJ4e+vDsxBh7o0dqA4mQhg5iuiFI5CSteCDI45VHlss+rMbdauPo7PbrVeuH1IJlqceMxcIjHDZMbnStIzKGgkmQXPIAnmrVEcxDVW2/QkJ5uBgDhpITomWAfjyT+ZSN0FYAwA7JbertaX9j4syn0PcC1/RM7RIjzjYAuZua5G1azbQH/J+ntmLDe3C3ijFoNwaFU81zkKleS6FC4AXJDCpCcO5lAuRsgFcOUIyDDflNrSiPJEIeiCjTNnSCutvNEGB89HbswxuO4yzbaqxnGNJDAeeYy0yYEf8PWRzHroUJmhtEp6CqiiWDoEyUvBG3mSVA/9m03kF2+12fEHzGYfhGP+aVyEeccMddAdhLcFtEq+ywdKcRBErHZEWHiCGf47zTMlQBMJMuVJe3FmnV15XcN27UB2XG5A0aomJXNGwB8MH7+Pfw/UWDZIsVy3D/7xoJ11+A4wtTmYHLQz+pT/xoqbJHRP3zyTq7SJ+E3gk5SRVzD87vnhBRqRRDkooVek4FubhBqRXhjPHff3w+uRW2nNygZk5Z2LlginYg3Ap7FGeYBeJV+iPEGTykD1jL3UWHQhSFwwNtACpjq8JUss0GskmTkQd9J7NM8Hq98hIHOgFLnyNlRAP24zk49abmab9ZcmrFBEaqKKoIO6pzqjVRfVTFQfUkl4ZHDoAowavl/pirxuAHO7UYaFXbaf/bJh37huwPr7j8Ff+iAxKO1Z4xd2itSe1ESQCn7tqOV+H4HsY3YNSKo2OfOinXvyfvv7961GYv4LqrbJI6oXViQ8YgCwntzng8GkFoxtzLKoRZKgxTkEkCmZ6d9XJY+HZUVdcljEAudT0UdK4pzN5hF8ya+zUs+brTxwPpKZjpAmxYV800ib0qgP+lxCMJXUMiRJHLV5OrXgUmv0m4NZQjK62pxmxNAmrV43AnrwrPPoFPSYVaubbHb+YezMKnKMUc6vh2KAxMHJ+eSuzVZppIP29EwBWZPmO1dgDlK73ShasXfEfnJ7yb63qWDlHkgHqFYso6SRFlIczrWEX8NxzcVJDNdXyNN+J8CfoXtF2CP1xrSdeuR2+/ylfSgRexrYYW5yv5O/wItdDfqGdqlIYQSuLUnplIdUo81qFAoPGpL4LKW7GyX+N362gOBWIeSDK2cb72uh3whrFOoNVIkXDoOBeA749Fvxt2EJvIYASrh2Eh8XLf7/sayLi5T60pee8YODWfzG5ZZ+TL6CLItWKV4XEDUJMzDAxlCqNC5/cWv+V/j4FFw4UHnake7nDAiT6goeO4Er3i94QxMqKYGvSXVvRgSz0j2pXisr7bu399p1t5Stt5eTBknD0K0uqlVbgqNxTEHS/E6g85UOwldGNglKwebm23b6kRP2+b+atlJ1h7f6YrmYoAMvhbDoxpdX2AT7I4BdHBmgbACsdMWxEY67R9tWaaKwAQKqBY7c4DVlHFJwuWb2teNXEDwFSuoGchkh2ApvtP6+dyDV9CQAnJUtBD5xECgHl0DUxd2uTjPizwfniQcHc4cCjgPl01PQuWR2o4ADozpHcxJIhhoaq7Rmb8VgtuKbKsud9xGo+kleCM/iIjfjpIgj8efgCvPIWIwuZRBHwzLkWOiayFMmmL9zR4/9+Bf91ttDMLt7iffRJ7lqWkOfQBfPETjhhyiZszu3i/YcEtQWSPjuFzJz2TUvyaCyG6xTknQOwSWAWgcUQCnmqgTzJMAMKlfdiUf1NgteQ7JQKLHKpIo2BHOFQfxbsb0zdRurl22mCSnfZAJXMAgxb0PFuo2W27ayp26D0LI9zWnqPmlYSU+Bge/nulVFFlrtQfxO8MMobS8HvUTV+DK0FgP1qNkKce4gzrhK4dlY9sXFEkiCZD6w2lwazD6mDkmZCk3+FNQD+S6niQk/OfDi6oM2N/WI5Wdesn7wpmJhEq/Tmh4AhuAeio3dwsUV3w9ZW3wK7sT4PARjXo0K3e/JP3hiTczyIiad2+XqYHq9K+zKzf127S0DArOuKzC7W87LgXyuOvMx3KL3pBvfcOL90cNwSOg98JvS9FB/XxpydyBGkGmPJeM7VM6TkcxIup8HmE87csq+8FfjqNklmL0vBqVlTrncpHbBh8/2Y8gfmACQn5vpsxfG6rarVrbdhdUIjPSifRmEE2lDGGEf/MsVCKvRSsOOHWrahp5pW4Maw2KLxhHXkpo5Ysd3o+hn8GgINdwgqHJpL7sENYnngYevBOB9SwgD/Kb2VjwhzmsgIHGCFpnuhWCOIM5IreiG8oV29eReBu4apGGisYpNPYmeFHcjyftuDGQeUb1eSVmaE63gX6SrzK3ZkA+Rrpw4N2/ZWQHNRXfq0v0lJ5MMwLDjGsjGDWC+7uYh6+sZEVd2PpzuTHJvdeuMPtRw4Yjb6FZrNGg6Osz0v6ApDjUhPd0srghUw5c8BD07/ptn6HHzpMYP5yCJ7GU31yILGKAfNgBgGsF8xIz9/QcBsjpoBqmC8ruJNzSDhGBBNQNczzPwI6yw5+dW28MTLduKtgtziOS1cz3qW+ey3LWvo4qeDfxD1Y/35lrTNlCZtresnLXjy+ipNDOG61fhZSKaCUhuImpB+rn5P3yGMpjZefh8HdTDelahrcclEEQnQ7muY/tHtEjDO1tlh7aMUmY70k/N63JjLM6glwBzxn+rSxK8JDEMZmAyWPULNQS7GYB6Adbz/dba/wDaW4GjwZxmAr18l6QQmgcfhKv2sHsdJj5g/ol/SahFkIxdi0cgqSVAjABKyhBp+JeejgDm628esR6CGcAVhMLtSRMHBvutUQevnAN/D8lCLoV9MxGENDR7e7EZOZ4FAKImWBJVHX+IUt7BGamSv0XahfeCZNQM680+htk5VFJjjJ1fB7ppCApR5pKfVlt22hFz9g8f3G/FZgQzMch55aO6BppDS9xnJ8v2q90F218csWplEPnMHlyhEPLiCGpGN7Q9CcGbPMprgffVGzUrFWfsvOGaXVAeR0bjHmAieveDLRKkrFcFcHvQ3eYR3RqERquwHP5p1CL2nQOBdAr+ivYIkN4y/DRvDl6thZbTN0u3CbQ0zRDxxm3JdxPVQf40owvWayjfR3urqelH4V7bbj3FnRgCuFljAIMh6GuJceBFyTFvFh+mQRJWKlYdy7zgfciR1XmTxskioA5P1S2Zc5iUQu8oaMYADMDl1lOBwz5IZt6MknbV6pW2ds1qLHbVtm7ZarUaxsh7cZnoK4UE4PtWrsT71q7Vz1k68kql88EgH7VAvAfnolgs2vz8vD337HP6OKVRct+MbO+8dtiIeG8Bz+xgnrcvfGgfaMbLzpkDf8uxHArdm5qFij0xucHuncjZ/gpqAfOD0P4VjwXK9gn6OOMaix5NBkl4PXqQWvBYzRbbNlzbY+cM5uys4Zesp7UTFykr+zHSRne5uuvPWwFSQtPA8xAbOv1ZjfWH5QvAp8+0ZnE93odUX24qSWSXetIVAjRf6NzgB5TMyVbQdag3wCvzY4jePW7VCXgoqo/h0tVQosOqD+fP7hmg39CdLP7lkyP3d5CUPsLAeQnk4G/W4gUXT/x0wjGjlJABGCUzNRnA3NdvV24atetvXmE99GZQMgepSx/16OhygHSNpN6WLVv0r9S5VIMHZwis5cuX2+pVq+DXpvvQpVB23g7FTXQwIPuURldZZIs04PI2OTFpL7/8kt87GKqJYstcuGM5g/qlHJ2v1gHmun3hv+1FX2mCGVU6EiCI04GOtStFe7K2yq7fcYRNF3oQvGIrghJcbKQWvGoIYkijUnNET4UrMPEMuRzosSBIKbjq2Pw5u2BkzN44Mm2V6jhIBF4P2sYNOb+8O3EdGWr/qwaQyM/BJpujhyR/mvWW32a5gTOsVR5W1ThHXwxU1BP0ArIyS9MJZtd3SeROUbzgRlOz7vY+TNRPrAlpXKhttbI4hBtozl4JiqCY5bJLJyHuB/omU38018sHFTmzXyxSknTlkkSfjGROwYxHBfAKCONeedsau/4Xo+hZjF0ewBzonlTswABoBoAvmqF7EzCEc2p5ciOVSmjYnfi1M0GVQ+UYh4DmLJjjbikW0eOjjvxhNTfvpDlRMCyUST5nlHZMF5ivNgHmagDzdoG5iXlvgCb2AKhjxZX2i5cH7Vf1I6yI5yyjSQ4jeqyg1D1ED0EjAPwcJSzcaIjdqqo7CkS+jzNWgOFXRkdV1glOgi4sn37R3rmhYMcU9lhvHTno3JDyIrlmll850jeJWGhEVovXKeWxmcC9mbvTbvTDOLzAKisuxLgPw98GQGH8yV1kuqGZFSwpmLVjfL8EZiQwsqkg/9IqPGVTU5tRe3ef9bUnUfGB3dyGWoJLJ/IZz5DCNUgr+NTMsRB14LNQ6rFQh5wruxwukYvB/dadxZU1uMSZ6eGQqslKZoIZkrm/HMC8DJwZYEbmnSJa+JxvTIZy3WtBXuz3cog4FQqekmBwZmnFwXKNDwG7C97STTPis3Y3YV/sfZ1GcaAZeM4iwDFf6wYzpSsoFLVlT7/dNz5kd+0dsgakHudTgRLOiWwW+TyQzdi2wf5hm5vB33G9AmyhOXZQDdoiBRH62sHgKyLUW8F3s962E/rn7W0jO2wIYJbxJm3sWi9ShiDyhBf5vnG/NtyCCBViAHDp4V41Q75O+XyrDP4pNtuRiZBzH7REoOMtCsR4DEQCLzkp3FOtt8pHvMemq99DhtsmG6hWYFTw71RF0XjhdYMLRkLVQS1pEW7pbq6wYYJEDETI35M+XbLocREFYuUABJ0iRkBXYPBBc8ICmL+zcY39+JYRGHAAMyaIUXW65uSF1/ujfAvuupBFI+9MlkvokcICvIbSuBPRcXbiw2c5oAuB7GbO8vfEYEx1tyReHmCuVhuQzLUOmqH7wvuzF56MX+xabs8X1smdxlB0HVRDG14LzqZdkJLzLbv4+PPsqP71tunJB+3ZiW3WHEIwjFlvUnWu+rlJqoUypGbV+hoTgGUR3oiavWt0px3fsw9potHN2RnrE1o058z7oKcFrj16LpijI8EGisfKosZ6K5XPRNnWe8Cn16D5klNHuu6EH+HOvxLJHC3vKGX9z5TUk6jBu9dmJ26ySu45cC7E+JlQpJn2h09ZgS++rFDiRxw4BUVyzS53W+SkWQnULRU1GqopuvYUsaHRQA5PkHaB+VaAmTRDu53ADz5LcVTXNJ1A5ZidM2vA8Ss+WHZTdqLx1f2WqLRwmcyGFsw7NtFCcuHz5evkgQoKHoB5npy5k2aI8JXK9jy8Fz/fv9r29a2F9GUQA/MI7Uokiw3g9yLgzEDfu465wM5ac6LtATg3PX+vPbXn1+6FKMNtlkT8HANx3vLNeatDglw0uMMuGtoOEDC1gZLfxxfKfcL8+2dFGsSHfQxOh+FRIf1Dk5ocmzz2/5Hllr8N9wcbgNGu6KDe5V6wDjAnUpNCn4ScgQ6I+nr9EWvuvxH+SngrwK2aTa/48M9H1cHdRaMgLED2QbuWWyDif1LxoXGhFiUFUQo0nyeBOIZfM+HsJmjEomC+edh6+5EKCg2i06GCqstKuv96qftqcJ5K7MB4OvaYb+yIH66+a4Z1WIsAACAASURBVEJ6IljUMAdvzelHdhqApHc10IpHkE14R+1om0FQicBTgxiuozaCS88iJGVzpm3vOuESe9OKYwFOSsmcPb3vBbv5mbtsXx7BaQCa2pCc181XD2uTm88ix/m06iP23nV7cTpWOLlAgKVnwl2U8XQuYobaP/kKG9w3c8AFwFwvDVlx9AOIqp8FQ5H8HjZNiFnEtmcdkplCXsRfRh+J+R6rjt1gNnMzpDITTjBwZrnFnbCk+g3RpSCBs3yTIKKXgJzVF2Uhv0iMvQPgwZnWIpL51tX241uHrdLrWWIMxzbw7cGJQFM0Uf/VFOI3B3PStoAJPhn+nhonBIDzT/6nmaTFX+7DmqFScr66QDKTE09URm3zy3l7orke1AB+dEo/FEJwnuhZVgAPACogmw2ll/bO4y62s1aejPgKo3vYLODN26tj9sunH7RtY9uh9vE6zs5Qy8ngKKjD2KzCM7J65il7/5odtraCIIoS8hNnn7t6kzXQPpQ4DgFE59baXPgMjNY8vCxzxXF4Nt5q/QN/g2APT9fiqV/+2RiASsAsxsiL4I9M4WMfitzcI1bb+X34Prdo17qfMbqRUjW40GhzgDpgnItG8EQp64ZhhrwvAq6FfYzTcLZLImw41f/h+twgfWX7DrwZ194yaEODy2C8TNqa1Sts1SoYOgqBH/h+vzn8XttPZulWB5gzt0ncmHitCN47O9ewZ17ah9A0ImugGadugJ/5v6EEDUETvCjjdnd51K7bNmC7cyuAHR4JgcgA850FR2hJghmboQjJ2ppt2x8ee5GdvepUBZli0Ie5zZTFd7z0kD204yGbK+H0AWBFLjpuCny+gfGUGpP2vuUv2rGVCQhHto+hICG4XKPIIMSGVN2mUOk2jSr0w5fbSHQowBNTnrD5Bgz7wf8LEcPTJXZFi5wOON6iAUjBJTDjdR7qUkSkrzl2o7Umf2olhCidUnS72hax2nRZvp4aVNFXSl+v51p0fq4zmcjHtojADp+LD9vFmelnhjfjO7dBMm9aBpVXtnVrVtj//PxlNjLAhfOv+OluuvrawvHVXy0SjfRp0/HH2YvvEXfEA/7n92+0m++4F8KoAjDPCczFBnMzvL3Wfkjma7cO2J7cMgAQpU54XwUZcMx4o0eDE08wF0gzAOZ3nnCRnTN6Gg72pB/Z/y63HQTIUwjG3P7s7bZvbq/SClqgCsx5bvJnXKunPmF/MfKcHds3h7UMLj8WYlCwUSiGxXBjksD2xYl0M3tujC8cooV8Q+l86xn5OKQ0DihybrxQMmetY/VMaG+z6R1fR+7xIzAIEK/vQtdivyeqQSPrNFhiPjJH7ANNVX0Es3stovT0JUult/uDuek4IcysE83wC4m/5fsqAPMqu2EzGmzX8nbh+WfY3330PVavYsG6qVGyY5x6RHBnAf+bQDJlu5kp0KN0wTNDExe7T+TEcdyJsRdjuJzj8Ayc22K5Yvc88Lj96ze+C5D22SnrHcyl5i68ze2G/eUVdu32QduK1KCKwtPMH/fAhoPZR0l/cwsuuT8EmM9acSoKLJz31kAzirjnMzueso3P3m8zPAcGNKOprlLOg+XJhRYYRNepdy970Y6vMF2U4WvG3BzMcV2j4ebQSg1z/pZ6r9xbkYMPul6soXXYWusb+Lzlh4+Q3aVl7ZbMCXB4IQK+cY/N7boCYN6PsZGjOC2IXSf9Z5ey2UbYvjC+cE4t4u8peAWYMIDUIveHXOxUp47F1ue81KfBMagIGPdqeNBENOO2EaiXgl385hPtsx+5FAa15zl0egfCSAPVyba56mg3G26+QEIG9Hfrpm6K0HlPt9Y73OwdD5f+kuWN6doEIOgaYbPLmAZIihW7/YFH7Kv/8X1I5j47ef0MwMzcjN14bp7YmrfZ3Ihds7vXHiq9wQYBrKIKJCja4I+nS0yJ+SQc4KOzTXvbGy60M1ciVwJBHAZOdiOx6O4X7rPHdqFaqAzIMxij9rgULlx2rAm9HeDhq2sv2dtXT9ixyGFv4o91rFOFrlJRgFRDLsRLOqPRFRvzQprQGtXWWrQLuxTHWVwooDqMumhGVtJynpqzv7T6vv+03tx+PCDi+YFvZhcrAqT7tRQ4DvTotVhi3Q7pZR80N1QwJWiQMABC5yj5PABbHOy1b92ywq4BzcihA8/bzjvePvPR92FjhqQdTWIQP7pW9tbZX1Kxmfi2O0YZxhE2ZCrXs+Qlgs0/KNUqNY4RhAVNL+mfS9cgvU68hSS1WH/YvFwP/UKpCAACzLfe85Bd8c3vq4fFiesA5g+Ow+e7BzD2sv96ZZXdujdvD1aHANwRL1Pi55XL44ETejaKzCmfb9rbj7vQzh49FSHmpr0Mg+/uZ+62XY0dKLyGVkBeRh5cljktBLO7PwlmYrph69H8/d2rZ2wVXLvMPywqb50D9nnJGvlZ2yqznR2kYfPLcYAEpiqS3ErDf4ZDh/4C92EedNwZnNfYdU+GXQgk4AGrU7dZa/xKgBkJRTzCNqxv1mjL8prFvBL8eyx1ihK4O6XzUDwX8QG9gcsSYIaRUhzutW8iL+PqTUgAhwvx7ecCzJe/D1EpsK0Q5ZJWUlJ//Mpmsy2i+6GGGzy5irwzgCeshoxiaQVpoE73YsIqAj8U3QyZcqqUydgNCtCKLmXHstgeT0kMjSyCmQDhEhbgQ775rl/Zv3/rR0oaOgVusS98CLkZTVT8FPsBhCF7YnalPTTVtm0QTixpK9BbwnGpeNXvzzuo9Gq2ZX906oV2yvCxdu/LT9qDzz0E6YqU0Z55FKziPHGAKs+TurgmGHZ0ILQR1m605+zo9sv2Z6vmrD/nYO5F8ERtiaPLIkNDo02VdZ2m2p5r4lFfniGO1UAf6XdZ7+h/d49O2Nz6JwWzTy8vyKSR2uw11h6/ChlQ3LE83TSlGfw5ehpSqZx6LZx6RPdKpA5pXnJ28but9aXD2THQQfzIU60URK2/aAYMwIGKfXvjartmM6oXIIwvOfsk+9zH3+s0g1Y4Q7Z4X3MPOoq+tBULjYmRmuVC+g7X9ISdy7GUVqyy8oYj8GqfenOwIpxzpHA47j9fZbqr+927KUfWHSVPCt5fLqFWsYj5jH55LFQd0m1fddp2TkMLYjz05OcFtDS6lc4z0hcqPbZ6aCVGRG8E7osqmzyue8vdkMzf+BkGt8xO3vCU/d8fflF0YGv7cNu2e8Qemxm2SYali6zoAXWQbaMMC4eWE1CME5MK8J14zPE2NjZpO3bvxmZhDjiSiRDpa8PnTA+DPhcbkYeDjeglKcDovGBwzM7vR2s1pD4oVK5WwtkNGjem3zfSSy/C8Ne6KRp3bwvel3bvxVZc9XnRq2SGuGwJmBO1y1WZQ4usH1pu4nqAmbVafNhU8mQBmJXIWfdbOpB00NlHeSUS2T8XwKzh05UEY4MGgDxzNACxQL1INNq8FmBGExLwvEvOOhlg/gtIZmb0YTHgbK8itXLrN79ny/ftszLq5bxnhB97EHyPApQUPV56uW+5rfnL99roGeeArhBgHnEkevePjdvMXGpcZheBLqeY+SeIEMiViq1ARh4lcXymAlT0tvmddu0jN9vuuXH4UJksRDnkBllWwhNrTWgJPssfHXuhnbHiOHgr6LrCuyslu+XOh+0b37wa6ZMDdsR6VGd/um1P752yJ8cqoA3LbLyMJCtWUmNjzyEszHljLx49rVoBxGF5LgufkVqJBx856BlKTtfTwem+7ui9Ih5Ww+j8g7VVW2e7sNmQOKSdTqnDYFzwSQdtlsVE989ZMGufMRcaYG71XmCF1X+PTRxTHDgmJvAnNCOj+FApMjv1PYD5J9YPBzqPVHCjyCUujUDfTZ5gHhdRkFuy1Mm75pA/L5TqKV/sPNYglebJg2pivKuZUu+FK3JmuuYgmeGau24zWkahGcrbAObPfOzP4c2Y05gZHt3505/a3M9+YeuxPjzUUvFMPgMXU6qJ13cpzYtPwWe79/zT7MjLPgIgwV+q8wORtINF3rtvvzoHZblulo75RVyTxILPkeERVMHAVUiw4z9K6Ue2P2Q3PvkTpDz2odKD3oHwTN30JWhppq6ejGbgf3rKH8C1BoAgEFfoKdqtdz5uX/3W12y2r2hHHb3C3nLBhD2J4Ee9NGKj9ZytKCOI0dcHklGxO+dwBhW4NSIfFGmiHNIkuHcBA9CJtoSfOurzLXS5ed53yFlzP69yeehao+SmhpyERK7aWcvGUF61Cxl5XjCr82ek5X0zOO1y7HREd5MIIe8fpHNYDkquNqKWrZ7zrLgGYGbekE+wv7dbMntPt6pNT3zH8hM3gvN4ha5bS1GixEVa2Kssdc+lSjcC3//Gc5+DSy0gNG3n2qGHAhd1tZ5WE5MGRZpBvLmLKhs0uWbzGqxgHTTDJXOjxpxrTnbbJn74YyvefotVGJnSfuZCsS90LBESg/Vr4qc6+uDNnXO2DX2EYAZFYBKOwqhtSeZaHQbQgufJbnhKUvaboFRt2bKRYTQb5DFuAczY3A/ufsh+8sxNcq+xQayfFhv8vsFHp5kJQpEb6Yjc4faXb/oTwBJZw3Cd9faW7ZZ7HrOv/fCbdvhbNtjKNf1Wbjxkw0NlW45nPRrZchvQnLJHYCrYPeP9dv/+io31rcO9EOSAbeC1gm5YitaEQEjs2iojlZJVm5PGH68VqwOL6hJ6LM5f/AOkgA4i9aHcnMJ1w98FH9c23Vq52wDsxEsa36C/nB2bmujFUVr7GQVquHbukeE6xu2R0AyCpWGTY9+0/NSNSMJjLqyDeYGRo03hxs9if/NN43+PXxKsXeTSP+t+xrhr/T3dLDRexXmVpyOGnS/XHIImm9bY1betZSmMOPPffuK9MgAFZia+XwUw33qTlfsR5sZlZL9LfYXaZS5kRnrU6jiL+syzbeDyj4NmxEgWj0Yz2wOqUgeYC4i6MWAQJUQHN9AT8Zvdg5D4v2yZ9fdC7Ucww+V1/+5f2Y+fQyJXCa/zmbU2XB3y/DAnGTnSALU4srTePnDGeyCZ+1B4WrU5NGG/9/Fn7amXtth0aQeOj9tif3JKwQ7v5dHKOwBsjB0eCPJMgnMWleybt7XtUSTp1wB0TJiojVMizgm5s2tjzz8ONpWMONdk/JfdovLwAfc1pmywMW5vXde0I3pmke8+5Vl5wajUY4TNkYBhkR8Wp5+cEN4TtgYEAiVz6bBPKtsuh1pBt4RZDLIImHMA8/T4f0Iy/9TYOoT9EcRfgsUeSXqad3uQUqcu0KdqJU3JTIxCTV9UQ5TILq39njGczQSXAGYuv3YlQAXpRDBfs3mVqrWjARglM5spTlx1nRUA5kofc53ZQYmL5vCjqyl20ImbimCeP/ssG/roxwBY+FbpjsKmIHfds3dv8M0y+pVNLw3+VFw1PquSWvC1fNly6wW/jWAugWbcv+tB+/GzN6HUq0+2gDY2jWxSuaCs3A3nO6OJZzuiZ71desofWanWZ1tnt9iWvS/Ytv2zdsdtj9nE7h12xtoJ+38+cCSELirme3dgjioIoKCQlfV1mEvef3dhjd2xu8eexevNco8qOaSXuMmDURtFisBMUIdWZ2JmAhFcfo0eW199wd65ar+txb5oV2ehMRhZZGoENjoDJqJx1MouiLJ0spMbp54hbwTPNfdRKAGOdIc0Yy2ECzwyB5HMZEQ1m5r4phUmfw6L2fuHSboGMGc3lKRqSHhZrNRJhiOnqFscK0jvg1wQzg7RqfCGzO2CniVB6AazKk08Of9qlE7BRWCXnHOCfe5jlyK53F1z+SKSba663go33yjJzJFp0ZTRFRYwpCE6mJG0U5u36lln2+DlAHMimUG98IFdu1G8Sb5O6ZM8X8r/s/OkxNUDSOYbAphp1AYi6JvYLTEBzFHAesamHdmzzt570jutMV2wqfqMrRldYbc++Ih95YqrcfTZcjth9S4ETUCv4O9tl+hKg2cGXLiR64UvGNIM9Il1gLNY4V/uLdnjM/02338YnmdQifZ5VI+I56PKXkBW9qFn5VF+MxSOehi97w2NMTt9dN6OG5xEKd2UTv0qspMr3scsOhc2nOtOl2Scn8Vcm9GV67kaSawb44bhT5px2Mcw5724LhOOXHJLMncCLQPmKYBZu6sLzItwhUVphngn8Zoal9EN4xvDFy4CXn6KjESIIc5EJCW0IwVziBwoVOpgXm1Xb8aZG9U8wHw8OPP7kSgTOXPBJn8EMN/yU0lmbzwTXFGiHCGZKkpDjN/BfI6DmS4wrQwSX7DQu/fsDeN19ewFuFmDMIVzB5j70N2HkhfXYGTtPkjmBMzioN4IJ9nM0ZTgmuFnln0d2XOYXXryO8GBEe2EuoVnzjbCm/G1b18P4TtoR6/dbX//kb0qLiWISrQS5R5jPrDTDeYa0yhuwc348H6MY3aN7c2vx9/xnhLycXC/Inr4cTyUwJTayOiQd6gNejNS2GVH9++zNw+gPUCpiVNf0dwWm7GCzaYuGNqBYfBiAq8UzFEIBlrDyiVcu9WDotfDomTOgBnpmNAezo28hpQLBgNw6ttWmPg5wtls08SOOCnNSH3OHq7m7539LpwlZjmvA9V7vtEnyji0Jy4x9TAc8kLQY4I10fqZc+j+Se/VzA+T3zrNiFTA9RkmEGD+LsD8oztGAOYSwHyc/a2CJt59koGwKdGMn1sRCyB6iuuogpgeOoGZFrebhnxmgflsGICXf4K9S2R8sot/HePbu3tvMNhS6exzCSnMahziPkh4Vebg59Hl5Mzov4bx0hAuIdhx784HBOY+pK3WQllXIrXCGKWqg9CmZD4CyfWXnvyHiPChqhoSt69cso13/xreDGxW5P4es3aPfeGv9+PvO1UGRbqKu8kgo+Rl0Jq/U/IVUXFfQ2Bld2vIXprut61zFXsREnAGgC2xz7KWEgeGws02CNdhP4qY39CDDTUyY6MwKst12gCgbWq/Ro9P9Fu7PaKKINyHFI3GshQM1jHrU063fRBdsrUyxr+uA/wIzBdZ8bCPBpqxqGR2UqZ+ZaQZk9+yAiUz7s2eY9m+DzR2mDkl9RD4V8qf+ey0MHk1+hi5tOxkhPcX8G8VBuU++Hf34QGn6B8jkKQi0EcRIdIR1H2txO8D01btm1QiTJGBfRbOysLnRLlrTkaKgIdFaSD/YGjOvnfbYXbDRvhyaw27CDTj45/4K4Gwhepb1h7vvfFaq910k430wMMgnuvl7uKKKglygGur4PnqoCjzZ59rA+DMbXBVqVrOEMC8Zy9oRhAA6YE97k4SmHlNqmdtTHpwwJkB5l74m5vKVWbhbBFgpmS+EV2YBqC+PXlGVeUcQ+TKvjraHE4zCOZ3gpsOImcbhbrwhGxEBPAr37wedGrIjlu3z77wkf1IxYRk5n+4XgNuVpamsh0Br6QTFvH8XF8KpRKnuNhrkzCq9sPInMK804Mj0GGsFfjj6VYcQGuBFS2sjdaXOe69uCYz61AXKplMo8x5fxKfkAHYCdmozVNh6kLRmQLnx9fA14LRxhTMhbWXLQQzJXMnRXCaMU0wgzP3MhNK3W38q3MAYXyBL2oRRV+cX6Fzok8ZVGFtHP0VdtZtZuuY5be3rG+igkgRCLy4Dt7OxS/Dp40y+LneccutQznjSUhRXMO+y/TrQu2xg5GsY6WDa0HYJw0pLFaeRTL+4JRdtXml/eSWtVZtzNj5bz3F/u6yDyDrC4f+TE9ZdcuLVrvjbis+9ZhV0MOYEoPAjKnjbsG7oSPg4J8aijnnzzrfBj96OTaMW/KUPIza7QaYRd/lVUlLfwhgbnJprFDhLQMRbyaYewBmbgIlwsOYvB+uuRue+QnA3Eeq73WL8RsjYWDD/blOvBrYqEf2Oc0oo2q5hr8Nlnrstjt/ZV/69rWQtCN23OEEMzsaQTJjbAj6CWghA19zKJ4pbRSkINdPG9DpjLoXhU3kasY3KcPIzHnnXHnxUkSpV5PEU6q6vVwqRg5+5E4PFz/nfmUHblrzmf7MBo4sfMXaly9cXDITzPECvhv4eHWA2Q3AXgxYYO4y4LIbIEsz/MFY90XjpQcZV4M29+iUzT+MXgpjCHVi11daSAQCAJtMIVSKvfNNLhrC7+D4MC0YNmbxItyglTcOWeUohpIncHnP9FJFL+EhMKOIsooDzQfZzjZvv/j5chvGpJ194jr7s1OOscaTj9ncth02gYlYVei3kX17YUTAS1Gi/1dEIHFHye8cpDMXlEUWs6eeYSOfhCtIhqk3d6QE3bNnDxaXoKfFHbpe6nq+qP7lkpqz0kL3n+UjI+gdjebbBAX+K8AovW8n/Mwv3ARfMSQzN2pkaAHQwb5xisbZxaY6vLzSPnDyuyADh6AlIJmLZdsEyfylbwHMOAHquA1jDmacL87Kdz0X/t+riMTXfB5j2gFe8oQjB7TcntQeAVx8kkSQuRjRnAX0uewiFQzP6lLVgZkE1jR/biCnElhXToAcJi38nopytRgjmEEZSTOWlMxZMIsrYkpnAOb8xM8gmRmRWgjm9KbpT86DkFZSpgLrt9aOku27G40Tn2vZCNxakLOYKFQCI0lFUiI/oUmRC4oLC2AUSYdZYElSgIdn/dlkD3qYndK0ZeejGeIQVJuSmrFAMJ7kLIZh1hyjuhuwex5q2fTjPXZsq99WYZUL09sN/QCtdfRJNvreP7apF7faxJXX2hoAmbtHvSs565zg2Oo/MZ5zthcqvXjJRTbyVx9UKiMXrYBVb2Bidwcwu/swuJQSyEWj16UNjTYSpBUrcEpThQWhnptdhPh7dOwJu/oheCEq/YjWgaerjZW7J7XMYU2JNX5XkQ9y6ugJ9ifHX4w3oBMQ3jsIF9/mu35t//atawDwYTuekvkygLmKrDl5XJiYpP5AQf4ttoIpmIMlG8Aa3hsxR6BqZP6CT18WeC77si43/7trAAe5a7LotYhSeYlRiWbofBRK5spbFwczvRlphpLvWErmmalvBTC7ARhzfBdUAHTfnZdgjGVnj03dCIPgpRIWz+mEgv9SbfyXrjD/1t7kz+KRDJsCnMyLJaTnUGXNxiU92615ct2WvXktLsMm5lD1U+jTsAdFtzvHrbkdxbYzQ1C7K+G8R24V1Ps4uljmegvWf+GF1nv+O21mAJpiaqeN/exms2dfkNtRzgmXKy4NIoDwm/yx6Gy08l3vtsZqRBUxItBF/UvWOTc/J2CJUspYCc9GyczrcUGZ68sFwJuGh9DRX9E/v50SpjAB84i4PrjlQXtxB06jxdxVSbMjfsI8iSRQsmHD96Cd1gXHnWcbKssFZDrIBmGPbII340vfug6SuN+OTyTzrpDrQSnM56OtE/32bogJVHwqXEtagRMf846DytdTy/gOGkd7NJWo+jVcNzam9LIo0g6P/GUz4Zw+eCQ4MZpp8GcKXuPfHPBBMtMAXArM3TQjSubpCQZNfpb4mZeiGdndx0XLIy/AXiza2C9Q5bBrNVw16EyTR0l7AIomJcMx9bo8Fa7qeR8le6v3M40zrCwt8UrdJnKQ5Msg3/ugjqchoafQoQflPUXUeRXY+wF91JiGnkMfh+dIA9atsTd95C+ttHKFzeE9c9iUvbh2H8DTmmXSAifJr58FsQxAoQl/R4CjnYeWUcU63+qcOkoiSrqoUlPq5dI4blIBkZqEV6RaV0caPC9eYLUMNwafd45NVES6hHQHrw9NX6Kw+FyR3h/8vQdGGv24dbxvQJIZYP7mtQDvwKJg9qaF6dh8fE6Tkq+gpeL+1v3DfMSfg4z1AE+QzOmz+vuDIE4ERYaRdEMpvfcSP2mMYAdqmwya0a6AZhy2hAGoTZUsEHMzGinNCJzZpU4wwIJ6iJ+L1qjUyHzFpq6rWmXLAA49JEDJAtTpIlFwWQMhPrk8tQHM6navi1NyynKRvmAtWUNhY0wiuCYBUsaCMiOcxwrUyzM2hqrjJ1pH2T0799v6c0+3D//th2wG7jU6/0o4FoILUUdzkTxSGvNsIhg4ZCznifPpvLkt32kRIOilR0WqxNUknYwq21FeMaJqQaLo8wk2okWupcb44cXBonCzUMIXAljFnhOS6Rva+ShnPASZBTpdBn9D6imGw2twfhoAeB/abG2Ga+5L/wEw54fshA37A2dG+iZpBmc0AbOvo/ZGaK4TDa1s59NOoPuzJJI8RHGypCW+3+WAbxJ3CvgzdeLMxxB98z7vcRcEPCb6ib8fgmSO4ezo0+MlC1iw2UAzejCIBsO8wWme5ULiP1q5QBuafTbzE7jSHoeRh8n1VloOTAKU72Smm3M4H7iHj339tXwBRBETvIba2Mb7ZMDiqg2fh9RtIRegfeKc3d4+1r7/+Cqo7nl787kn2Ccu/3NY+zUZl8wQI+gbBQe3WzzBfRTu4D4SR6NMTEj5Ip6fVfUaMy1UzE8TACYdy7dwX/BWvu7+aXfJhZOHfHy6Il4v1EALRnUkArsPM71Wd+GiU8Wrow9fyri0HBcday0WADDTxlCbMmjEHvirNwHMXxGYBzOSOQWzaEboehrXsTt/fDE1v7g/2Ddb3AQcYNao8/X1YceNGqlFfO9i19V7uIWZO06eLx7K1acwwezQuwZvRmHNASVzOmls8ZQYgJTM8tBmdpZGGGY5eGa4y5rPwEd505SN1FEdHd9D6SKkcuLd7cTqX/bloKTzfhacF6pdB1FcO2FC1n1QtloBV9UFJTK3bRJdSW20bf3HDVv59AG78f4++8FtiADCo3LOOcfaf0c4u44cWI6HJwPO4TDGx7Y8ZHvGcUYey+3lzAlSJHDdCGYm/4+iZcGZR50F7wi8JUp/paeG40SSeOMJm933azwPQr9FeFrCAkaZ6gsZpQyeu/8UnIj1VtSxDYveUOJzrRq47jx6XVThOmFk0YNLTl+ihBO8RVFAL2BA9iKVsygPCoM/8OzCm7EZZVNfBZh5CM6BJXNWE/v0H8pXh2dCmjxYykt9OKFrB756vK57qsxYbwAAIABJREFUQnw9XML5pnZ4HIJkzkYAowToBDOlaYjQhWV0wAUQcMdQZc0XbeqGeSs8h3xZTKwnfcfdK2YALuz+STNEwOhXRwl7HRyogRTGkpLDHdDc4WiGqWib3ERhLrJzw8WuQ9I1j4PP+k1IOkf3dpxnaT+6bdR+/HMcGQaVfh5qAD/5sfehoTVoBa7VRB7mE7ufsk2PbkQ9HEYHo0m5EIlKdMPNgeTn3+XR6/jUVSfZ2068WEJZyTjqQr/LZvZehVrJ+yFnUVEBcIvVKjPM3XNi2AIzo4pm020Ukq7+oB9QE+Q/KcAsgLx/P4xYXpvOXQVOHMzu4QvSiYKVFAweozI6Ci1bNqJwNKOfRWTcbbrnV6g0uQ5DOHQwRyBFd1l3IlDWCMtCMlLLmN/Ov6UGXueCdd8jvjdK8m4wy8NFFzFtCt/RmBP2/giuuaU48+IpoGgqkqEZTZ7XJirgu0RRL0goGQBUt6gvaz01ZPM3vIyIExCFhWBEP5GwXF4Mrgm/MTul1486znr+/E9xxDDAPDkGj0DVivBKzO/Hz4j74+hW65ncZyPoU5yHxesbwL8ENkatkNdaH561ob9YbtU1+3SNwf5+JOYfblf9YrnA/OY3n2Cf/GiQzBh0ATkHd269z+7aeo81Bj0VUhojgDnCJtxI2CzUcnbCwNH2biT1lHishVIfmST+kk3u/Xf4zB9GAg+4eJgfj0pGCiWZom9SkBl4GXqGP4ZizLeIgrk2Qoh9alZgLrKHG7090tBOPSSduLDin64Ga5ijCgxTuvkYb8NkqAZw492oAfzGtRjeCGjGgThzoEwBgFlq0Ukz4vjT2ffn8c93lzotoBlxzTJ8+WBZc5mtK+P4FdGMVwxmIJTCwq16JOugxKqU32Azt+LG9yIhW8f9wjCTppB49o1AdYowFPN/5zccb8s/92lrIEehjRTLAqSKCAUS6hkRayGja/7BB23+Bz+xUcSia9g48gHzXfLBOl2Zx8Ew/TiJNHdi3ao15H/hiIdrb1tvP7iZTU5q9pbzTrBPAcw1NAgksSnA+LpjywN2x7Z7rD1EkIQckAyY42TKAKNoADc5bfgEe/fxb1cFhjyMlOiNF2163xXgvY/jdQdhVI9ehRw3fwrmeYC5MvxJpKqeJ3DLuIO2mJqC4YpauwJC23pVEikkNfFnPCzLq3hFbmKqdybjL0M0UceW8QgM2Ci33vOggzm/7DWhGd3BjSzNiPA+0L+H8v4F3pTkggSNRyl9A/nhQtRCzfIB/Mz+ebdW+UWakUhm8LQGw9Py+zKUCRjz+Fcmk6BqtF3aDwl7lO2+etKWbcH5zIj60a5iTCIBsytuGC2s3IBkWXusDX/201Yfch9ymx4KLJ4HlnFtKIL5hx+18W/+wFbVEe9Hoz4n3tEjzO0CA7NRtfpZdeu7sBdHCIxB4vXaNbeutas2rsAmq9oFZx9nn0LWXB1gpk+gCN/z5hfut19uvx8hM9fh2m9LgLktMLft1OHj7I+Pf4eVEGtW21hmnUEyT+35ivW0H4eBCL93BLMClMFlJXUZOpdiCufhMqsMfcKKyMeFGJCELxLMs9iW++F2JMUQaKk1yKfdeEykuzLBfBOWEfpftnxU6UKssqFU3wia4WBeXDJ3G4BRwmYTerpz1bNg7Tb2JIBCGR3f535j95J0f84DJJ2nh6U0w22LOB6/rmzVhDMzvEWawdrO5quhGWwQ4vsj/L/IHF+gfxQA391v+26YsNE9OEeEKhgSmFEy4c+HKFcTpWodE19bczRSKj9t89O7kbqIHYdAQg5+0mIRrjL6qVlS/tA2m/0P9O1AeTsriQUs3jcYQewFQYk0d8Sk9b0HnLkPJTroaPSjjevsB7cinxlgvhApoJ8mZ26BMxP+AOFtW+6127c/gL50vFaGasjL4gOWu4g0jRXYOCDy1JE32LtPeAfyHBxYeabEtkAz9gHMzSf9ZCRpjPDN9/DzeLfPGC1zjDU3ZL3DH8chNOc6mJkZAgBPz87Z2DgoFY1aUjcAPJ5ay/nkuOKRFOTMTUjnIsC8fHRUzcVzLDqFZD4YmLtdc9mona9TlIIpFJMQduK6TUHXbQBm35ut84yCssOf3QH3QKVYSxg5MgUbHQSR2r6WYF6w3QhOTnwRyTFbGzZ204StHEe7fgY4cPAhVXKSsMNldUsIBlfDppavt4E//6Dt/OF3rB8GVgUNTHqRKN4G79sxhPcevdrWHX2mzX7jq1DjODSR0TW5r+KjUYDxRvAprJuw/j+HNujHmYM9PfBkrLUfAsxMlnrr2SfY38CbUW36yVIlAOM2cOZNOx7Amc4Yklqyxh0XXGoBglxW9bdA0+2TR461d5/4duQ5OJhJV8SZ930Z43tGPToi/fFNG8As7eS+dtoXc5CYfQLzWfK9t2GLEJwzs7M2BvuAJ08FSuo+bPFk+NZhZ/DgHg8Bg0lGMK9YjudEBiPm4ZWBecFqBoMziEc+ZRd4F34ifeVQ3pulLK6n3YO0cENl7iSJ0kUzYB80DxTOjrvyQDQj+pnVD0OUgwOiew25AQDz9M/mbXQcid0o368XYdAhF0Oh6zA/cslBojXhwZgBmPsv/bDtuvbrNrx70oZqPM8Cb8Tl9oBSzB91lK37k0tt6jtXWP/0uBacXocYbFEnIxpa2DmTK/fYsveDNw+gmgRG0ZXonH/1phVqEXXxWSfaZ9A3Y57nd+OrDBBuBJg37rwPZ2vjBZ0AQNXOiaVqc79J1pBpI2vu1JHjIZkBZtIMSl2CuQ6ase9LoBnPyA/NKJ7859pwBHPwirgpJ/fiHLhs79DHAOY36rY85JNKeRLRyPHxCZ2jIubtieW+2MFWSC1+l1ZF9MNYjgOH6M+mv/lQwLx0ODuEtBYBVze1WMo3nARMgkGdzVdeaBhmNHzYONruXeFs4UeshTN4CH7mQzEA1Yes+yuogxZKcBoA8+zPa7ZsfIMCEq0iXHRMMsBg8jyNk70dkCfR5AoiNXMWYO758OW294Z/t5Ht6FQJiTQHV/YQurW3kVcxs+EoK//Ze23mB/9hQ+Nj7rKSD5Ir7fqbj8dSnMkVe2z4fUj/HEAAo7doPAbi6k0rVbbz1rNOQKuBSwFmHsaDzpSQcre8eJ/dCs5cQhNJVqe4Ky1KgIx6lWQGCHHYzSmQzO8RmN3tJprRfBlg/iIqkJ+BfcCKbWe3ntNAvusbOZHMoGNzhvTPEYC570xJaoG5QzJ7noRKvPCt07DkkmLNoZeZSaZBOotmyJtByXxoYD54OJtP4AnxS1MCn6NOd1qgVHGdolRMpjNK/OAJCZJ5Iai6XllEMqvS5DeWzBjYAs5MaRNoM/SfNbYg/P1TgHniCFAM5D0EMCtfl7F01M7tRQOS/PCoDSDxZx8idsvf/V6b+/l3beDFXVAbKFMH9nsBnAZUbu3IY2zw/e+z6Su/Yb270PgPxk2gTsFYI16w8Ngk02vGbPi9SBlCr4Y8qp6vRLNxgrkAzvzWsyGZBWY2amHWc9E2brvfbt5xP1xbAcwhUKLEbw/1CNxcD3oQBObh4+2PT3ybDEAHMw3A7QmY2c4qeNG02dTBJwGza0pG7GbbOGwTrrlyP865C2CmzcdGMmOQzOLsMdEmNGRX32PSLAGI46MEo8FHyQwwszp6ETB7PjMOmawvFs7ObNou4zf+JdK69J2BGkRLILofg5CRfbAomGX66zIxGuziw7Vh2o85MbAyt+ykGTq6D1mSjQrymdd+FJ9lQWtXpUl2AXXTRbwZ2Spple0Hc5COjtY2HD3wM5xOtBecGcWTTYC5SB6JaxUA5DHcsHrh2bbyonfAi1BBdBGGH6JUc6ARlee340ShPpyQBP56GJpg45Hn0IJ25Yf/ymrfv9J6duBcDJQEKW+YLl6pXvJJ3BgPNn3ErA0CzDk0o84huf3K21Y6mHGc7kUCs9MMLk4vQHjL1ntBMx4Av6bWcMnMTadeHCEaGaWSGDq8GSfDNSfJzDP06DJDiLtd32ZTe/8NAZPn/dgESebA6+nxCOsQQU7JXUdf5ArAnA80g7V7pGyTMzM2AQOwyHIyLnQIZyuxH2MUf2dTdSX8Sy5aoZLXuYY52CDizCybCt4MSA245pjPvB8HN+2W5lOQWFlznkoQ0y9FAXgHT93Qtd3EoUdGWzfhtfHEqGgnJgZuNImixPWdp42nL/0sNaX5874gqY0iCkGhiZdTI5ycw33uCc2gncHTG16tay7JzXAnM6SNq1wcbotD3/ts9oaa9W+BVwJStKVeZu5mys2XbGZwhVU+9yGbX7eep2Kh/Abejsl52//v/2I9L++1WSxE7i1vRnrnOXSgWR2v5dYss+p3v2W9Tz5j7X64vlSpEXIBMEkFqOgqpO/86TM2/DbU/BXQehf9H75z23K1GsijJu1i0Iy/AZir5MyYFAblf7n1Adu4/T5rD+AFlQG6u4/HJ8T0xgTMXBSM91RI5vfAAMwjy45fbOVqaBU7tev7OLMDxmQOR4rBPcfPeVckai5+R/+PG4Ct9jq0gfugtQbPCK43AonHC8+JMxfg2YkGEY1BUguCt4zwNSlHS8ER9rgDZ8a/ozAA5Q/H3PA8P4L5im9cg2eJlSaUzHuUaCQvicbjHpNuKiHoCb3aOkqx5aco2Nx1xx7LrMNDpBM+fGuii2gAIQFHJLC1kms43oPfPDeQdpVXs6i+UmvIe6QpsxRMShcNdgfnmNpHgiCkjzpnxmuIU5BmLFkD6NtnCT8znpoRQF5Y0aZYoBjASiZYzC23yVshje+fs77CSi2UVAilFbLNpvMIcX/8A0DFySrY7Ef/4Mb2l2z/v/1vGxifsenlgzb6j/9o7cEBnJQESYM6tEpz2vZ99Uu27InnYWPC0xF8t1wEHVUAd9g+ALjwx2YjJyICWd+LgtYRnNA6BPccOTNqADOSmYgF+7RdM3vs6l/fgDHx8EQPN0sY0S0U8qnz0P0uuXBOORb1D0++GB6NN6h9gaQFQ+/FPVabvN3mxzaiZ90eAI9nbQcsBDA7FfcXeZti6SwrrPhTHGlwlKSgsubwB3orJiYmENlDQlSsWNGecDXchzwM1grOwYVH45f94pgXPTQ85Dydx8YhheDWux+0ryOcbYgAHrtuj/3DZZOYR7a0lQkqKctgzAK/OofIpaWEFYIJOSZT0X3I+koGoWBsos1XrrgM7kQY3MKEayIzFllMIS0BTXHQQrfdRhMYxiKQiFVg5FWi3kmciwMHs1sAAdy0xbV5nG54H+cYTQ0aIoSz6c0orbv8N6AZAcyufVLAS/0o5wB9EmzEZp/Gmc83j9no9NHanQb/sDYA6MEMDbX1h9nw2y+xPI77bU3O2L7777P+Xz1hI+jQOQHDrf+zX7DShnU2juhfGZXC5Z0v2b6v/Kut3IuaQanCOAk+Dha47kM/s8FLkQeyHBIAId5i/6j9YNMw3HPgklC/FwPMUTKLlmBhGhjbrqkXbXyWBy7yNVer0V0kF1Jw/NN1txxaYfXgGmyefhi1XBYaYsyZhlHZ3I/aRhyzgNNseJCMVit6IXjR0PMiWK5WrAAMlROxUGjGQq7L2pNAKXgqq0LcnG/li/gG4381SOW+XhQWgGoQ+CQerFARLeHGwfsL8NM7zbgGHxy2Y9fvtX+8DB6Sxt5MCihnzu2CTreYzy6HzMw9llZhx0EComZt8CSwvHV4vnX4M3JeQLGU4A+gRtchW2bl4Ms3uFHRTQRnyTyP7xdgo2y3fpxYpuY6XDVSCWQw+tncDFWTXgROrU3fFXBJ3KYSBfg7nlzV2ZDMvxFn7gJzhBQ9CQrV5dG5kme11Zfb+I07beDpNXKBtQBmSSVWAmNRsFdtBtSAoesipG8Fz1GihAUPZU3v1NEn2/J3vNVyK5HbAYNo6tbNVrn/QSTSQ/mEcpSYIkkFWKeEOhNS6xK0WW1hDLh+Gedl/3DjMgB6Je6LLqDyM0eaQfeZnwNdwWQSxoijURZE+RDWU441N1CkmpE/AsDV4IJkw+wSeStd3IEjF3FMrugKz31hdhXBTNlDXholNSUNfm8gY4/pon7WHgW2N1CM9CmunXsI3T2X7GG6Dkm1CABFCfl3/Y+iHUtBMD9k3/iPqwHIAUhmgnkS+d5jXmmibDx+gE8ewOtXx20AMJSyVbFZm2V0TC0eBp79JjT1Ph+bb4MSm5p4aBYCNNllXyVYnpbJQA+5OK/P3hyMzOZARZrNndacethy0w9jpKgQL2IcmEtwPheKKooIVfzJcMLzhnHF5+c0tBSEg+eGG4LejMVSQBc2gekyABdIZp9I50VYBlSRtNBZpoCk+PlHqzZ7W91GqihYlfoOklycy7e+Kxu3jCW8tONwXgUMwFnkG0yOwM1QnbTh2aoNo5GLrF0k+fP9DDQ01B8ZxlRP0wb/BBHHdThNCYvMs+HKPSXkZayxH9y+EpPsfuZPA8w1cWZINSm8JiTGtDNHdsSJyi8AJ0oQRwl+Y9kZ/jaPqBw9FDzKgENinR4/gpbdki46cSnjDQkwC8vChycH5pQA0ACPjmZAsYBnbfkiRr4cM9I0Tz5xIVvO50y2SOC28o+jHQKbLv5s8z0A84+sAg111Jpd9g8fmUIiFFsCRIrIGsDoU+D9XPLnYchUYbDPowlt78jpSAs4HpLmcDwPgjI4gcDpF3vKeb2mIru8r8hy9LZ4WZfckrwmlQtTHppb0bfkdiSC3WW56hY0HeffeLIVNjLdjk64JfS8tNOls/zZUcuJW2KkLPbA643SBQeXzOHznd6Mbs5MeaX7+MQya04uE/pyp1bbro0z1vtC0YbgNpF0w9sklYJ7iY2qBRJKJ02mQ5ygIhecYeiaPYrx2R5EEfkeGSt4H+pWrYbyqSnkMPefiG6ab4Z/uh81bsjUk8RFf+arbjnMvs9m4zAOL0bjxJRmcGOg8w8kaL7+vNWm4IVAtYoYiwYR/NiSWi5Sed9iCbV/xVEEg1BMC+nFrDnhC9qHWX9Tj+LU0hkU3CJgk/UUJFLVV0bXH4LLMY9ec03wWxpT3k3JpXikcG6YhT0ggPvPMROPyFTiHv/muJbqJQV54vlt9uWvfs+24gi1M1Co8I+XTXsElfAK/FvHUFAbKJrIa2ATYh5qMBqLg5dYue8d0AD9uD4NOhrxKUXwjRXAzPtTYmbc9EqwCtFPp8XU3NQ8qM+sP2tz+zeiwPZJSHD06FNepQfWnFOlz5z8xGfTuAlyZmfiZ9KspbwZsQbQp8av2OGaWyCZNYWYjFDyj4roHJp/5GDRW32FNfaM4AxM5EvsQt5BhTsJV8VDuTp14EZ0aiMT8uRprN5gHi+lgMxqwtldSuqGo3znAkwNHGtwPLjsBSvhFXjJZntAGRpIdge/7VFuBsB8G118VTQbT11zREiJKXCNp2161y/QcPB5/A7LXBsq+DTiYmlu/TlnbIP1rDrfykPnQgHgWd1/JX/nruuus9k7f2arIGlbPG+OTyeUdSESwGXb2bmTzrC1H/hra6MbPze6ql9krQtVDpQEvL6k8Xe+J1bl+LxxeEFiEZKsose1piarKGx90Ha+fJO9/w9wGHt7GhuYOglCgl00oZdIwTzvAc3XcYNG8RgbGH0XNuQb1SiGUrLItFbeA5pQS5YMhmAO0U2COSBPCoPA0xzETUogYtNAKBUKuH/zOZvbdzOM9btR9U9t6ULD5eJC+qNb8opyBQfOzE5QB3LNdSdVH9zPHK1MDpbuJEyOiA3ujtq6xjPDtncTjLOZkvU32BYyrJAkskboE6RJcTEjFyh7oWlC/E2SmD6N4opziA4216PK+RIESUb3wQas+pFfLVY8I8cXYP4hwPwDhLN5ahxpRsqZ8+DKaP06hqyycfQDYfoq1b1fPTGI9HtU++TKNOhHLrLKCPtmUCxizHChNSbHbe8/f9nW7MPRZOzLxvfFjRokVBh6EKMF2w5VPvSZj1vvSTiUEd2R2LNDSoDPT94ZbINU7kb569dWGRd/4jxRSoXZobLjLWuswAHdogtyDkGd5vxj4KwPQb0/itfQ5hYNitvg6RREhcIkqMUKnKZ6NKKSH0CS1om8sEtrdXaiwPINI7++1gC8mTaDABYRHtCsIfK9TBDy/GsatM6iKIE92Wu+OWmTUz+wwcn7wcvZBQnfClY4lVyMZvilPVtTZ30frGxKsAkCpVsyL8yaS0GWIjOuJVM40V3yaXDgjcDBxDIYhFwI9/1wgly9hd0d/EGucuLuRGopwCbbm3oM+R7j7d1WX49ebW87AhXaE3iwcalARGlEH5hXXUbn/O/fts6uEphDbkYImnCzgZlbdfwa+LghmRFUYef8xQSpL4/DnKH0Zv9brLzsc2HE7jdtTE/Y+L9cYSt2bQeY6ebjhMeHS8Vrso2xYHvRtLDv05dZzwmno8sSnl+Uy1V+VjNm4LHgR5cDvtFFNwQ+Xzw2QVetN1tl4fci6EwOxld7/iFrTD1mrbmdeOaXsYmYIDaObMqTwJH/EgGk07A6fnwv8128Et2lphcwOJiTMcY95i8mX+7yCzaRNLFvVu462gmaIx611njWZnf8HDTyUZxHyOBIrJ/selxSvyAIY9kUCxGWTDSCqwfZlalflWPvALNg5/2EpY4xWKq0pHsNBqhSHrmVuAu5g5hohE47W/tt5i706n0J0gLSTDVr+qxkoUSSnOOcrGBQuYRXKr00MCXBRHnMGscgkemC5VZfjnq+Jnc5dylVIpvFgIOCs5cQXfxeADN71CnRKAtmGIXz+x3MyCjBOL3zUiwg7ZQKnAd2+6SxeR5ON/pbl8zspsmABsC8H2Beuetl0Gc/uDFp78W5UtZM5OG8CVyJuGvfpy6zyomQzBDmyl8mOPHMKqOnVOsCyFLAFpgJSs5E8I/H9yo5CHNcp18Wt2DrnRKagbfnH7fZ6Rdsrv40hrPPevvPBjX7Qzw/DGZhMKpML0JwTkwp68KHElrRX4IsJJwtBmYallxX4sLxEqN9Ya3pmaghcDX2QyvNoJayAicCBBYld5Lspc3kld2el3OI+cyvnGZk/YHZBG1vdqJSF+1CDGKy18YeQanUs1VDYyJ0koQ7jTwbRoY3M/ONQRUSVW4OPs4aesshLmaNVajxOwNJ7afCo4CQNU8tojomcNyN69K5hbMuioMV++4mSGYk5yPbwy7qADO8HaAZ86AZeXQ3RXOwRDLHBUmz5gIIMSTGs2oAc98oJHOMpNHfOzVuYwLzYpI5SLGMUUnQ7cPG6/30R6wC7txGpxeXzA7mKPW6jb+oyfyNrs/ULMcjwAJtEjUMm4Otv7RH6UZj8IJzRS0HzcQPzc2PQd1vs2H6z9tozE4DGjfiCagcB2lyCzaBgBu8CzLSY2Ap6ChnVQFsEmRcSxESjw0ACypO8J2Cb4LZqUgRNlZj+iaUzd0I+seIIrVA6uPPejP06CFrTtc8FJoRF3UxAzBOcjaZZGE+aghRCuv8mQ29IddzcLbjmNvpp/EA29AUcQytuqpw56E6Wi1PNAHud+QyNPsnrLgaO3stWhYcN2CtZfAa5PdCusNjgWOEGTlzLcgJoFZhN/iDS2ZK4/kxhHtxHniFoVeVrvs8uzaLpCDMPe7D4m2BeQUks5xcgPdSYM5y5sDZdF2NFadTBTD3nEzJDHrEI8gCmJMzDjOSOdK+dGwp6HX+nuaOLIDnLebhxXgZfewGkIA0AgpBLzp9/GkVvFN5GObULEjSUkYen0kV6pgP9BNRWi/eM8+m4jxbW754N+R8vSUw9S8lr+MhO3+0K5xeaITx+bkZnLHAVqHHn/dFfsv4V6x37jlVqgeV7TCMN0p2t5dNMVdlSQPwUGlG1gfqkZyoOnwX+u9MAPIKAZ8A8jgaiH5mXoEJ+FN4L04JbewFL57xejbyUj58ATkIZTQVxDF2VlyBzyMTrgFpyr9rh0MM8aEdAJhMMhsZgA7mImkGJTO8GXTQd0pmFNliEimZC5M/QY0ipZZvOmWlxQ1C1UoVKi1HDgqJ1YPDxyPN4BGNAvNYRjKj+TYXK06JLssL+ObmxSKY+z79Yes5BV4DSOY2ACiZxb8HqRaBkQoPf1ZdUiVKXkgq2UvPGe7bgruqhJTQWzbfZZs2325/+/nP2jCKe/PwP/OgQAGfFEbUjKDEN/zHGp+MsKLtf+IJ23H9z2wZQD6DaGbuiOX2hvf8qbWG6HlhDab30/axRkM90MUgBjx66r2ZE0pCciphRfQH+YxfSSrKkM7V6Z+jvTHOm4Qxn0dbYs8P5HWcZojeaHMcAs1I23PF3bU4Z14MzJ05r74FeXsPIDgg4MTUAFs8ZZKTCX9hkQcf0jrVivjg/WF963qPMpoydCG5E14cTZzVI3ZuWHBywZsPCczKMrAqacbkdQgmuGQ09t1gnoH8x75YweZwMGMiawDzQsk8Fjiz0wx3vfiZGy6N+HsI+gTJDJPVKgQzaEYrgPlQJXOUgLysc2ROhefAMCGpCJvk7gces//1/15hJ59xqv3dp99vy/sG4eGgQQ6gqE6Rz8dtR2ASlFwASmAcJfHci7brrvvRgBGQR0HE3EMP2XqcsFU69xxcH/HbNmihBusbS0I3/M7HDTUEyVvi20QkaZpQ2KEFE7HAvvoiDuzt3HgJvQL/BRHhp+D/R02oIsv0joUUhiDZY0HrIeUzZ+u5FvNmhEdI/ummG0GpSNARzE5o+SS+Kz2VMAPe8LQuuOKjc0M5B3MjI5VKcTNJGsk3HDsdQcIcFMxMzodkxr3mxq5D88SrYUUDwCSHyB0Ar3F1HcAcR8ltw2BPo4+S+bMCq2gG1HQdCy7OvDOAOayz1LSTJ30nNAO/TSDsX/kkvBknnwa3GTYTgHMgyRyDWHHeIpA9kcw3nfqBMFkfeeW33/dr+/rXr4cL0+xNbxq0L3wSp9Mib4ZGMkoTfB0E6EyCVUCin+eNdcBxDrASbec/XwHNOGBrP4cj4+ASRfdx79ELQQGNAAAgAElEQVSR+MTjLHHPxtfpMnSvvdxsFGJUfz3DOtWA9MLJkQdi2G2/kIevf/+34Wn5KdIF0B1W3bPoZfLWXSogJp4UNcRWCMn5i2bNLdUEprs6e0E+M25CaiHVIm8IH87VGI0ObtHFeiQ4JQlqJLNDYrfIaGQIDOEeAncQCYQwOXP0SR2qZOa16KiqQTLjLAiUO5EjUmRAstdHMWmgCiEzzzem35G+6ObA+fAzf1auL+/EBIk93UkzdBZL0Ey+8VykpJwZ5VFs6vupj1jPiQAzqhEUjQsb108udW+Glw+5pow/x9cFSLnkVIHpCoANK5ESevsDj9pXvvY90LXltnbVbvv8p05CMORsaKFj8R4anK55Yu2tayF3mfK6MEfUIbgPN9h/15324lVX2yl/9wmzZaO27StftAp6mcjDIRrm95ZxyU0VlWvwbDEhKo/Ay8zwGtvwsQ9Z+3BEUgNWCGbva03qCZfd5K1W24/cdV6EtaM8PTZpLaFZxGe9bOqQJHMiRbjRssn5mrSFZVNLSWaFr6lMUmHbLdT1e5ozHK3h9N/49yiNda/gpOfPagQoPk6H2KHQDEpmJCIhrFqbusGa6G7ag150ri14YixD7yFrTe60yC0xt0WEYsvn2cCyv8P7UGul/mfIuZ7eZy9/8St22C4EI1DAW8QZezpaVT2c6TOnzPXMQpeIZtuxcIPo4zFwGqKJNYTDZeW7u3MxzhzpjmRgMLR8g3CraaG00DyWgz03br//MfvSFVdCui6zo9fstX+4vIAY1nr8ehGMJiQPoReg0kHJ5viTJDRtEbrgMAN0wylfClsWvfue+N//y1YedaSt+cBf2syTD0JiU4ChMAGGolSK8pQ9cUhCm54mSmIFQJxiNQZK1nP8MVZFnjuLlglo3TsY00p+qW+12T1ftIEGAzus2vF+TzJB4nN3gdklcwX3DOcAkj4dVDIHMAc5I2kTJzeiNOvVkKDgMCg89V5XLD7tTj2ilE0XKUMztLiabZePwdhwtcoZSxmMG5wHBrNHANlrjtXZPNnrLpvefz042kvwjgDkco/r/2Qpx03mQ0BWQXsYWvLtNjjIZuMq6XYQouvSjq9/ywYefQxtCyD1IfkY1ZORJV7qz8oKE/WbhnrchrztIz/9CausO0Hhb6/c8I0d8nVc0oavKNWTuYhzGBiBqsClypkCip4g9z9qX/wazjxHgeOJ68btf16Gv81PIX/lWKssR0i+cAzGzxI0PEdytmNyN18jJMDwuIs8DMd9N11vk3f+2g7//Kfgih60xksITKG1Wh4BKmbJOaIp2CPNoBgLFIv5HrhWD+oUG+Th2N/qDxi/ZLh7Jl8eTefn9v+L9U0/zlVygUEdKAyEgE03mNcBzBAuzA1KcufTrDmHHL8OxTWXWLRBfLhjW2JZuRayoLN/c1IqIESpnj5Z3IFBUQfQRmMsVf8+ROZIi2koaHBwzjwXagALWMh8e5vNTNyJRX4Jebp+PJgWhJSJ6jNsNql1/K1R3GCDK87BzydqYnm4DT9Tw7oUn0Cuwa0bkd8whU/xtFD3Suiz7LzDShG8j71CyLOXnX+u9Z2NBjBIWPKjxaKEdFUqy6KbZgTgCuRhrBIUknDhRQYoIJlvuw/9mb9yHXIscgDzHvsffz2M9zymtE1rv9n6DnsnJm8VMIR8bwabYmREN3V+Oo+fi9iUZaQHNPa+ZC//f1fY6ndcbMULLrSHr/iKFV560UZqOLcXf/d4ggbjc0goy9DhSyilO/w4O/JDl1l5pB8aDsBlYlfYrbGDPs3yvO216sQXrTTxCIqD4fFCAIWRSIFZSf4cn4ezY+f830wy4yHZ0aij1UA00EJqZxJBDArEF0nbyr/4e1AXMSLU6QkJCxWlUthXkdM5toNRqOu65HOvxqFKZp71TFKCdElKD66vwBeGyZuoaSGlk9fdaWODGqgCHcYbNzklEs/VGwP/ZLV3X40psNwUns/gVyO/oxSK0TIWKzj94ImlasulTe9v75bMUaxwM/nf/Vs2WhA5clkR/AAU85xZTiUwfxVgxoFGJyGf+Z8+ghNf2wAIjkar19ZZY8U7oGHehU3mXUg9fyLejVQBDdkJZgy3iBAlj/PY8/X/tPxL+230c19AC7RdyBDE0cVNuOtgY8hCl1ckXIPCmnudyfv4t4XChtLR65UNKUNODxCkuYxtzjD7gUzCZfplK0/fh00CMNNdKHeunyzGSVCiEaOkLJvqDcn5oBg5Ug2F3fGeg/qZ8bDZsil36QSVz9sEUr9Yz4kEsMK1P7B7KeST67hO0s42hEnjwTEJNcnck5IgObD8IH7mmM9cUJmPh3/du5tqg46fk7FSQ6WGbQb1cX/qX3cCpHMSTcdIF2LyvaSVkpFkvQVhFmkGXmJET39Pf+a1A63W7EXYaT9LtTuYSWHYemDT/Y/Yl752FTh8n2jGP30UC1/forP/apDOs/3n4YAgRDKZnsv8bHkM3Ij3PA+XgMQYo4ekLtWHHrCXv32NjVz6bhs981ibeeZJuGXYdYrzJ+QmI5MxCT816zwbQz02eCboFI/L0xnXPmav+OFnZb4K5Cy0nB9DE8qZ2wBm9B8EcfckYG58npfIaCRtDEh+5L23esMBPfBL53AkiLrFRs7sU5h+HSgFVAqxmz50fDqZ8rAy/qySgAEoWc7cfe/Ffo+bR9xQR5HF3RpW/gCuOXJmJucr14NvJ/CEjBSAEhDaLL7JIt3KGl3x1SixF4zTya9rjY6N5+pG12IaayAULqGEyvRSBLzeGy6lD4YRJRok/C1KQ4oJHv6DfOpN9wHMV/wQUnrATjxs0v7pcgScAOYiaAhjsbNwMS4b+QwWnn0WfFvHW6R9AcMIMRfk+qVq3Xb967/jVIK9tu4Tl9uL399okw88aP2DzCEP4+PYmIKK+9SxqXI4a6Z04jH2hk+8X6fBIjwiyer9+LJfpKIw+eCKm9v3VStN34J3wU2K6v48pC6rB9nPUHihlKY6o2uu92JUmnwEm5/XzUjmNJ85vcmB85mzg8kSucVgmErfjgXufqSMpZ7l4lkqEo0cr5nzVEA/vZWGxNIRwJgCyvP+HLMEcwB03GH+h2STxuF1c/vEGF3kvR2zsti1qCoh9RSHw7Q53YwITQHrwH91YM6jhtLBzIruF8TzKeWr5TNtcPRTABiKU5kHEebDpf5CoPF45Rz6czRuv9te/t6Xbd3f/A/recMJVpt9EaBjfk1MrscFyLv53AxE8flQcc9j4Cjx1RfQnePdUJaQ4WGYs3u+DMl8J9gYOTP9zCGQRb9+oCOqLT0QmA+VZkhN8pGDWs26zQ7Uiinrwotg6qQknkObehGihMyo7kSV03In7crQDLkBDg5mufCCaosV0NnML/7ckTUXgR/5Qlz4oJXiqizVbzg+T9LOim604LYSzQjX9RA1nwkgp++V/zFXGUDyJB3Nmm4Xz/+goanTBALNUAsCSER6MyiZUzDDR07JzEPZseGbJXg1Vl+OFAFUmrMiMmw659+kNNmsNSbV53igLg4MHbft//tfUXk/YOU3ng6KMYmaT1bMe9cqjY9URfWRtDngzD16rfWdgDMYQTGKSmnQwnXMsTQlD6XHYfXTu//F+udeCNl7Ufs4DVuMZqigFSH530gyUxuq1YD8h76LF5e2nTRj4Xu6aEhARff7UgntESv/ip+VB9JVdpDMDLkyBVRZc8hn5gIyN4OcuQ6aoQRwCY8omaNOjwNwKpD9ykYj4+v8fARop5xJf1tsXmRbcAwahINWT5S5Zdw3CyVzoC5hCiTQszSDfmZy5gU0w8HMhjhsKVbPHWblFZchpo6sPUjrpApds9n57DI+McNsKd8L4TG+aTMqiJAHzige25OJkgXPBeeEZzFyY4Ijt6aQ9HXRm2z1e/8Mhid5fYhTZASDPwo1LDn1Fkjmf7Y++JvlnZLb0Fc7Uj2VAEsykzNfsjjNOFTXXFYyZ5YtACyVrDGdNC56lipkN4GmLyORFwMGJ4wcWT0UMqDXmR+SWty5hyqZU84sDt+l87iw2Ygmb+fV0A66LMXQ34IR2911Pm6A7DzE99MLonnR/dOv6K3xejlPJPL7UtrFuQ1zwH+4LyUMw3uW5MwOZrZdKELqVhvIVFz+YVRdvx30IwZr3CnoV08FDV+RTweWGw8aZckNz25BER++kaeBNF02ZCGPEK7h3ZEWURtYfBJ+6ia8GW5Q+n+UzDFtIseEfKakoqg3V3vUZvd+DacBv4h3MYck+I55e1JCLrFaoHkv6lbPxZYnZw4GYOLNyAZNFi1oDa65bDibCxLdca4CUt9x/L17wbtBHgGSWVKBu/MYgoyRFlbfPUmBZmjncgYpKapWgGT+/qbDlM+cx+8xa879zP9/c18abNlVnbf7vfvmHtRCU2u0BAZiIRABBMHBUJRxSMiPOMZDYjuAU+Uqk5SrUk7F/p38yM9UpSrllGMn5cAPRwIKk4QiEYMSBmMJZBFGgxVwJITUUovuVvebh3zDWufsc+65797XDSRPCL137xn28O21vjXstRl2DakcAHXudfo33Ic0MseAXfUz550TPnSEgmDRNwQ5MYyYkSLEs3KMCMx0WcqDQn5tUhdjotHqLiC6qbQvEm2eQjPImVERENCBVFv7O8gzeSdAjtodSrynR8M5EzXNUDxA7WDaJf6LehlzlzfLuc9gp/WlZ8t1r3pNWbzrpXi3NV7ZvlQ2vvDZsvnd82XtFa8oK/fcpZo5NBCkV2VwE5UeB6T04VcGrTB3z3+4bF78HII6KOSjvaV2BTv5i23ETRE0kWsOdTPmz9AAxEKoDUBKZgMq+CjpxMzh7DRWUmV2VVU+t5ZDXZura3R1/Mo9lWTwe1LTANSzlMc5C5ipNOkL7lkhIZAYnepqjmh9gDIXXW0U9mlJgrwWuw2dIDDkgB94vxmr5sASLOlHSMosN1S/QI/yRE8DM6s78SD4PUjPjXmcJ3Pde+BBeJnG0YM6Kf3AbWamG4tIPv0AUgE+9elyDZ5zAd6M69/z9+BHfolSYnnq7faHPlBOgUefQ0HHa/7Bz2OvIyOdDiL5rBeWOpCX3ZoFLriDg++V3e/+eywunIdDlxzST71bHReITXo82tOmonL+JDD3J2X6tqk2wagvhWpvhKUWF0l31df1evP+dutWSDtKyQ6QPLF+vl1zDgcnzcBOE+UzQzJX+cxNqQHCRZV4uhJO0hn/cIDTZ57/zbZ5IY17O/j5pGSqZmEEeJl8dYy5Gwrfdtvga9m3XDIJZtsLuSWtHk9JN11PY3EKZ4b9wOKOpALnAbbla96Fo9feboMtaLyw09MYjQCh8Yrijt/7V/+unPk+ygQgkPQ4qM3pX35nufa1r4eQnSvf+d3fLdd987FyfPlYeQLSeuEd7yw3/fTbEP1kvjQbmpLZdpddddixvvFQKefe553yAjnVc0gY7ysw+YGhqIoAh9GMWjKnMTKLay65cF+a9dVrGjNukoannbGKozUcOxKKTKgzopYcMUE1DubDaIZL2gbF6Lw/WxRgjjamYZTUaFACV73o/9rh19FtHcypvU7mueM//rxdNJOuizZLYxMgrWSeaAAy1ZJ8HSBcB9k4mP/Jcvya34Q/F75ihI5Zj8QZu/XcxOKilwJjN49nPP/+D5Wdhz6Ng5UQFb7+5nL6vSibcMOtKBaPEhAPfqysf+yPUZYY2YTXnym3vvs3y8JL7gL2wLEpLDj+kdikIWA9DqQWXDr3n8po/WHuMpVfmbhvCsNQccSubebBG8zg4qxoNI1mXC2Yp016LfkOwcKhX02SzD8IMDdrrYe1af2aBGbDwwAxmC2Z+z8iGSH5Z/VlW3p1wTzZNQe/rYxtnsyMkg37PI7iZ1Fe4K/hbx6oRLBWSUBVA83s7C49huKO5x55uLywea6cuffV5eCOl8IuHIG1Iixy6VK5/JVHYcg9WY6/7GVwy92LY/JiX3+82+zZlIoLa2f9QeSX/2ekqKJ0F+mj5FdQDCoephskmJm2EJK52Z19GGceBLPMAHJSz3AOdt9a735v33GfOvRBUbu5hgyp7ulFKbXYiDAAxS1NM6aCWYAZphkcXwZVpG0Ca7WGkVSflWbEhDTcOhcG5zEKxYzRDGdnmWYETfZw00ANmoFLPEY+LkHGlJgGJXMvAjhCBPAWBk3CNUfJLGMSuRrwFmzihLD9hdvLyRO/Dt/zneqzTu+Sh8huUI49f6Sl0LA9Rno4Tgvc8ITSCuzOLjwP3Bkfi5Hls3w3DipFRVO2URKZnYkTy7S5ASCc2z8LIP9rfPeok/IVT69iDnjdPBP1sfgVBm8MQMQyEQEc9GYclWZo+Cpgs+ljlnu1smuDqb625taTwFL7eTveEB3HG35mDt+sYJZq6/FVudgYh9J0NwuWv9qb4EU0yQ9edbVzbcOlw0euzQfyvHQlcxrEynkJ15zGV0aQvRmB7/pVfoza1eZmPPQwEo0QNBktnogIYAtm1YHjid0sfogKphuUcgtvLadQyegAmXQHzAtW0UOvKO2Y59gq98W5JM4j4qYncHQCX0YznsnvAETl07Pp+s6pm44z2g1IWsQhoIvv4Nx/BeD/mGn6wDC1QuyXVLcqL5YDHFoMds3hPaAZc1dEM8I151g+X9jlVcP8r5XgnIEuEAanppmocS6exlA9l5RkXT/zVMkcFvKQN6M2AIfA2UVRD1NhtdVaZ1LQhNLF4WymNVqGpTb0OPnZaWeEcBZwa+PQmpoeiNikwJwVZs0RzH8AMC+Mg5lH2ZGnaumSbjDx6AClBtbuLWugHKVch++4904eO9c3wR+siccGuWkWZCYCfH9IzNQinbGwa1FeNV6NetionIJeX0ZdzI9hh/4jCPQ8ASBzY0TkgZOf6y2hIXmvAkx8RgZN0jX3rsNdc7Ny5nqykgf3Q9Tmc+MegD61yAMVE8Q1+Cd7RjzjzcqfRTKnASgJ6DsdnLDkUUCj8j9nO7Jd477hydK69oZ0w9l4rxIz9PoArjPf5Fetsuao5f2clJQWCpaamnFLZgEA0hJ7ABsDsEcz6JrTNqQIRgheWFi7iMytI+11d/Vvl+OnkFYJLs2yDcdwDqM0guaPVMHN1Y5rXK9XSxzLuTcWG3DjuBjcR0l1FtfExrHy/IPYlf8RL04j3ZK/fk5sau5Sz8yaQ8YHaMboDMDcD5pcLc2YbhxNj/T1AewhOIy+VOHso9AMcmZysERSYEqbeOigrz6v35/tGfpvvQgPGwsFJaROCarwJ3tNxoy3BCSxqq/i+3HJbMmp7WMzSGb1jyfLhiHqaDhIA4C7jqr4NAZXT/402nMrgIfj75SYhXraIV0TlbqtkdTjI2KDl2PsNFIWFWCR9jlsYNh8/iHs/P5MWV560uF4hrIV0ub1XDEVzes8mp/TlTdDODug0wzsUVJAee+Q1GoBak46ydhLMHTcWdGRcb9n+mhdI64OZ0+lGbz+ED8zgyadELUET5YemOwnH/I+jPU1n9XQDPP9/MkkfOXzczzpX61+52dhl+VUyZd2FDCLJCpHwoDRhuqImRBYWzgJqyzeUZZPvgFnw7wG0buTqsqqksJW/JKmXLBKyqpWV1IPlTZW0j7LsOlsOgRbnkMprifK5tlHcN7yl0CBsCsHx+vRTcl/22gnceQAC/GSBWbMt6khSJEw7+TMMgDhFkRIfQ75zJ1tU4eCeYAzD9EMdVLGUqVDY7ZauuCzk9trPaHeQmMOWf/4vgHPSOTF/qBohtxWUsPV20M81jSjkcIpLRVybX3D47TIC4L4kctpMGvOINGJCJFOnfsBM71A09tvWwVmFQJHIv0kPzNpBnW+wCzFEIAWjwYHVYQRdGJrGd6Na8ruiXvKPLj0aPkuAOg6ry7RG88TF4Zkr+QUO2cAqr4cd+Nodz7oy+5T2Pj7KEqRfRHh7r9UKqqKNuJeGtwMxydlUYuSzyQFDEPQaQf2Mze7s282Z2YlvSY5/2poRg281uq3tuh7ATLnweBt1YnB6kWQEq2vulvpHZpIKirt5Bm9GcmZO4iNHuBxY5xZ1Fa+r057eUdGDfO7sfamAaPOap4NIkYApaXyw/Zrr+pojz1wvrUGcQ44vzgCmBnwUFHC3FAa+DMG6YWA6w4Rwjns7dtDvbmNxW3w6ZthVN6Lwop340TZG3DhSf0bWdCmu7bDBW1LbWrMS3DjPYHI3jdwNvpXwcOfQeUiHAuHXAymoTJCw/FSLYzopBaXbIPg2h1qlTSVx8xx2xRcc/RmEMw84UsleqmlgKGpYJYiGPYz95OCNDYhTZNadIHbzti418KzNomy5LQL8Exf5AKosuaulmYMGYB12L2mE0k/ZNNX2XP933lPek8czva+OxX6ZtiN45UFEF2Ow5gm2ALEyamvVjIzn5ulzLRzHv8bVS5DGZKUl5TwnD/8u4cQ+A6T78v1ZWn5Nng/boZ/904cBgqfMCQ8j7Hw3ikK7vOI9J0H0HCEHMoFbKw/jn4/jSPykPzFf5jSyX+CbqnfWAJ073UVYgtm0wxqggx/2zVHJzsr58sA5C5zLBCf4jALmPFC7gG0sGmNuaEAyJB7SgMkamEdmiHNFDJDHo/8Lleq72snugmacOJnNQAPkcyzuuYOb2vV6vDi9K9XSEHJRqYm+TMI2B6o26er00eSzPJm0AAM7ecV03li/BFgyvFmc/H7HoI9u0jV3J9HHUAkFWkHupSMqeUBD/Y52IRERtlcHn6EbVAjbXj0uS3caZIbI5p5jybI9omF1OV5bqTriXD+LZm502QXkllg1pkwR5HMAWaP/TiY0w01ZMmLWsBllBtYDcphnjk0tP3P0jjoZM3NGgG8AjA3FCGnOto+qa1DNMmmk0bOXJMG1YxgnjgmVwjmQOAsQ500GOCktyEEkXgVgylpqKW+5JERpCs4ZUrf8uAdGneQmpH1Rm0gL0ikCzcESwzDC7z+MYDr97hw4gGPmEuagc2vc0c6briiGaI2YfQkHWgNoNZrwYbWJZwya65LOVrDySsww6jOj+ZPRv3cybxe31TMd0bOTAlwWNbcgJ+5TzNysDvRyAGaUUtdGX+UPFF6SvwytkVpcQ/QjKlouwIw+1Qvhr1MM4bTB7pjb+HD8bVXx1G8kMZpDDYaxgESlS6QG5DBIUcxZWfSv69ATPTOYLIxyv4Ethq/vLSIv3BEFAuEkhlgZm6GODPPzsamVhuhjCRW+cy5OGYpApMDXgNUkNNDrK4ShK36yO9aCT114uICL16DXq56pSu2KaBTOfM0yTzgZz6qZO4HSwSYGAYlGjH/4/+1ZNZATh/1nClpUmkV8Uz8uGC4ws8hYHT2bRQBURVPSWMCl0ZnuhBzIg3eiCEKh0OSORvZGsttfeaGM9MA1DYrd2gGMLNKDUm2wdT3UvRV5tAwWf269FW/CAyf6/XUSudcFP2859RGcvw3L5pRMgvM7HdG+toIoAaU1n6o0yYFtNo2NUYNYu+T2sh/Imd7yG5oqFXQjKyz7H563Q94Jicj7gokc1sOOGmPH9+InaQAoWnYoNrorMWT7/QukDDbbYCpPzZ65aUKY9Jhb78s15Gv9WfOmGs1e4sz04zkzM6ag1hYRt0MHWrJIjAhmWcCc0Uzak+DJ80cOlVWPeHt725xTjKvZdkqDYf4U+uay9nr8urMpPLg5lkZulZtOAKYZVHXhped/3ILMtWw8V+7vYOSlq9VuYPulim5m4IPJg3JvnJxaPc1j0ORhKN0inZUhm0NnslINviP4pqjAUia0Z4v0qUZCdT+Lnu2oUMn7QJQ2/MoM1cpDUj3k/tl71qIeLrMmXl1/dxEbOvhcg6Q2aYjnPQz69wXcuasm8GKRjQCZ6MZH0PpV4YlwzUXhsu49OmWC6gn4ko8AHl/y8c9GnLVaDAINNcgG/ZmsJYaK+e/HAf0/FxRcj7nP8LZSbjNxUJiZ86Ex68xVIdAVYOcwBY+O96J1lvRWeBwx5E7kj83i6pdW4fit/PlFYCZuRhDgSk+d+Icxfj4GlFnyQ5z3Pzl8A6YcQTtGOjhZM0uyDfeDO/YZtDEu7M7KaDEQ8c1R0kUL+twZh7lm8fCxurqUg1yJwLF2VXdrU5t6wejY1xxAYIhL8dwco+lM7vqMrd9yXwGG1pxehJqpb0ZB8HXp01pHxr/kTS2zrMKpHHSzdmoJzjB2xonnBxL6OZZ1USlV4P3uQKTpUtyZiVXdsBvsMz8cwVgdqldkCm0hz9tAlQbWB9PH7AE1+faJcIxtza2ZvE41v71fsRWCyEVUW+7WCd9AGNCjU03bv7Y7x0eEOS1MLgzh7YIzDf+yqxZc7vl8sX341Smj2H7N3OyfEZcQ/CiEw23mbjVqavSJ0mB/uqcLM2DZIU3w+pxgGZ8EpKZp02h1tl7/2FIZtKA4KwpmdPAE8B7NINt7WuGdpT9nfoTKrbm98N0iwgKPil+eRT09mB+BWCeKJkr6dt5S89d1ix+58lpYdSnLfjenJ+U9ly2sb+Eiz/5TK87taBL4WBvWPqZuYqYNQfJTG8GwDwaKs9Fb0ZNG/gexonWL71PYF4mmHUGspm4Jch4auesUqU3Rh6CoC+zPsNJAanxxiXzA5+6VoVP3vw60ox3mmb0wDxVMic/nNCoeszSZmglyjDNULND5YZrYPYu11eGqWCKFJRrSm7GJDC38JulKS0aDeYZ7okJ16UzrF/PS7IEakDbV81OEx5qufqWsnDjhFpzfoALP/NXxs15DMSx8x9FaWlGAH18Vs0LW5XU7r7mS7tbnVo+1q4+RwR97TDNSICn0GhV2SxZc6QZOEMDtR7e/PqXlve+5+cDzLSZ7BpTsZWkGWnQ9DizNZH/TWOvq06Tx/tZqY5TsiS16NCMeD/dVXXW3AyQ6F6SklnJS2zdDIlGV0IzMAGkJY2xpvxvK2gXp2nzaSRcmoCIBZQNw6AhTHOhq67nl7dRaPqneQ+yqykkE5gAACAASURBVHK7OvMRhRP5UviTfcortmStvrWMbmiLwHQSjVopYz7EzKb1i/+llPP344zpdcjpVXNDvmxsOXbXds2n+0EPg3PS8ux6RpI/5eUehBbMbIxcOmM040x54KETyKGdg2R+CSRzgFkF+tIY8SSowDYHWe6kyHDTW/xPZrz1DTxJCtw/SaPU9KS10K+SWlRwtt+X4elWMrP8LOsz/9vf/0BVBTRrzcGNMgHMtSeqI/xDW6YgcT+8wvX+ZgPsALVo5rnLK3RlTL9h5DHRWMqo72o0rRwkKGl+cBBqwfETeyyCvvL2sngDODPzMhTODtuHFY3GOCvgu/HCJ7FP6z+WNRTJ20PFx8N+6gmrJ9r3ZGdbsPYnu79AFAYPQyWldPf9TtcaDprcVO7/1HGAeaG85b67cBD8L+LAc+TYQmr4UCRK5gBzqDP7mcOwqUEjERQLMCZhyGDlLbWrqe/CbBew5c4E6njoGGtc4wozUWsZ5S7QQCPN0LYpgHlop4nSLSUeJ76nP48TL9SYZNGcoxGVoWdaMFhYNT96LM9K9NkzBZtn50Y4FBV/7Sy+oyzf8IsYBYCZEcA83ZdVQPsWOQdo8/Iny87Z3y/HRzi18+BEu1s3rNsEbb48uXBN5vtFYBqjqWPJhyEVn/VDxfnc7rO4RsJJPyaZbyoPfAoJMfBB/tR9d5Z/9O5fKhvIANMi54lLBDPCySlplDdCMEvdtWF09msoa67u949aMrcUNUjzmGR2febRAkvavtDszp7qZ67mo9Y4aeD3Q9+ax/Bm1OBMr0+9uPP31rCLPI8md9kCz37lyjPCCROYURyGCxElDcoCzlDfRSrq8Z9Dzbx34B76maPIorISIZnHAYnMpO2vls1n/gM4M9P5Tgwv0hbBQUG6knj8pq5K6nfa1KKN7SVwxqmNLKkJfuYz5f6HliGZR/Az3w2a8bM4oAdqVlQ5/bwt3bHKlNIeN2h6QqcGb59m1Nrm6AbtVKHcEVjhIzPNoMXPA3UgmT/18JfK7/3BB7FRtLuhNbPmpknmyePda584Ql1nw2M3mUI2CHOsQO1uA1OD9/GB5ODIwFM+C0v84kClywc3l+VrfxkbcV/vYzzUDr4c/6M3o5aG/IIV0OcOzpX1p/4Qefyfx+/cmhIEXdsfPMtukDVXznsmFSVQU8L1iX8/VC3VrM2SvQKBMQ59zszWDNMMcGZIZh7h9db7Xld+/T1vxyGPNCJ06EE0ncnh4ZEJHq2EmNhYmX3NKqA58LVU/lGDWeNLXk+qn8Z4SlQIgUUeavnoV8u/+T1WzodkPnNBknl/9y+x9elwzjxNYwoffH+tlQUiftrSg2bcIhKYaQr9uc5x7OLO9UBqLeDInhcJBQ4z8i6iVt6pm94NrNwpepWbkyW9h2iG8Iot4fvn/qiUy/8dN7KKuUOMPmFoIAQtY4z3mRd6V28diJjOFGvQGMOttJyVZvzR/4A345OrZWm0XO644cby2//0V8vasrfYcwdcmjGzy8L//67MQFy/ZX/4oY+Vj/63z4Nm4EwTVc7HjpHtbwvMGc7m5EgbpXCa4Bbt00UDPkWWDeSkuTWIazrRSuDc+mbhl3Pbz21vvsk2xallnDUepgtCXLaWfxJHP+OQzDnsJFe8gWj3nQ3NaA0brDUkYx9DkvXB3ufK1tkPl+W9p3F6J8+4wIHjXAGyv7hqXPO4VbG5WDlY5DyxdiN+bw4WK61RM62rboij2SXYpR6WBpNpxgMfXy1rODd6bnu/3H7bteXGG0+hjBT2n9GU4CQGolPSsVHzSnZKAyRHPP3ptrRbydyqSY9b9suGoHM3hn+4KCt2NtNKSanM/0oy07WnLD++GZtO4eq8vL5Zvvz1v9DhPFs7B+XuW8yZUzILzNJNBsBhABwDVcwxx6fZaKpwtkYk+tOOTztW4cYTOHmtQ+DGi+/N380q7LprbTiHqfUOLMgdbJIdXfdLOBruZ8ClA1/62vPWoRkp/VxkEwX1Rk/jFKCHysr3P4XD0CGpcarpEveK6YR7vh2HvEtQ21fIH1nWGrZaAQUV4bUqQ2UA1NQiB7AbUk1fZYZfp/uZ70cV0AceXCurBDMPptlCOB6cMl1wOrIs8Cx8kiKJT2t7mg5ZlY5BG33guge+deMn4FPTtCmSzTXqZ97nxascDvzM5/FsEyTiRHTzmQIxxoDnIAYoNOZ4Pk+tXVjC2EKEbeJEprtvuSQwl/0nVZtZyUFKLBY0KgHUSunh9AHTPmMv8jHUFUuEYQnuPqttlSuXn/XppvsbC4EcOQSfruUYcSqAra097P1bfHlZetHfRx9wfDKNeM1fmyMyJpn9bDaE5f6xDWb7f5fN792Pkk9/DullTqtYu2QCPeh8IGc7ZJGAgc9DF4Z3OjrF55qwZyfr1Tg8kbXEbCDf0IUhP/MHHzxRVldQ4VJHHbjypivjuO1WJwHk6qWSdAR6isKY9Ha4W9nd58z5QEuVnGzf2U6sZjcekotiuNdjnwaYNbkafz/b4+gFRVuHe+a2t3fK3bcazPu7PEwHNIMBG5u5unOc0k1vhxZB7OTOBdGOSHu/n93l0l2aMvwuPVOChO2LYueaENSVPljDERa/gFO1fkqJbz6PJbAXj5NkTprglZMqgOPOQVgv2whr7176EM624AkX3IRIXRdJ8oZIp3XyDmjPGVd06+7yXsCUWu09R7f+J4ezKZk/8OBJ1B/GEVwRaGmgJQnb+8kPEuCCRkjbWKRj9wyAIdfzPjwnuSWfBm33ha16n8hDBua5XX9upP4/tFv7HDNIWgdbW1vl7tsM5oO9JwRm5XFrTtrgzbiXqPvyGhdJARs6ekg4OyWwGJ0SlLrUot/FdmG1QkeA1o4VHBZBaX3ydWV08heQjISNtTiXol/PQ7OWrrlsZE68VohEFYvVnSs7qA+2u/UR5//qhE8U8yA4tLOgu92GQFZ6ptR5N48jD8XkhNQZdn1LmO0Yz+KahWacKR8UmCGZmTctV59MHvUnzdQc0KQcKan9eUi7cNUMydCc6DrKub29VZaXlxC0QM0IqMUd/D2Cl8Fj4G1ATmivqyfNKKFDY0hpSsNEACZBLU3ozze3N2aSzENj3PEm8JFViJqSyDviPZZjvuGxcHYryGrDkO+tc6c199I8eDb9xUSPnAeoNwqNMn/8tWXpBP3KNzvgFQLZVpMHRuNau+aahhOwlMG4AOvcftidC5DOD5Sdy1/Xd8dGz7gijgyBSqyxoUEzaikgiIgnunRsLRWuRDKbS/GZ3USj++nNIM0gmPOEi6Z904GTNCMt/knSq6YZBC658C233FyOH4dGoMrHZxcvnC9nnz0rbUet5BAwB9+Z2P6Z3qa+JKsXnsYuBIbpDcC81YI5ObMks86fnl0yq3XVXFljxY6QWRONxhpffZAqR0IvZCffJ7TuocoSdnajutLyNX8TH9yKz7JYO1qivZNRhjgz+fqS2V6KYLr4VXu48F/y5bldTMwLH8Vg/U98hjOotXOXvBTF7MTl8AbaGOTWFU81kKMaDkuq8mB0cUt3IX3I/RWblnNaur6WwPDCsMztg/nm8sGPr5UVcuZInPdQJWiGOPhhIz78Xe3dYD9uve0MzqU+gf2WUO147zyP80VI/tnnni1PP3028r2zHZbSXTDndB4N3K0nKbkwSm1tbY5JZoE5KF/dIxunyhrSCKW2nMSp07DVMQ4UeEoGsnCqK1N1eLOUd7Sv3mki4DrSZ8GI5+Hgbta52+XBO6v3lpUTbwejBbVQOgJtschJ0TD1Amz1oZbNSuTUh8FhO5ZWtBYLHvYctq48hrKkX0TSx1fxWoAa8fPCioxKFbXFnQUKvU3I4LNaYlkm6ahm21Q/0NJVdQbfmJ+Zn2q377hkpgEoMNMtE2q57fjVg7l2IXIhXn/Di8qZMzeVzQ2EXjW+UaOO44b2PfnEd8vly+vh1fAktBs1sz2tVX70pSVpITVNAiOaEd6Mjmuul7Wmlva2OtV000LIBmzyYAM3hB0jcOnFanixXY+d/BS6K/mPnsWDLemp0PpBm+ERw8IYwY10DNpsfR/JRAs/gZp3b8MRb6/E98zb9LUS2dnPqA0o8ZAuvaHjhvM+NTkyyyjJJUx0utN5/PsEpNCXUL3m82V389myilWDM0BbyRyniCYfSr7YV6t2grQmTn8ihyVE38/MoM62jk6jAdhK5hrMGX6dFHKYHUI19WBm3S23nimnTsbiCVWc7eYifO65c+XsM882u050Np4OEamlsQtu96XNEVqlFN55PHdrG5IZYP5nrJzfD5rM+MDDvB1qeeNnni4cmp427kj3W7QFkrgswcmwuYII3i0o3nhfWTz9alCB28AK8BnPFwyEyFZI+yd91jGK7FaHMzf95EoMySz/pB4QkOPqQLJ7welAc1xVOF3z0sVPl7nNRxBQuYjPeASs76facBJ3kHQ+IwMo+r2X88qprEKmdZ7GxHC2DFBWb/c5gPJmfGLFnJma5IcgmVOiOTHpAFz5pnJ8bcVFxCPAQzCQTo1wYunz33++PPXdp+1jDgNwzEfYTNnRaEYzZ7Vk3rFk/p13I1awy+OGp4SzJTl7xl48OCUy/+zMDc8YkW3QbnXStSpA1zPwsj4GiQmnK7Jq8voDZPntzaNQ4yoqFa3gSDfcv0NDEGOpMmKkrM1UCpiylaQlhCOXFeskGgndsiKTZkSPQnqGEcsVgAfQbceIGjuF0kxbj5WdjT8p2zuP410XwHg2EGBB+h4PLeRZGnQJidnbVWOMeeLSV+rlUv/0eWV+F7kCGk52lsGbVjJ/6MFVezMazqypiOGYLkl6jRj7s+XLUlzluutOlxtuuFYeDFvXreHEc7qf/O53ywsXL4UxxUYP0YwaxEcFtMfJkpmuuZDMvwY/s87OpmvOu7P7P7XxXfPnaWNgIdWlIZOMZYrCjFju4kyUbUjbPUTzju3Cd7x0Rykr7yiLK7fjlTaeWVPO8R3+4/p8HOcmn0boaeV1tnUQzH085aZPQid82ObAVBXK4+CbCdwNFNv7AkKrXyj7G8+gaedAPZBLTC6tH/lB/FtwpsPBPGlI8ykaJjwR/us9mA0nIJkfAs34RIBZklkyJ4Cst1W/T5uyyd+HnawJXVicB9W4qSwtLmKSmPxihbiwsFDOn8ch6k8+hc8iaorrCTqdOtqhGVfJmcVJyWGLwHwPwtm/BTAXnEc90gZg8t7hE6WuaBTkRbLGtQAkstuhldEeo81BUrEWnKlyeW69bC2hdl05U9ZWXg2N9jp8fYcMyQPu8YvCOW5vuN6aBo7TjLrtgzSjNgJaKc1ZcARIFTPDddcQEIIbuac8YXMfXo+dy18uOy88WhZQ3nSJ4VQ6z7G8FHARnvk87xahhB4Kc47TjFRfdbFxDiImicGeE8vYZXJT+RC8Gcurx9uzryW4ciJ/MGC21U9pgR2T+9sIJc+Xm266EYYnJE64sy5euFjOnj0rwMvwjdxptTeqW7Y8+colc9JAJetTMoMzv/KW9fJPfm0ddZEZNKHqd0il3rLGURF1oDEeczDkZx6bG/U907ak6IMBh43G57I7ynXgIFETXZYAvLQDSXzy7rJy+lVlYXQHNMe1xgPfL+1Ne8KhbDiEtAi1m51kVwLQi3Yqzah9pzXiG0ATgGGzyGmv37nqWIaJKwlqDTkd3K81d7CBLKfHYRx+pWxf/FJZQkrpCKvS65XHA3BRR1knSXn/dPyaHRqSLfLgyWPADmoAYADiVNBjp1aQMXcLwLxQltZwWHnsN7N05m0UmT8YMKckkkXOf5TCCvkD6UxgkEsyEpfWuyYiKIglmG6s+NxRqUU9QyEc+Hx0cReS+d7bz5V//Kv4GzRjgSDnSU0dV1a+LwAXY91/6uS/2/Y2VEUCi8c10DDiDhECD7oZYN4ZIUlo8S7YMveVucVX4PsbVMPcaZ8eh2Zm1KQAtsbMbZQ7lqAPLaC4CKdV+UBhADYwaazNw7rkV9ofTT8z/47QNcOPSg/15lidiYF9Wztbj5bt85+Br/obuPM5rDieA0c/JY8CoE+67UgfzMpCYyeyGLXOSPDkibNBEulZOzi16PR8+cDHT5cPf+JEWV47he+9aCT9rhYrU2bZCpBr2wYQwZq1MfLzdHEdPUh0+MvbNUEBgwo/mwflnlufKr/xK3B5YXPFiFmQ3Es3YDeku2zqAGnxWSg08QHNvH3TWpwCM7UOVRF48fw5JAgtonD5a8vqtW8qi8svx1encQPqKkt7+ZE6Mg5YUrJ9cJMGzKIfdWCoG3CrR6bJzchGHjrQzYoJ8WyZFMI6/chcN1vWMLuravRo4TLI/rNl9+JX8e+fwFB6Bqt0HZYqhjdcfk2uQbSubocNCy8ir0v/LeCrADX42DbO0Lhxq3z4M6vl/Q9cW05ccwbSkUn5dHc5l0MT9kMG9STY1f7aoTGu5OSUZTP+dQ3mfYbSX7hU3vjjz5ffeBdOX11/AlSPFUAxBzxHhLxZlCKByT9tU0zOmqvGOwSehQ5vo1YKgOP3/Xnm7/BZ88ipuL6MTry6LJ58NQzTFwMPrL5vBckTtijwLG25Kvicdn4sIlvFFZaW0O/IfZvN54M/ab81VUBnHcNUBgmw9u9YuAY4PhaMpC6YscdwLiTl3v/BMbN/VrbXcTLnwbdBP7iPi3cwX5oJSlbbib2UwOpM0Bp/6WvkDuOpRdjAur1yrpy7dHt530fWyneeugS3GAcDO8theOiOaGC2eNYeX8110ZOxR6grFHYp8JJ1eF5Tsx6+9uLhWZiQmXH7c8+X0yfWy9/9W3eVu259Eme2X4RXiQ+kncENE92KRtZ4h9TAIGirHGMdHs+pEC2xUOP/82SA3REOdmcJsnJ7WVwEgJfvwylWdyCtlsJtBM0Me0Jb5C3FreGDLuo5AWYJTY9BMIyY+hScwzNyRWA2/0teE7I52uGz9TxDgrs4tX980DckNVx3ZeeJchm50gcbf45CM5fBN8G1G+Yc92mCrYtcJ5j9rxYTKY1Q6jD63gHcX/ChbB+7pVzagoRQSiT2A7JWnmhJLIDGv301MJ3tXkc7KYkICpcvEwXhYkf/4hRfDWh2T2Cuuzr1VZ59Mkimga7CCB0t8WyR72kZL8BAbcLZrVSIp1oGHpY0lK+3XzjnwzkUfC5PVtg+tlg2mFQ1uqucWnsTBMl9eCzo3whu29Cs9vJkPoVr36UANG5CcXrI9H9NczVAoY2JLVHPijPTZju6ZHaUynF4P7RROdHrpFeNIA33GDclyrBGYvUe0vgOcGzA3vqX8S/OhoOhyDMuWIbJ/bDTXADAX6JSGjyD2TsQ+DBLB/E1nD60h+rtbNcI26Z0iilTMuPk0fSzTjJ0p2LmCi5ofdKZv5CurFiX6k37O/uyp2CAUwjU55CA7eujz/qA13Ic6DHgLjkYnzg1CtESxJJYNAVZZzoDhuChVI6TMxsRw/bQbVg9kxMYxrMr3fM9jrpy7m0r8r+2jy7vnCw7Cz9elk/91bJ0/G406UU+cJLUIbbZSSaxdUy44mKWFG6Pq2vAGYvfGYAel5x/82wLpPxJ0aaRGAIzb9jehmcijK/OzY0R0KrtoTluAB0SSDabXFN04YHi6piAubKEk4jK/rOlXPg8qMdXIamegvUN6rDHTbTYusXBF+fTNEXvWJOXRicjW+yxQ337DM7MgRvyd+74w0s1J1pwvMTZaul6ZDLQAi9L41LSm4LTExtCdBDCOabpBGivTT3k+/sD33wY3gxFtS2TNcHimxQSlDRxs3Vf/pVX+0uvbVI5Snveve1QA3an7yH/XBSEVEyGmV5TK8AWFPJ4uO+KIeTuktgt76Mg+DIGXzATEEi7+2uYkdM4Zu1VZfHUvcDmXZDCaz6NVSdPUZo6UGMj3xrWdCIbk/3oDVYMS9vrdiSVgxKaX8+ONo+BmR3ZhEupPoekP5u1tOF3dfHsOrm/va8NiSdCNJdULeqD/a77B18vG5ufL+X7X4cF/jxcODz8kKmLDp06uZzXc4MmxwkrG1VK+ZCmdmNIb06yK1dGymJSnwas0Trcu4LtRpn+ynAso3bsow5vH4iaqc96rt+Rf6sOc6A771d5LtGL9llNdhkFII8V5lgQvBm6pQrNVcJ+hvbL8ewbx/U7eZu2TfB9FCTy8aKtwWcSsJ15SgEV+cjixdGGDPZIV0hUsu/YxgTpu7/yirJ08jWI4r0KfYSAUf6As9qsMeS0dd+02jnZoVmVDhtzE30dM0C1CCiD+BQBrZNf3e33AM2gREYmXR+/zd8trRhYSb272uBLJaV6kkGDJGtYrZVsOtj6FkLjn4GP+tuA+QX8uy73G0PjUjqQvtrWJUboB7ZUp+VV3ebUCsm3aYlhkBcWkCRF4V8BsRM4GgATn11fUwOt/s4uzJjDoVGV79tY80qtJXBokelDrSebBHDRGyRNmwhwPUMSJAfbzdKqd8K7JbIBp9EiCBWRo3sMmw2gCQ92UWF19GNl/tQbIZEhiXE24BzLt0nQxA6jUAGiLnKrxfxHkxqtzeYc0jdL9iGJTbritIgca+GyTzM2NjenSuXaFzw0P/Vn/Xns38vV7mIe9tNy4LhT+hgAu7n5ZZy1/BCk9Hfw+QYUHFQoN9PCqJNsxtG23CbUmpjjUqxtSx/MMbKUQEgAWta6CHYanKFpe59v1IMYL+hc6xFuwZKzdxiYPS1dEHKCnLw9bZirbpJrM6Sek932u81t6D7O4Wji3HRNCiKSxLzg98om/NSbK9eVtbmfwbmAb4Vhdw3yjvEOGH0j1U2WCNX91p523XFxiSSpa/jARkBla03u2yxgrgXKGJjX1xml88+4r7flJ7ki+N/DcmJrY0srn+AJHtZuOYoOykow/5N7WCB4ouxtPFr2Lj5W5ndQAwI8eg9ilHJ5jonhVKkB59yOxNsyR7oOxY6tZFyYbTi+xgxAq9e6cmcGOnI8st/53L40rwsR8ppOFdCq380YRGafipDKQGv9vbUWrCetP97NO4PnhljIWRTIXPpWHKvx0fIC0au0jQi4dJ1xDiA8DpDxszN/XTk48bKycBJniRzDEcQ714AbYwbUXGS2ccxIy9K1Gsn6zYKW/zgdBp7rWqhl38ZphumJFqYWW0szvF5a7aM/+5K5BnNO4Gi0AL/hQtnZwamd+Jc/3NvGRBq+ZBefJTXh4CwipCs3Dl7OncJWgF4c/I4TvLHBNNJ2VdaSzZLCSpPXz+EI2+0L38G2rceg5h5DhtVZRRb3t1YRXYzn871oD6UsO0261G6b4phD+i4hSwQUin3og3BlmdLDg3MYR+2DOhDT/Ke2ttuFfIhwDQNJaeJNjnA+rqdN+i/r/Z1Xz0PCEljim5wHAkLLRJ3rgcDUwn1mXgTtl0VweR5iCS24egu2LjE187W4F6ezclGEALEDBK7WMB4b94sMagdFdKzwgNN4mrJxX1pDrx4JI8PoqfE8Ecw5KQSy8nDxw3wDgoHAYIaYcw+O4QhaJHxilwXvWV1dFZCYPcZrCOhcAExyWVpi7vGBwNycKajBDlXEF4WKXlxc8s5cSqvNDQzOhbI4h9IHFz8JIH+lrKDS0h5PH0KbmBMhJxyKUbNUFcdza3Or0QILkOZcaLye7UvgJuASzLkIawk7BG4XcxlPkMpxq+/XtDA6FlG3bl4wvToZCjc6tWk0uKvdaekj92Jzm22AtmCVaBdfTvdlTLcALABUgkynnWLx7HMViUfzT4wf81z2T2EMb0Li1n36d2d+DZ4LzJ2ezfaY3CkfBw+GY8Nz5ohXiChL4HC3GHrdCIjuabRl1ZccAzsH2LxYjExA4u8h2WvHg+45TDLXk0hJTGCm6uQTKZH5Q+nJB++iphuvI+htWFlC7+zQ34m01ZVlAYnXp2TmxI4gUQUwPIvSnoDk+dgKBJCTwYW2A2DyxKEluFA3txBFhF/6GHa5LO48X/Z2zkFVsG3mZNyfxndvYwGQeoygVezZsEHFRciRzqqTHJzVFXswxo06Gy/jmwZC+oQ/tl+Np0upEoye26Fn8TGWMpV2EH/NbLvgz8KHffAJcrPzuFVMLbwhWmzsk9+fFM+Zcy6ZxVwKejsYAngB4765dFs5fvr1ZXXh5fDq/BggeNwpA8rDSYDaL+1jGrzw1AbMk+kM3yu7Um1k0fA8bVXD5XUXHorod1DuzA2TguBzQqu4g+1PavKJktkSE/vYNGBdYm7AsjrQrsBIwCbHrEGb93Kwue2eNIOROAKWDSBoKb0TzEk9ajBsbyEPN1YxKck8vA1bm0i+nydFAZPDTvEDVFeaP3gWJbi+Vi4//ygiitjJMYfdLywhNsLxt9hTtsfFRnqxvCwAj6Lmc2qKHBq2YW21zfWt6UZ/EK/s73ZB9Me1QaG8GhHa7Qy9teIsP4cb5ulRIPDi/DwYdWX+BUhdxBXKzdhA+ips6QcvnkdqpqQ1i01yXOwSbTYpU4orSBOLKLDSFj8PEiCb55CW82uCfsJl1lepjaaPQEcy98Gcg8PPCQhz4G3RCv5eS2C+ihI4O0i1z7b4M3JfpALiXooDPotgbsfCnxHQ67GY3A9E8rDtiDRnG2Ccw+8E5CZSHLcpdfD58SWc13zhLxB3eQT8+XGkfl6AdsD3pECYpMUlqk3yeoRRQDVoLu5BAlli5KZa+JrBmev86b6xOG64tlKWfU/jpSuR/Tl/akOyb+hIS1B1KzDkmc0D0J23qyc0z7JPPLY6hcapp3qI/vAz0TVJTiwaHnksyQcpu3BPWbjmDWVu5ScAWhh7rObFB8qtZjwlT5XTgs+i7ze5drj2uADkoqNGZW1CRa2c8dhSLLe01UQt722leX6fBr4hrbURiyN/n0ky84W1FKklc2348Tp+x2vTCKSkZgeszltjsb+2Ugvw/nwfB2kTUtihUmbcIUEFOmcbAKbKXcSzN+E+1MSDM7PG2i7qRMztX0RxxG+hFvM3yv7lY/0lDgAACpxJREFUPyuLe0iwwVaqtRUGXOCfRpILJR/q4wDYNgLbH4K5kjTVNxxEBSByp0i/EwN/D0nIYQqTN1PnMpUswKyxd9qA8xd6fuOKDiV/ToNpUvN46NIxuDL3EaHbBm2AKY+UgjvL8om3QQCg1jF8xYzuKfpIAqBSbExM4pPdli4HTomZCEsKwrYHCehL5uQG9cj37dFqSJIz872hAw4dfW2bqtVqejP6E1KDOQ1ASmn+UFITuJwwGowjpKv573x3V9dwN0bjzUCHF8CLWy8J9niLwri2hmgGnrcNgFNSLy2tiJvvge4sBY0hd59D6uPSCiT7ZVRf2v4c/NPfKvPYurUwh13RdPYj4LKwQGMLE9kBshdtTTPqEWtshN7injSqKcH7dGImMMfstQbeMJiH322k5Eg39FsfWMKV+S3QCaY731lGx1+P3ThvwudnkEFLY67eiuY3qDmiF+k98Dvcvtb7o4uTEYizzwjmoBm1dG36Fu91Q2YEMw3AHHj+l1JPbYvVn2qzphnsDA29WiJbKh+TkdcHQ0ro/LwD5kmoiDaQaxPQ3NemgAp+p2YQTUAbvWj24Xajt4KDSIkCyY5d45fPf7EcnH8YqRvPQOjQOMV9SBcl+C1xuzRj3PjzSHKwx6lBuLJiJq6KZhAsTLrBe7w9yBa7DDSpbCnZHs0wbG1Q2tOufXQKqeMz+Y5xAWwM7vzY4zG9zKM48Ur8+9qys/xK5L8slQWeeErawj1K9IaQOshL4eBHVh7V57LaTBsy460zLoM0w4ag+5JGYY9mBMXu0AzanFRWnCfO6gyieaJkToxNkih9yT0MhEOQOuWrejEJUgGa7uc5obbYGeLGtKH34N9QqXNIYjrY+kbZuvS/4P1gWTHs1cOORBAVjCwMU4qT4HsQ8h3OPLSgu21gm9qQajteyZG7htugUSnJFIuCWQyKuhm4krICdbt3kWDI5xjswWS5RYmuv12UOwAdom93fhc2gxK6Fsv63hq28b+4rBz/G6iieSceAsNcCUM0oglcGPfoC5mO3HryCEUrBGzTHwvc9Pj4inY+rBe8GMcls5rq9aKf5MzhlKm0uL9Pjh5D0dhXh8GmUzhRBmAvnN1Xm31QXTlcD79z2Orv39MUxogvwm+pEHlINbjs5g6eRsDlazAcvwiK8nhZ2UMZBAHJmXvzo2MIZ7d+7p4jx4M79OFAF3ydAZo/afyl9yeTmmLKPcsKmHTpGO+fdKpTVkQSmLgligaXUmChfSjR9nEyExbsDjwTc2t/vayeejOehiIrClnbsAvzzguHQlcCIyKwysTzNW31pYSZQ9XpHkwLMTI6oj9BhqNLvr43YPl3XFMbeEktatf0NKx1dmenEUfKUKtND6rfXFv5+fcPWipno8dVe99Hmz5MD7LpQGx6xOhRzu1CPLFy2eIBqpaWZ1FC6ytl84XPlaW9pyChuTd8HvSDZQFCGkm9WrrW/etrojpMzuv645VjNjRezXf0fmm7EMfVRU3Gn5Uy0nMg8FL6BfDNXRm5A83DhmG2fXMP+cVzt5fV468so+V7IIhfBGCfRM4L/O0sy5BkOLEZ5lX7eQXEAFyCaqJkbvpiyaxtUXxu+JsTzI0f2Y4Ord+ORyIld/D0Ia/FJFCP1c3gpNCFNpQC+sMC7VDjpkvCGImUMTHRepZQ7eo5e5KQULs4fpjRq3mWQkCJ3u2LD6O2x2cx6OdRMGYT9APcHEUPWQgSvg3Vb2glZ+hISZDWyBoeVEvlVL8J8trN2QqGBk0hmftPFOmtPrQ7zRSaxeAZWKJcBE3AdRuopb03dxpblZgkfx8W6Usxj8eR7Ua+y6oVWu2RbhqLFf9hMFCBQLrchDDygUmQie8rOmS6EX0RxRinGYNPE1XqGneNuzaeknPQF+pDz9MBPf36FOlDpoROmlFLyUndPOrnfV48JM3SAK2Tk1JNE6Q1MJqBiAHS+R0JcnyWlf7nFQxAIcPdr6Fe3hcw4d/EhoDzZWnn+/r8YO96TD53SkR5scxHrgyxw+pLNBI0GlQLgY6klhoPFxw5cy+ayPGY49ajMYpjL0dBaYdjCHrsI5d4a+8Mdnu8GMlAb0B+9t0C+B73RtLoFXXw4jeZMaVK/FkA+O/poImr9IAu1OxZduZcashYPw00IteqiRCmxO7TkHrJ5O/1tcZK2wf+3kjmIUOvP4g/SsmsdR7GxpCU9net/7UD5LqTmjw9TEaOc25ZQJ010uj+e6FsXHocBSA/Wxa2v4UTaZ/DtfRNOyfCM3wUyVzRgaQFNKLi91ooKMhGmiGcDYnClmIYb44S7iP2rKPg8Mzt7cugFLeV5evfAm4MD8XBbbBtkQDG6kA8ogl91sILMCeKErRaSo1kjq4GuIeFU9CcijOLe+c4KTF7gmQOSZyP11powvjxtmhYArjxZgw3pvNpw5mNdD+plix9zjfDM2e+ZDqVaNuSD225a+YcZJvb147hL8AsuURQ8W9yOUwwDxdH5gdChBdwKu3D8Ho8ii1H3wHHRlhcOQ1KNsU/iHqqRK4z7qwxKDn9/sM012GL0k2j5HTb+Oz2WW2ONzctzKGtPMecm8lIMeb2boTx+lfKsWuRKI9abTyx9ICeHOUQwWUJQCMKILtAgRct5Harvt7N+eaavSLJXI25wE0bxvTMOdF+aKQ5WzZo8FupmnsF+tx4omSONg+BbLgKaA/QzYCPmaMz43bwwv4k15SGN7R0ol1oQxpkUisa1RUjI5BIH3mgFdbNjBcO9AgBF5RC2P3+I+Xg0jehqL8H3vmCXFflgHWCCQgkotONRTArvzYT2+2ySjDWgqEP9iHDVgSfYItny8cqYBvkLFLJKkHcjnC5LKMc2CvL8RNvBM3gBlKcoIt6FalBlKAThrDwpMWiAW3QNKhla54RoBsfWxt2bieRFTnG+jVdizRIuZnY2oZ94bX6K1VCn9PMwHFqmmFBYh90GpkTCyf2gfbDohi15D+qpM7VnCt9IqhTBHUWaYwsBoUS9wASl6re/6Cg+vY3sCEACUybj6nUGCOMHEB7D2IElYdgiZRAmuS9mLrsBdqYbHksHF5PfstDoXe5oI4zvxj1KJZejouvh6I4xWMNELFnpU/z4drNJ4w0Wr/1C2d7ask8tY2di7vsusGitFYSjcjny4VRex9rUCfIBwDdZeVcMUEbBxo7BmYDo9vQqZ28wgtmAW/96Ktp1zjIUtURzYyeUXIRPNxZjO1Zx2Agwld7gBMCdi99BYB/AolOMBCZP8G0SUr2yooX99Wi8cx5EnIqpg2QAahFEapZRTbRnj3uqpYYOl1G8BXPr92HP28C1WDeCxxtALjyiJtwdAvmMWxUq/9KxjIXroMiEzDSWGU5Cgag/grFcKXwahdJM8CdgT32z//Fvzz4nd/+LYWJ8+dKOjptuoa+vxKacSXvyXuo3pMK8LOuuvcO7ygrE05QA4yh8b1Lfwoj8U/x+1mcEkApyMIHjKLpSeLWfnaoW6n0ds771KKzdUzAsEomnWBIemeE1AJy44Mbyyp2Py8svq6U4y/B30isiuMtxE6JY4WXDS7vFueudRZK5Hdx6qm+nEIzZhlcce6gGR5E00FiNsZXCzNoBj/P16qFVyEnh2hGMB294/8C2AAgj2rlhBUAAAAASUVORK5CYII=','<p>Test application 3</p>','42',NULL,1,'RSSI',NULL,'progiciel','Microsoft','Interne','>100',NULL,'2020-06-17 17:33:41','2024-09-22 13:39:28',NULL,1,2,'Aucune',2,3,3,NULL,3120,1800,NULL,'2024-02-16 00:00:00','GRP-0',NULL,NULL),
(4,'EG350','iVBORw0KGgoAAAANSUhEUgAAALQAAACzCAYAAAAgyDaKAAAgAElEQVR4Xuy9Cdh1R1WmvUMSApkghEFmbQcmFRANg8yTyKCgDQIizgK2LYKATDKJ2rYtIEFAaQUBQUFsDd2AgAMyg8qgOGErAjaCgIQkJCEh+etep+6d59S39znv94W/r7766vMm1/t+Z+9du2rVWs8aq+qoL/vy6108tc/3fu/3TI9/7KOno446qv7/whe+MF1wwQX192Uve9n6ffHFF8+/L/j8BdPF7efoo4+eLnOZy9T/fs4///x6/nKXu1x9f9HFF03t1umiiy7a/N/+ffRljp6OPfbY+Rna5308S5s8y4d30gbtnXfeedMxxxxT/+eHZ3mOtn2O63zPs7T7hQu/MB172WO3+uk7P//5z9cYaZf30dfpqPbroounC79wYbXjtewP7+S5eRz9OfpBm3yOPebY6ehjjp67S5ufv2BzbaQr39Em/b385S9/SX/a94yf/2mbvkC/oy7TOtk/PEO7xxx9zNyu1+gz7UILrjM2xsTnwgsvrDHzP3TnOvMq/bI/NZft/fXedgv94fpxxx1X7+Ta0jtn+vDe9sO7nEuec56Lxxp9zv/8+TN9eKd8x5efP//zM985J5c5qt3Tfl7yGy+fjoKh73CHO0y//LzTZwbgwXPPPbcahUGSmavRNll0no5CBP7mxdxHRyEuz80M0pkDAsgQPCdRi7AXXDid9/nGsI2gIzPTPv2BkMdd9riZaCUkTTic6Msee9nqB4NTMJkwrmdfaUAhYUK4xv9ObDF1+0BchXbzRfu/jSWFi756P++krzKPk5XvgzZ8eF+CAM9CV8YJM9sfac9z0k6BzjHyLO3xnHQtWrQxnHveuXUNxkvmoa/2BwFJwXOeod/ljmvAdPSGsaQDdOGdzCPt0paMd9EXLioggNGOOXYDPnWtzV/1p42R/oy8xT20yW/a9H7HA125JhBIG9riGn096mtufLOL3/2utzVG2iAtD8jMEHZkZpGwXtilXMLSGf7nGkQvaeYepPmiDbowSIjDJxG0JqR9D/GS6PbHCZmJ2m6CcIX+MGhrF+LKzBDOd+5iZvoJgZKZq9/80PdAMzUX9OE56JMTSR8VaK5JT5ENoW09LqFNLeNEQgMmmf4gND7HO/g3H56TbqnVGGOOQ2GhP3wSJGRK6AOdGKOA5JzSl2Lm1h/oyvtFUGg+I7parTOtQlLagL52Jrbd5K2NdGz4YBau1p3LHrdtEXDPzMyAVuMTn+E9oPYFF2602lGv+/03XHzXu9xplj4Gorkg+srUKSEirGqGwcvMXJs726jFy0CCYqyGBDIJ7focgx9NENoYCSAKqIK5Z0T7GmSX9FKjg4kiiiYz219MEyaafhZTtP+Y9NHsQWgVAgW6UKIhE1pEppN5Cgm7cKSJZl9hPJgHGsxA0B6GPv7b5xKZeQ5GTmZORCtmbiAxC3oDLMaIYAE02Refo6+8V/rMpkS7n/Exbk2/ApjQwIWS3UQrU+CoRrv2mzboK9dKU2Dx9PePIDqbNt3MxbxlTnhuNEF4H3TXIjiqTfzFMuB55zZpbi/KB6vxhoTnnb/pDIQbG6WjMNjlL3f5UlsSgIGUem7P8gwmQQ2+2+Jl93W1lSpWwkoAVQyTw7OJWNwrQ5ftx39MWkcU0BCUUKJVhzyjACU60yf6mkLis4XMmESX35gZaWoUE7TJxmZOtOMezYXyNxpNygbtTKCdbn9kXscwMrOIJhPAWCVc3TyyT6UNGpKqSTVX+F6/QG0pvWm7/I1GO+bx2KObjwPj9b6qEenrTPNOBwWPNkqgO815B8/PJiwaOHjAd6Y2SM0uMOH/CBJb/NP8Bmg++watoYu5UfRNp0pJ0cnTBJGoPsdLRycGAkPQ8887f2P7NqJrQ5dTEyg+w/n/++P/OgrAO2lrp6mQzLxlpnYzRWQGeEYtCy/R7pamQPbahYtRQRd84YKNNHcvVBQum7kh9HGXO+4QB1BDHGROW5OOggS0CWJqTogESOCHPvSh6X/9r/81feQjH5k+9rGPTZ/97GfnyRSFyyYOJFya7XSsvD4jJ2Php2uE2QzqqmxsL++zryWETTgRSvuTKKk5Bo10gNLb38WhiYxqn2w7n/Xe1AoCjtroEgK26Wj99Xr6HcxvoS6T332gOarTae2YdvUv+yndeN+JJ544Xf3qV5+ue93rTte+9rWnq171qlv2O0jsnInqaG79n+pY45kyfZuZIcNmX7Tv0dzJI6UZQWgdkDQldFSYnJQe3jc7P822Of6E42fCadtph3Pv8ccfX3383Oc+N73tbW+b3vjGN9bvD3zgA9OnP/3p/+sQ6f8N6BIKXPnKV56ud73rTbe73e2mu971rtNpp51WmhxGxpyEGcfIFE8beNC8lZn5jUnEs/CkZqpRtjJVYOiUVlWCtpTMnMigGslr2jcwMy+EkZEuUPhlL3vZ9NKXvnR6//vff0nop4/b5xQG0SERawkRsz+JXlto1GPqayjvO2k/UTW/tx9juyNCOY3jOMZ2877RDrfNEeFzQmeNEDHf7O841nx2HMtBrom+Of4lfhkFWS2b39/4xjeeHvCAB0wPfMADp2tf59ob36JpP+x1+5Ih4Tns20GUa8Sojzu2MXOzqZNO+ipHNVjf+FKRwDBpMtouaTPrVWrAc834LGrnM5/5zPS85z1v+qVf+qXpn//5n2tcetQOdlTx6d2vMawT+sVi6HGinKw0j8bJSqEbr6nlRoHMdpcELJlriaHX+pPP7Wp3aZyqfq/lPY5j6blk6F30SzPB8CbPXvOa15z+43/8j9PDHvaw6eSTTy7GhnnLTG0RsTGaQTugOo6lyDwHHnqyRzv9qHah9aknEnpGCRurPMch3KXNbAawJrZ714bCYObXvva102Me/ZjpLz/wlzXfOoBp6yVDyhRLKDCib/57CbkPynxrTCnaHS5zHGSS19AuUXtJEJLxDlcDLbWXfV0TvLXnRg2T9E6aJjM7bgHNZM5Xf/VXTz/90z89fcu3fMsmWdf8EGLMFTKNRI4OYCbAfK/x69nWhqG9aKRjzCiJzJmSzfAS4T5UAC9+ylOeMv3CL/zCHMc0spGEGAe+S8UuoYdofzhMlwTeJUBO9pJjtwuZR0EbJ5rra87i2K7/XkPt0VQ4aLvjHPhcvm+fZtrF6AkG4xh4TltXGgtwj370o6ef+qmfKuAz/u0cl5nRAhMZRdOa4DeojQAQtCjBIcrBw7PN3GOIShUd06tUFSRhsJeRnDPPPLPVg3zv9OpXv3qOw5rdGlEznc9djJZoNCKThF1ihmQe/hbh9PpT/S0J2poaXft+TUD2oXZqmJFGu57dp0WkyS5zYB8Y7BLesa9LwjzO61J7Ju6Yj2/91m+dfvVXf3U69dRTy+wgrpwO4FriiHazxKCcQtPEwHbagDKzyJydMsNFpz75yU9O9773vad3vvOdG1uo2Ts5WTlgJ8P3rDE9QmKNxojoB1HdSyGrnAj6qfYYiT8ywi57cs0ccPxryLwL0XcxejLziJZe8/slE24X7fb1aUnoRNI1LbsLeERaeAgeIwpyxhlnTFe72tUqsCBaj1lZnrP4S2vCfswMXfZNs1vSybNRbWYJxL3aQeecc870zd/8zVvMnCpRAo4qWHVz05vedLrhDW9Y8UrUx1/91V9Nf/7nfz6dddZZ9cguJ+sgBL7BDW4w3eQmN5mucpWrFBH+4R/+YXrve987feITn5jb3xU3XpvkcYy7nKdRu6zdm9piZNYUkCV0PcizoyZJQd7Vp12MfhCBXutvCiftwBO3vvWtp9/93d+teDbP4csVD5F5bD8k6zK9nvNQvFsmR68iy4uWDVqcUgTuqWUdQDpx3/ved/of/+N/bCHzqC6TcHb8Xve61/TjP/7j0y1ucYu5Cozn6CxM98IXvnB61rOeNZcZjqi/j5lvdatbTY997GOn29zmNtMVr3jFrdtJ5rz85S+f/vN//s/Tpz71qbn4ZkmV7mLUfap9jSmXvt/HkCNNl/q61u6aiTJ+v2QW7DI9ZOY1QNil2Ww3hQXTAdDB/HjFK14xm4rew3sE3KyO1PauUolyCnuu3gGKzGQAE7U3/LypZT3hhBOmn/iJnyimAPYRgBGFR1NB9fuf/tN/mh7zmMfU7XSQcE2p//ZT9byt2orPH//xH08PfOADK5NoxdcaI4vmtPdjP/Zj09Of/vTqI33lO+s26IPRm/e9730VF/3rv/7rOTl0OIy1xrAHMYl2Md8uW/2gmmCci0uD+Evv3IfMozYY+7OktZgbmBpeetzjHjf9zM/8TDH4rKU78Bo1k84CbAl9+5LP/D6TJtbkKn1KRxUhtWzPG97whjI1ZErbSMlLhhaZf/Znf7aQsxCXQq2mSsr8aD+WBdKWTPiWt7xluvvd7z5h2iQS5Hu0xbj+0Ic+tOLfFj6RiSp1RSq4V31Z4XfSSSeVNiCT9dGPfnQr47mLcQ6XGdfQdUSpfQi7FnnZh/hrArLLvt9lguxC5jVtIA3WtJrfV/q6O/Kve93rpjve8Y5zlZ6LGtKSyJBeFUyNYTtuqAxgX7kgES3XBN1IY3/jN35jpa91vsZJy4GpEu52t7tNr3nNa0oCresl9lj1uL0KLQfMfWQcCQM+6lGPmmuzR5S2Dze60Y2md73rXdU2DO1iAFd22I+zzz57NnMQzjN+74zp3ve599z+kTDzLpNglw26y47dxRy73pfMs0sIdqHomibcZ0bsYtiDvM8x0++v/dqvnf7kT/5kU+fcmbzoFUBI5pCqQMLGhdgwtF5j1kFryBtpEAWwqVEFT3jCEw5R00tqLicTiSOnX8tvmsBU+Awzoxeta/xTqkuJozUmMDbOI2iaJoGMJ0O/6EUvmr77u797OuuzZ22WVPXVEpojtIcw8r5aSNDLGJH8297uttOb3/zmQ3yBZJxdiHYkKGnbRyJAOfEj8+26tu+da4wsDdXIS+9cY9h9Ar00fk1MEi+Pf/zjS6OrGexDVds1PpKZa2xwMxdcNjXaRrNpgO3ZGORf//Vfp6/7uq8ru3bJDsqBqj5gpOtf//rTu9/97kJci+h5PmudfVZtIAMhoaRKn/Oc5xxiS4sIp5xyyvSe97yn0qrY5K6WmBmySfXnzt0ws2EgnjU0hAP6yEc+cpGhd9mL9jk1VTJNml1LzDI+lwK7JiRHqtYPgupr77w0ZsYSo6fZIB8lP/k+5vPP/uzPJgqdTMzAH/Br1ZATBekVlcVvRDnk/gp0t7BIFWW3D9/zPwjGQzDCz//8z5dDt8tJSzWq+v+2b/u26VWvelUtl6EskE8xc19w6TMVDjTq0sM03PfCX3vh9P0/8P2HhPHsx2nfcNr0R3/8R5vC8/ZjOaLtus7PuKWMRn9wQknX3+Me9zjErLk0an+NWS8NY+0SkH3myxqC7kPtI2XmXe3u6qvPyTvPeMYzpkc84hFVW18x65Z4mRdENH6tktj2KQ1fiZVemLT5FtzeLDviQV5cKy36ejnCbH/xF3+xM9SVUm6i5UEPetD04he/eLPYtbU5r/OLDsF0dA5N4MTpHP72K397ut933G+uyXZytIvvcpe7TK9//evnlepJzPKUm5CSHs0P47YykNj3zW52s63r+5BwH4Psu77mrK2h5EEYT1NxayBMaa99rkkf6sF3mQSXNpqxNJaDCqWBBPIIb33rW2cwG4v6fUfFp019SwCzZxLbjBoo+Yd/+IfTne9851LLaVsn8UbiiKD3v//9K/arQzauWIGxeKeLBSQ8DM29L3jBC6aHPOQhh9jtCgzx5j/6oz/aWtRLG7kCW8SUoC4dI4iP/Uy0w88+ou+KAux7dm2S9wnAkTD6LmYdmX6cR5/9YkZXdjmVvD8TaTPqNgGkjv72t799AVAu+C2ztK8yLwDCKdRWpeOViu5RB6WT72BoHEEcQgPguxjZazIRyE5cmXdpW4s41sC6AsGBwDSUsrKGD8eAkF8ypc/T7y/5ki+Z/vRP/3S6xjWuMdv2DJ77RzudPpg4og3i1c9//vOnH/7hH55Xq+9Dul1MOTJ7Iv3acykES8+vMbNtHy7THUTlH6mzuquv+4Qyr8sr8B85D/IXbjshvegjPhM8W34TCD0zdON0Vzwbu63lR73W+U53utNEXHjJfl5CpSQaUsWzN73JTTdrwXoEYl4E2ff4qHbaz1EXbxw27e1b3vKWlbJeUpf2n8Koe97zntV+Dbw5DC6Jn4WvmVQs2jWiY5jyPve5T6Vcs8ZjSW0fCTLvQ8m16wdhupzYw+3vGkIfiYYRXHYx85EIiBr4tre9bWngBEpNRn4btZpNDiML7m9hSIsGYGBCZsSeP/7xjx9Ch32Et1NU4/3ar/3aZLkpDiDIksgsMbmGvX2FK1yhTBUyhknoVE3aWsS5//t//+8VmhN5fUamzw10fPfb3/72CWE127kPnQ8HQQ8y0fvQd6k/ifqHa4vvErB9DmCaAQelQ/LHPg01Rs6cWzQwUbJrXetac7TDxduuMi9aY3JU+jn2U8iXEmID5d7xjndM1EeML0zuXhqgtrAM+Nu//dsTaEjxEd/RGXfs8XnXnLGa4cMf/nBli4xB296ommTYn/u5n6sojGvWKurRHaJi9Kaajr/88eU8IkgszsV2Bv0tZ9yFJEvXdkUzZOjDZbpdgrAPQHaZIbv6c1BmXkL2S6NlDmKi0Le3vfVt02k3P22jufsuXK47rBoPMsKG7SrU1dZ2bRntTT2TicFc+K3f+q2qe0hirqk770lElcgwKYVHFKAQUak4t/s0tA4RRuM77vvHf/zH6du//dsrvqyZswtdvPbc5z63UuB8aEvVxHX3sGOcFCZ9z/d8T6H6WhjyIMzjBK8x7eEy874x7qP7GsgcBJlHbXAQc2mpP19Mutk+BUsUw2VgYeaxXmc0r/p2QxaJbxQDGxqnzPSzKLYmVYksIxqoPmgDIx8njMD5+KHDr3zlK2v1CwitXbuLccY2vv/7v7/S5SR0xg9MTtYSR5MQJCFEGd97903kEkrlePcx5UFQaQ0JD1dA1vrq9/uQeU2ADqJFDlfbjTTkeTUgya+HP/zh0+fO+VztNqDwgcy1sY7lo6rx6nj74aJ7noGixG9ZIvOkJz1pp9O0NMBxYpN42EXEj1lbBiLjzH3wgx+c3vSmNxWj8RlDbePkpI0s8fyOslFCPTe/+c0nMokMGNMF54LsEx8SLaqwtbYPylhp1/7vZtjUhtnf7NOaIGiuLY1zV5ht1zv3Ad5BHETb1wd72tOeNv3kT/5k8UnutAWPkjMpPraWQ8ZjcuftsMgQkp5uNvRTn/rUQsxckZJoplCsdXSUPNF6DT0q09er7pZsVAe7RHCumWXahaQ5IUu+wdqY1iYyx7gmBGvMsw/R95kZ++i+xGD7xuEY1vyG0TxZG3++Z5+ALPVTc/BpT20M/aSfnFeJV/+auUpo13zFVrWdawcJqbX1K/N+cDA0zAxTL6nnERGWnMOxowxStF6afJl530SvTVRqi7Tn/LsKo2K1+74xZHuHq0YPYk8uMXqO/UjQ8CAMeyTmi6g/xr4Pog12aa41vjEbjJXwxCc+cd74k/tzH496P/tyEKoDlcvzZ1um2HARxEYtP/nJT56AfBja5VcjQu9Cw6WBHERaj1R17UJI21wj4OEQPWmw67kjGccuBpHZd5kLhysEB21zCbl3Ce0+gd6l2eAR1xyyaIPknnva4eeZaHGP6s3edr16CTU9r67ty61cQi5CjyZHEn0JhfdN8i5VuBYO24fau2xFGWC8ZynlOqL2pTEXjiSTt8vMsC9LtNhHnzWap/ZaA4R92mkUooMI5T4eEaGf/lONoZ/4hGJi2q3CObYT6/t7l2A0B7Cq7fAUyaxV4VIvUGISLLKXoTO8tYtwB1HRu1B0iQH2tblLxZpu15QZkXUXgi6ZI75r6Z2JSPsma5fwrdmoB+3r2O8lZJWmR8rMB+GBffb9ruv0b7ShyWG4EqkK2VpW2SrRS1Z9syt67LYOQ5nJo4Z5ZOgjQYE1hkxVJ1KuIdqIsPks7VfopidSckLTvMmoTk5kEtb7k2F9LsfhO1NARhW75HCuoe+a4CXjrTH6UpvZl7Xrec/h2MWi70iDgwDPmnD57DgX9AsexPQl2zsfvVGbqW7ObamlfJaPZudotGos2g+10EC6NjQmh4PehaJryDNO7i4GXkLw//fdF5kCauSVZte03popwfcZmj0IHyxpwBGM4DWCEoSOtaETmEyDlw3tS7VZ84QiuB4mThvaCMFBohlrag8Jc7MQ7kELIDgibBJMwUmEkXCii6nQ1BwppKLakkCVCu8+g/eNyJ8olFrC9rxfhM0oSmoBx5BgYCltRl32qeFEuJxYn7P9ETAKzSj+6los6VWVlu0z0vmgfRllYqmUYE0QlpDZ9jQ5lhia8bnjbR1CZBzah132D4PxcuxrmC9NjpysfdI1DjIJeJ3rXGf69//+31dh0L/7d/9uNu7pJP+b8LAeIwmrLey9xZSxej1NgLyWNrRCUZMem066cFcip9DwXYYbZSZVnl55Mjp/GxlyLAquJx1wz9azPZUrrbdWxcOSbTsV7MZiXMp9OQwmNjI30+tqo1LHUeRv/zxLxnaKPr3qMs0fx+k4pHv1od3vdZbokbgiTc2us2nqJTM7J6N5tqQoxsSKy6941spKD1sqk8NG9R6zfliEJkND2GQtDu0kL9l32UmljTWCFBFRPbX2MSSzFK+WgF9kBbyzuUvzziN9FkbbFa//3zl+3uUazH3vZVsI9mw5/fTTD2HqJWZW6y0BoEmyMbEyb+TY9o+ZV327YmU8/kskQhpgYhn60mQKlVZWn1BrkfuXFXLFgY5uApnn7jlY0Yf2PCyGa0z+jGjDQgIsCg8+8ozAGbH6cjNR0o1ofJ/oy28RNtGrduxpP/PZeu2+Eux+cCd/b20o2JFyPqDHQ3j6dlciDxNmnW+ZJS6N62cWcp/L4zQTKFugoMxlSqkRpJHjFDF9VkCDph695730lWpFFiwbJpMJi+ZuYtv6yL+paKS/bMBIzY61Mj4zInNqj1G7zgzdU9+0xTtcvbIVtoOh87it0SbEo2RFB8a4W56mrZWTPnYkVb32OasOKExi4xg66n4chULdQZkZpNWQyOS2Zc0yIcajjt5sHuM1iTae7gSxaJNJYSwZweBZSmQ9Gap2WHJdJashYuNJbV0XZfIsp7dCszqAs9vh2R/+5jlT+U6cEaRS3XEyFn+7ONl1l/ZHhHThMkwnemseOjeEtWZbmarGfhybpoJM7PMK1/zO9rI0MzwQNJmnBCSWP5WQ94iDwEIdkNteZGHbGiLTpoImHWmXcVnLgWC5MGPsz9aq72K6vupbtJMJjHIcJA6d0qadSgdYdcAyLOKItXk1TElBVDvLDluOe2on9va3C2UlfKEWByy2g4iYLPfycAO/dAoTebhe2zS04hUGn2chirzas6Kuz1f2tG/tmkxZZa993xCIbk1uTrDCnQeNptabz0Lsx54pZAoXaC8DpA0/06eBAQAwX+Pgp9bXPHVBhoQ2lukW+gIe/aNPIQ3UTrPgtToJNBv9yV1AU2vVHHehTNPK/VfIPHNaMSuW1PACnPO7CwzlOcN2//Zv/1bAlFvsqn0O2cF/A3ebk19Vm5SPanJkXfKSEzZTqv8hc6CSXvU7r6o6aNBZp1OVBkGRPNqfl9P01cm13S+T0s8BdEFAbe3Vd6O0HZHek2DHrc2cQKVeBC5t0SdatPOYA1WwxKevPpemRJUQNKYSnRQCUYd3l4bpJ4N5UpV0tF2eS8ErTdAPRNWUSAZACDAz6F8JQgMET9ilbdfcZX9EP54FyXPnqhToTC3nfM9C0hrK88N5VnAx0oL2ouacuV9C5mx3ZHD6qRBgJRDpgE/gH+fS1Hg5vobtSo02wS2PtR+XW4Nuf1OclDa0am1k6CU7SEkkisH+0adc8ZQZWZKZXWGydXpAsylLpfVDJMtZLVi6pKx0y+7TbOlqC0Rnot39XSaA0Ino2qGJaLRbjNWzpzXJPfHEEjLUvczsOGBUD6Y3YpG2IkzJ9doEk8hK31JAAeKdoxZhvLOmaEKnT6GzaD0DDOkml/aTe3i2GJ0z0vPAy95X+mAtvIJH39wb0N1nRXDukZlp1zJOn9W2ZRwZhkUrf/3Xf32VBwuK8obPpuAn0pv6pjAJs9eUt6hMf/i/NCxhu+ysBrfhHJA6Eyu5EXmisVKd8VWu23k2XERKCxEIUfXzmvk7mbnsvs60CJPbG+Qe1UqxC2xF17S3mRAYxHCOYyzTpe8U5eqVHAfjN3C/5Wx0R67Cmk0r1IHunSklrKit06lNzTvpC9fn03b7fiSlBakaa8LHsPPgU56bN51ka7PG0CkEjCkjU6JuCREM28ZJm+MRI15jHPZVGjAm+ukBPaONqqbgPtPPaaaaxUthp23uZwGzWy8bRnT8a/yzhND0T19A+swmrFEO1Rq/c+tZXpxx6H2roiWqBJKhH/zgB0/sPcfEGdGoiWxEZzDzRIZD5r4ZIqyo5ETyvMijEMiwFlUpgEr/bKc39M3d30VJk0qHMEFrwGwU/Unm0cGTdhkB4bs83SkzrTKPW8Zqo8oACoGOWjFq32JiRmbWZXJ2dkdO6aCD7DVpB83sL9rHI9W8znPQYERY2xfxt9bydTPDTTitfJMHDP2y7+BLXvKSOfSbQOLfav3UbCK0NjT04v3OZR1H3QCy5liGpjMg4nGX35wmWxe7ukOVLTmFMsmS6SGS2BlWfBPCoRgbh097siQdU6Lby9pYMrqSnuZM9bWHwvI5VaXILKIlYRN9k6BMZE1Ic5qKCUI9865zzzu3UK92wmw/hUrd+3aSZ02BedLHY435fHhpR2baQPtlVjYn03JencP5Wjd7Zn+D6EoklER7tEMKnmOl3TIz8BlgAnby7P0VmWXmVPtpvqTfAJ3QuklXfQhNigo/tn5+3/d9X7SSKNsAACAASURBVIHaeNzIkl2dcyMozitWujZzobMRpPIDSKxog4gEEkhzAI9Shh7tHgc9MrUOlgY7i1FZHKuqGTeBSeK51UBOiO9NZlbla8PKlHmGokIHkWckDHuymLJNCAzLJLskPs0w9lS78KJWF96eg0ZeK7RrAgpj1jF4XVB951xj3qMr5ag1BqqxNN+A6AF/JzLLIMb/C0F7KMzxwsw+JzPUtQZI+Az0b8lEqyxfe7+LobW102ZmfGn7MhaZmWdJYNgPBVpkHuP3PKuJAg8BajD0uEZUbScTJzrznaBogT/8wVyXv9E3a/SZYmjPh0tHRceJB/Eol+LQSyrDybSTeqgyNERNtZ6dTxNktF9FdJE57dc0F9I8sS8KLPdtoUu7QSGgvRKgHgvnPTWRjWGZeO3FGlf7+cIFzRHpkSAIbhjRcc82c2tTTaHgaTKpnWb0bS8nklObEbZIxZxUCjOMyeS5int3+1saqtV8LkFiK35PAidqOfQ3PNQywanCiKycbz+egqZAOw4jLz6XyMx3Zd+2/2XoXZEytUVqK0FRhiZsx/iZr7qv02eOcsDQhsKYUP6tl88DPJzVdmtRDhk8UXxkaE6YZXBuYp2T7EaOIzLzPu0+bbeaTMJN7QcGYDJVzylUhsLo01IoTHssmcD+yzzjSUvabrwnnSrNDJkZuonoaZ7N4UBiyX76lg4V927fi3bSh98gM+8Y6aMmpanRvuc7+gMd0haX2c0sjsxc5mbrS9rMCoHIbEzctLNtcl9lntuYCpjaD+ORodcCC8k/qflFaE2Os886ezrhxBNm0uk8I3hbmzXaYZ0fVCxq8iBRjlQXKeFKo7smsbELmyOm7ZtEN/IwhqW4h2vaS75PL1cbNYlqxm1EUAkuM4t2M2/1yAv/zo0BNaOMrsggaZ7M59MEMle7vdhIFE0zg/6AhJog6VOkqcV9lV5vvzVfDBUKPEt0Vaul46zzrGkzmhnGtmHEEfEL8JppY7x81LIzEHTTDvokQ6fJkbySflKCkqlvnUL6nOaNocJ6Zo5ydO9ZaS4kbE4DEsyANDkON8oxIrTOw4hYdEqVNjNWswlNLeOs5SHnNSHNOYAJCgmbLYUJINOJ6tqal0Dhxq5jnLxP00Zi0o8lTeF1nSrj075PIanQXGNmBU+E1Z6GHmMojGtV9LMwxjRPMvJSMtLpoyk1MrP2qyo/1fhOM6NnbNUUaadrotlmMqFmIc5Z2tojQ2e2OYGwxhQOrtd4F/19ypNbgf9Tnjzv5l9A0NcVzj4FNrR2iw6XalTblH/vinIksiXj8LedJ2SDQ0DHeLk2sO80/MYzopLqbl4a1hvnOpMFM1/+uMY8zXFK+y2ZGdu3B20K2eq5viWrdm9ONGqdf48mkZOlTTjGhEVmnbFUn/SHvjKONHtoS6ZTM2VfQEKcVWg4btSeSZwxhMa7bTdBIs0MgGIpDs87uZYmmkIpM2fyp9ok8tLKWenr6OSWw9n8ECJl+FG//uu/fsguVfLfmMMQ9MawXSF0c8DRIjOPNB7lXVtHI3NxRpeeLdQ2XYtyJAMvSdeI0AbFGUSFnlgR049xS7upPPL2MRSm9OogJFNKCAakmeGEpPNjGtywlG1qE5rgmZ2xPrh0kBO1EgikneZA1S/3xEu1G+OsiWo/qG1DT2OEAFp4jjWlB+Uz9MzijMytDWgnAKQWKVQMxC8TriEnzKqppZkh40C7Ypb2XEZspCvPGQXZ6k+TLrQl70gfJ01Y+Or7vvf7phe+6IVbJcijmTECItc1OeBBzA4TWPoiW+YbJocqr5yqhnYc2lPJus50GeVIh298ef7bjtoZbWjTlnrdh6jRHvgfmVmiGyWpDGBDX2zJPBDUQWY0Y0b0xlhk6pwsGS4TNVun5vYiJOOq6c3PaNeZwOfSnjZUmAfbSBf6KfMsCXQxc0NmGMH3S1+zg9rT9oXrziWMV+Ps2yHzXs2MTGfPGjG1QfedeEZm1kRLzZT9QQsdog16rJ33wkOUDLP7LG0kGo/IPNrkgqI2tItQSnO1vm5Oju08215WcWgLV5Rkzw/k4YxDZ8jFAS0hs+g1xqElqpOVzxrv5NkxIpETkgjrZNNOebkRmktVyTi0mRPRGbvRA4ieqC3aO7FjaI6x8LzOatLDUKEOaZoSMnOq/NROlvMalkpHVx8HwWSOUoCqP82PQBvwXgVW09FaEW142y3B6xlc9+32mjZqIrPgwm+ZKwU6NaX3cl2GNsohyi8Bo/6AwMZcyNC16rvXiszz1bQPY98663u2NTkMs9snDHash5aIax1KCctMIdKpjboV+O82WDlcPcRTTtUmNDAvBWNCZsJa8xGoVLHbFvgfmXJkZhmd+6j8M667eXAj6dq3/F12OF/3jBp/z5GgptVkHB3EChXiTLe+LDlqapFaA9czik6qSZORmbnOc7SdzyXi63yVLRl9Tdt3dEg1M7h/K6JDXXaLiZsGh+7Ot+1bmmC4NPmCdvl3lTl0gCJTSHKNPijwS8w8fieIPuWpzSl80pPnhQY5z9j+nHJ2ySLZvhzcm8yq8W86nFGORMV8+agquGZnTKywsyiTldEBHZFyuHp9wYhKEGjMfsF8EN2Utapb5hsn0n7bT2Ol2KiOu66x+V8XrqrZzkRE43Bogy06T2RPZycylcrvqlXmqud6vTeF7zKzZlxGV9JGpW9GV5YcQM2MJcdyDGvKdGo8nfQ0/ao/PZNpVCbNgqoxb+NXOzmX0l0togli2a8MvQuhRwGnTU2Opz6lrfp+8pPmrcBSO5ld3lpTCBFNmjgJGvoyNJ2x8GUfMydDG+XQKeSahLPkshxAV28Alj0KwDPGmXlO4rrESQRIgXIi9chHBrGKbysRgabAdGH31V7vYPjNttPfSH/CvyshNTiAoqvpWlErVX7FbtvYL3/8Jvs128VNuHAe+SSCZn+gh45sagTRdwzbFQ0jlqy/kf0Za0zUavymfNbMYdJHk7H6E6UAao5MfevYyUOOZ8l8laFNrJTv0ZNS5f+00gQ0aUWmstqOl1iXQEe5WWLlIlkjEGNnRLlk9DHKYS1HMrPMM4bCYA7+x7a1P6KB6tfgfvZFxxGHAdRWAJzskZl9VjvcCSgHOYp3tH3nQiNWXPcPz9Y5eu2ZQ9LrTUDGMJkMwrtQlWQ8y8zgp0czaHq2mfvxwHmNcarWxyiJGcCsa5FpypzsZ/1t0bzXn2NPV7q/mQb5KVOqL0njOedEcKI//J8CxDuttlsL24nsS8ycoPhTT2+bNT7hifN2ulxD4/MOzOJqpxgaFdsGSGdVlQ4EwsAUaXI4KAkko2SH/E6GRt1QbWeUY7ZRWb3RvPHMAMK0hthg5gxLpYOTwX0ZRGbmvVlbrLDJINqhfg/RaUMGKZuRnx4lyLiuTJBMachvTNSIkoxvZpBup/NubWb7OqvRbvYQxRlrKET82Wbuy7igTcV9G1NVuLUJNLRN1VwxcY6mHhI85Qf04iZDnmn2Ffpa1xJ7yUk/bWYZPf2Ucz93bm1QrskhTyQIrTEz93i/mzUyPuipPyYzzwxdXi4nU0UNgR3le5BjX2JlqUMQ2LDdD/zAD9RZgyI07VZniZW6orkxlMwM0WFmnRGf4z0MSDMjbXFtZh2ctFF5Tjsrw11p93K/UYkt5O3F+btqM5IJRJyKOjQ0BLVzdXpqCu4lYsG6SoVHhuV32rYCSGknivOpA471gSXsDYBcA7jlAPYaHX0j6ZroKMOOiSz5YzRdnPMqBWjCIDAl3QEQ6M7m80Y5MlO4Zmrk995vcZKakn7BzGlmzVuBCe2G9NzEhIeXwnZO+NpvOyRD/+AP/uD0K7/yK7On7vuKmVEV3Svnfa4016kyilAbW+OA4TW7sWR7VlTKKIgCaT/KzKDee3DGRCWFTw/ecS3VZqQ9SV9HtJOxrHewNoMJcCzlkLbPqEVkZtoYbVuvlTPWIi+u+rGvhkTn8GSc0mv2tASoV6mlzZyMPs5pVvhJV7Wm2jrXJKZAGyqkTzJ0+h4yY75TXuA7acZv9+WgHkgzI62D0kSZ+k5p9YB5OrwrDr2GzH6vuhChDZOZXp8XaHbPmYmG4Ikg9It+qEWMUctYXMtVFkvMzHdpE0oI/QFVZRJxLgFtCOqe2bMd2ldSMzluGZATaUx8zDpWXLfZ2jDjWPhUDhd7fAwhtC1k7g7XnO7vNTgIOwK0VAIq7TR7EkF1DhlHxtllsIxYCD51ra9J1McaQ5djKQDPwgOYnYnQo/DIzDrGXJ/Ddn2zRuxmcwbO9VwijA1djNHsMB2ScqK6M4STCJFyb7td5aOjxI02NAw9FiHRKR2KKqJv8Vv6xHsgFL+XGCTtaW3mFDBVJd+V6u4btaimDYW5hKdUfo90IDyGCkf7XtNmTDYwDuPTbhyfiMY4Eu1k1GQe+roUZ9YBrEhQmhn9wBy1U6aBSzhbNMMz2xUugcAKPx1rq/GY+1xNX6HCbqcr8AKeSZxaz9k+9A1mpj9uSgO96Pdocqyh8wiSIrqpb6McahgTXPXvNunF0H7KuG+q6uijNtmminrE3nZrYTvRyQm0PaXL1LcqqISmowsEgIEoK01J16uuKjoquNgEBnDotrYODt87kemo5SGb9kci6sTIzDIXk4oNuhT3NjIzr25pQiLtfA7iZohRopcN35yjNWRm/GVKtbGkTaiwM9aM0c/aoCNz2veOxTAa945x5qxSG6MZ9LVCsyS5+j4eo2YqhzRqRbw+R6bazkkAE/fRHnygU7iG0EsMngidDG3oM0GraAdDyyQyEA3Xqu+mFouQQ/no4cQQx8SKUQ4ZjIlMM0ObiT7orSPdmQoXmTVBlmxNs1hsSSXq8k7GU5sRXtx2VaUIJ4rsfSfvzVSugkffKs4cu8Y7kdqvY+TF63jkrlccQ3NqirnWGVuQBE/XXJYmpEnAdRM1FWvvS5Fk9JxobXivaU+PIU/5oISLsN0xl1QqugeKaMg43QiSvujMQ5+qs4lIiGG7JacwgXAEQ3mEd/HesR5agUVg5gW/wDNfSABtqSQMhFwK23lPGuYz1Pc/luLQOl46gNrMhdrtQ3vGSvlbdPGaKh+Cjlk+7VDutcZiVE1KvQxiij2TJjqkjieZICdLxlKt6hs4Fp7fl86mjSWhlHm07xO56Y+O3JJ24iy/Y487drNpz8KnhKibWDKm4Vv6nqHCNNFMDiV9pMEhzBymC+2NS7CSf/g7aWaXadvAgokV+kCfzEVsxb1BaDldwmqQV0ir1yQcbthOhAEF6MAYh05k3gruE3rqFWw6XNaYiLCi5FLmzKQJtjgappjZhEEPFRa6UCvSTa21VK4OCjQgfbsUmmMc2q+jkwddD7IGcC2aUQ5XX6JfzNxrW2pbhF4TXOjYs6sFBJ3RceS556Mf+Wg5i4W6VUK5MT+udrWr1Tnqml5qUp28FB41l8ysc5hAgaNbVXwkozoo0ZZAQH/IFr/4xS+enTzpKzKPtvPIQ0Y5ipHZEKnX/WxpWZxC7beRsNqo2LY6hftCLilZ/K1TJ0PXAJvdB4NYxjgPBIkmGxXMk+Aye+sNmWcnbyGrJroYQVH70Fbu4aAzXEmcVpuQ/SliU/7YTJOKJceGi06YJhH3jnUmZTO3kB7XlgqNEDxosxZnrtBcLDlz8jUzqvDJn15rAuLiANIXzlT/+Z//+TpoVLppzvHeq171qrU3Nxlg0u3MCd+roSsE1kOpaWYIPs6LppY2fDKlzjxtEZXQhl7iIQVoSZuMUQ4CC2rgZOYSsNahi5mwslE3ZttmzVpHF2466aSTZoa28V0dULLSQcN++q//9b8WUoxqS0LrOYuESm5pir5vBu8fmYD3wJT8XirlnKMZ3eFyjPzWzLDoxwlREKvwqdvwIhLPGdy3VkR6OFnFzO3nkNqM9qx9PUg0Q1oyN5XOju3CRCnpxFhgHKoaofdBPve4xz3qHHdtcPqfCFzhMHbP4ri/1Grdhqc/GfcuJdJN2NmEYLFsyzaTi6DaTk2y1r+Rt6Rplo9a4CaPaWrOcehZ/XZmNj1aan84Y2Vf2E4C81sBEKGttuN7UUDVpPOTDiDXZme1zSqJkZnR+2aN1jPX9lx9Bx1DdCAPYys7tKvDYuge986ohBMhQYl2VHF+j64kKuk45uTPzNyiGZg5W8jc975WuHTUUki2HC6Zh/BpezaRcMt+7UX0gsSnPvWpOmqanfSNGNnvRE99E+YZJqPOwjlXiMqBJprR6zZsZ8tmbjSvMGs/AYF7NNE07ezb/e9//xIe+69pm4ydzDyCRBb4I0TyD89bl70V5UhkVh2q+jQ59DiXpCuR2etOsuWj2pvahO7OBOJVXLevAVTyjE9XZCGu+S6QkD66dCwnL52qTD2LzLNa70VIPms0A+GoFRFDWJO+isxJB80MxoxwjdEM0/1LZoZ9ZZxjgkPTJisHS6jbj8dB0GcQ/2Uve9n0nd/5nXP9w4zw3B/j4HneAw3ufOc7T7//+7+/vYqk2agl+E2YdOJngW4gYfnsmADTvMsIikD1G7/xG9OzfvFZ0/ve+755oWsyddrtCjq/BcVcgmWfpLnj3zrr24mk43rHS3FoCDx+tLdGqbMzS+WjpXrYRqrZr2WH4pEPW3AhAKLJjMzU6/YQWhXvNKbLLJa7lUoMmNllOrRF+SN2upvSiC4SlHeqmZIJkumWHLksNJIOMtSan5LClUygQOt0zmq9x3WlhZEKGfTbv/3bp9/5nd85ZJ1hauDUCpqU73nPe+qcmzkkyw5PsaEm4zA0R5/muHffDcrxQnvuzdr0jS+7qdMhFv+ud79retaznjX97u/+7kZocHi7L5T99HsDC26na2JFZKbPtaMr/cUpTHuxOtP3miv10bdcyqORK+ge0r7GzBKZ+0XoCrkQfUBF9QB+2swKSkY6DtkKtt0EMvO8ZsbsAPY6X/qUaGd/l2ozJKpCkjazjKOmgDaG7ZIxxiROXtvFzBl6mpMFnUn0G5KZ1aLaz2bwePaf/umfppve9KYTm/lobozzlBqMv9Wgnqzgwly3jHAcvHc2exrwuFSLNjxkyBxDlgLQPs+Vn9RMROZe8HnlK185/Yf/8B/KPDK8O5ocziNtyNC+J1fM6BxuEJpta/s+a2PWyBTm4ZaPyiTGEHUKi6H78p6M3RbjIMX9SAZjrEi6e7uJdlloBMHyw3NMwpzONjTXJiTNE+24mYC9NsF9lhMpjCyA9NWfQBTevcbMtCEzr5kZAobjcIxpZmxVzfVSX8sCHAe/n/vc504/8iM/MtcpjyZGMos087tb3epWZXaomZKu7qJknBkzwyKx2r+7A1xFSBqN2Gfc0olxUxr6pA/GuP70T/+0oi0IY2YQBUn6yffQI00OtSV0FQjqGcN2vGjMKGmfEEMcd/CXYUeJHwk11nIorWVXjUv7ewy6Dr2BeXqBeaojrrEHBIyl1+2k2LbjGJm1ogAtczgeiGNYi75uMU8bjFGQnOh0RlaRua80MWQl0ifDmkETXTQzeGeug8wN6Okr/6tJs11sYY5Uk+Zbkt7/4ftHZmfcPHuLW9yiGE4U3ULmvrWZ5oXMaZSqGAvnl6qGHvsfd4MqRO+OPgGCK13pStN73/ve6Vu+5Vumj3zkI1sbOTrvmhwyNGE7tXP1s0fniicbcdq1jX2TxKmBNOOfuCYMrVOoFKUHvQsJvF+TwxJQ3pWbwPDvkbE2HaKXGyJYcqlUzhPW7oFw2ONEQTI2yT2qpjFWrPrO0FwyAW2CMIYCFRDVdFXGDZGXmWF7qWvWXqc9zXiWIh1uwZX1IPap4rrNRp0X7rKVbfuO8b797W+fbn/72y8ujxN8RvPDfztHD33oQ6fnPe95JcQytHMyVvEZeSoE7WUS9R5PMuurYhjzXFmJndx+8nwa+s7/IDX2/4c//OGii9Ggap+aojZOoxyfPfOzFQ4d57kEHYROe68G2dWaA8Z5GqvtZIYRBZw0heOQKEfLKJUXbzKgmxnjlrY6hyU4zSSiIGgpmlGE7Zm8YrxG3EqI9aQATGd8Vl+Ba/YrazNyLGOdRMbo1VxGghII+HstmqFQ8n5owPNpasxmRovmuHRsRHQZJI/Ag2GIbBDhSLXteJZMDa8lkJFveNvb3jbd8IY3LMEwMZIVkDxnmFW+GaMyziV9yX1FpD/P86xOMONmDO9573ume93zXnVgZ/bZuRKhceo1/RyHi3oPqbbjRVUCSdkom+2BpBGHttrOSUwmWFJndsZqO1VpMjzEs1B+TGfbH4gwIrMmBvco6SmcWc+MmWGgf2TmMaYpY7lBTCKzzMxk0FcnJ9E3zYFE1xFRvFbp577KmtqU2kCn17UUA7E914VthU8DmqyxQJDRSG9+85unu9zlLjMTjnMyatBkdOdBM+V+97tfxYoFApxuy3lnZo6DhsZFBiI62eXxI13lqTS19NX+7M/+bLrXve41fexjH5sfH8N2GeUo8G0CAeqXyVNOYTc5kEjDZCYTVI0Zhx6jHEmgEbmXwnbavjAWbdV6vIVCI9o9JJqx0NcxSkIfzORVFOSYzfl5yVwVXmpaYqziE5lTxaaQZMpaWzJRtFZDdyAYmZnQGFm897///bUkiYkj2cDkE/LjM651LIHpSQs1C+91XrA7733ve09//ud/PmudgyAz9yjY/K1Go10yujjxappkvJp7i5p6OQB843fe+9a3vrX2sfvLv/zL6epXv/qEoGBS5EIM6ar5Au+hJf7wD/+waOPcK2yuKTTKQb8FrbnKEYZWSi3syZQsLxvrodfi0EuobWeMQzN4J0bVBGGX9jU2+6PtmxLvSgrtszR1TK9rhyZDqvazQssJlZlF31FV52qSZGb+zgWk2U83KmSSvuM7vmP65Cc/uQVcN7zBDaeHPPQhZTKceuqpda3sx16INI+r70FC33SWX//611dUg5Olsq/JnIfAZGfepbmSyUmfc3wax1cr8EYVdAANwZXpEKXGb3jDG8oO53Agoxn24ZGPfOT0C7/wC/O6UgU1nUyYFZ/tCU94Qh3YqYDw/bzqu+UtiGKpDXIxxZwppNyQj06MNcQ8xHejU5go4N9LzqFhu+/+nrb76AtfVKoBVT4jc6/NcEKcwGJYHLIWzcgQG++C8SCWzJwhJpE5mVmGNbY9xpllIp6FYTRtKprhUW6xNGoeZ3dYrc0YhZL2aItwGAxLWrpCXsRkuxMuOJDU+KEf+qHpAQ94wHSd61xn5kNPV0jG/Iu/+Is6R/vlL3/5vNmLaDrSccncWLKp8zm1LE4mTH23b7pbrdrmI5NmIgvt8nu/93u1vOoP/uAP5q7KjGoC6P+IRzxiesYznrExj5rpouIs34f22cqszcGnP/3pOgYODYQAMz6r7bQiaAN68h7HWQxtKGgpbEdnUYlrJ8mu2WcykY7AVmKlb1MwC1BnGglJhwEoQ3M5mcaZZ0ek1zqkmZERgtGcymycfVRtWW2X7zPZQvtcz/HqHGnfp5Yw+sBRdg960IOmM888cxFFZSRtZso6Cb9x6u5tbnObUtfQkInFVgb5OI3X/SjWkPZwkTnvnzVoAw0+N7nJTSaKmIhVf83XfM10latcpbTI3/zN39RRfa961aumD3zgA3XvqB0UXMan+SlTu0EMzCyAepgSvPioRz2qEB2NAR+6cxJ72xlGHf2SqrZzAA6qkIkipe6oZPnoGPxeQwAJrXRqcmgXjdvoeh/XeX/Gi530ROZECBEWIo/IrECZzrYY3rEaZ4aAYzyYfizVMyfiMH6LcERevXaQGRvZzF06ek6+dBqZiO+ZyGtd61rVL8pADVvyfmOzuwAl3+F4dyH2iNyGZvMZ4sbXuMY1ii4ImZrB5EbZ05HMSoHT12EuQH7S3yaICqkpH+6ZXsb+J3/yJyXcjJ9n3NvOo5FH/we6H9UaaK+/ZE0hHYDwEt+l/2tnrOxSX7Q1xqFBKpfo5GSuRTN0gKqMsZsZqm3fbVp6yczg+XI6mxpbqpozWznGxI1mMAkic9niQ9XcVoy1VyrSLxxAzrcGTZZCaWsIKmPzO30V/o3QOTdGV8Z21uZjDclF1NEnSLQVZaHViOQwm1V5aqjsQwqD1xkHDPqzP/uz02Mf+9j5kCTDxbwHmuNvfN3XfV1FPGjHODTCNG7/IDBtVdsV8pDKbHZuSjeTdpBTsOxwDmJk6HPOPqeC4qKcDCJya79qKhCNcEd5dxfN9sf6aidGdKmkSd/AO1FqDZkdw1yS2gibglfagJJUohn9wMt0OhnfiSedOJGk+OVf/uXVrF1Oepoq0sU2k0l4t071PmR2rEtzMjLlGmovMWYKnEK15DuNArQ0RhYZEAXBGS5BZa1nP1nM+uxb3vKWE6E8Ppn6zkgZ8+HmOjNDVwf6VlC8nAckLgy9lPoeCbOEAmPYbiuG2BsYoxkwi2G2cg77LkGqNd/rc5oLVV8Q4blMmiTR5zhzQ5elxQKq9kM2gen1HqLlyOgQFZThORwqbN4y3SKmvISgtJOO7S7T5CDMeJB7DsLoS/M5ovASM49jzv6kGQO6E9477bTTtswpwRS+g45vetObqomstpMX1MC0WwENq+1m56cxhAcz0ohhuyM9NGi2oR/cohy//qIZYSSWtRDWM2u/c1301UY9JJrRJNNUdxJWJ9faDNtUjVc0o9eRyGBO1K6qOZwYhG0pxFjRlejPt37rt06vfvWrt45fcKJGNaw2Urskutq/NUReE5Cld11a1Fbwxn76rmTcJWHwPhme8Bwp7+tf//pzYi3nmL9xRN/xjndU0+M2BhW14hi8qPuZq+0o+qlEA/shN1TxAzPAGAcxOcYB8e/R5NAJUIC4xwWt1m3IzEYKygHse3h4Nol1G1wT0ei3m6cgBOkAMgmWappVnM2eXj2XCOuESIs6Q4RD62OTcq+l+UL/AARWgbBKh37oKO1yyEbajbbt0vVdTL7GUP9/MLp9HTXLUp/lCZgRh4+ojYADBiZ0xAAAIABJREFUYxrtYG5wpr/hG75h+p//839WU4nQjN2aky0tC0LP2cG+uXcSg8lApcvQY3ZpiXApEHrjecYK11Xr8zEQYWYYzch48cxYfU2iO2umzUxfM4U+on1FQVgMwHHDXWhFCxe0Lq0kd3tZmHNE9NEWd1JpjzgqoS0dp5FWa+ia9DscIUgEXjMF7MPhtLvPPFmKhqTgjGaKNKfAH02Gv+JJvXWtHwSLfQ1CW/YrQhsJq5xBm0+P5qAfRzU1uTljpU1ywj0DrmNxm4MI0+06BWuNOAzKxIprClHbrKTW1kxi0Y5FMQbMU8qXMoCpSVwTZwnojKB9dyGXeLHTZ62Y7shcQtBrndPbn4u0Ip2dDqDZszG4z/f04ZnPfOZEdkwtlRO/xiSXBplTpcs0u1Dcd/HcWtSEaxlLXkPdfdrC5wQ4GPWNb3zjxlfr24xJH+YZs+75z3/+9LCHPaw0LaA7b9Z41men447dnDGpy1T8ShYahE5VXx1r/+FtVpim/U2W6HBMjkQeU98itMuU6IwD0LaFEYyx1oqIiCbuYmZtZp7NembaNXNoqluEcpISmbeYud1ojHVpfeAhyBwOqZlD6nZxeP7xH/9xiyl2qehdzLNmLtCe6fBKSg0ftI6rpOk3u3cuMWZGWBLtnc+DRDP2aQneAeO99KUvrexplXxSedl+CEqUKdrMX8bzzd/8zVXXMWcKn/a0Ck5AV/IUWZHJuKo0gUzhqAqNAhSRqPBqFV1jHHpX2CgZWnSSoenMIYda9ugKbY6nqdK3qv5rRMg4s45UIvpoDmRtho5cmiFrtRm805Um4yIDr+ksZ9o1+2qxFXtjPOYxj5nT9074kmO1xrCHcF//gvHKIN5DKOzmN795ZffI6l351CtPJ518Um0qIzqSmCANT3bvfe97XxVLYRoZ9y7VvRKdcd7XhHKXeSIvEFt+y1vesrUjVmmJfugnAggjf9M3fdPWPobGoXG+j7ns5sg6+mq1ZpmErYO1BMsa4owsSKwsH9Ue3GVm5DURei7wj+LxtIt1AHUMnCCYGULnccP1HFqEgvdmEmWmTkIzDsN2oyNH/2TmpVhyMrrCPve1FcZAeN+pdlMb8E7rYRg7SQGYy3VzvHtU7/vMjGRohTaTNaeccsp017vetepAiNvC1IfzQUvB3Ni0pLFhbj4512nXj23nfO8ai30+/fTTq6jKqjnNBYUc2n7bt31b1YekxpKheS6FrvYNbLSueU6EXsq4mZ1b2wosVcyI9Px7jHKUiunF91wn7OLORNZnJKNbHCUSisz0K23mJPIslP3gmjGaoVrODKDmj+bCWjSjnORWr+z2sY5F2mlP14Gg7GrfCI0wU0ppLfkaAyzRL7WdCC7QnHzyyVXm+ZCHPGS63vWuN5OAPlLrwWesT5F5zAdY8+3DPMfiVezXd73rXfU1gJYp7TXtskuIHAe1KoThrnvd687RKTON2L6Yd7n6hjYdbx4aZPQoy3lrLmTocWVHOT997+FE6DHKkU7SEmqL0DqFhlqKmfuRDRSQb1VMdds3mdnogYOTmZdqMzKakQhL/3btNYcqQ1OtRTMUbkOFRcBOIx1BM1i812qw//bf/lvVAi8x55p9KvPKJPQ9UZmCJ9LGN7rRjeqWNBey2EqQUDNYQsD3FgXxPN/TBvcRH4a+ZDpZDf4v//IvpSG5vpQdXDMzlnwpzIjXve51czv6P/RBk/K7vuu7ysaWd/ztkRQitCvUKWIzGVdOIYOx1LEmpJsgDA7iXJqjkbXbXPWt41fmQpT/LSEsgmTdhpIKQbM2I1Vh1cf2WtmcSAm7y2belc7OaEYtsO1HR89CGfvQJcqStid6hLnB9gIwRmqLfcycACEzUxhE6SgOFR9LXqUP8+VcpsbDTKpjRtr/nLhFP9zMkr91nnlP1r0QAyaNT0RCVFzKZI42d84n14x2oen5XwG0NoU+oE0wfYg9CzzmQZhbC/zVwK7QTx44qqn7i2tD8V7BpdMEUxejNwZZO2NllwOgCncgHklBTNcDcrhnLBjKemauzU5Ig07MEwUikZl+jDuEyiz+3rVx4j4H0Fg8iNZYouYKYtIXGCg3Kkx1zHMyOLYtBUsZ2dnlGKZg6OUT6mI1yQ1ucIP5WItKOrUP49TTpz8yc0UCWiCrIlZ9reVYQsCci86F3Cxlau0RbcAE4Br2KwX3GXocmTb7PGoYGR5zBm1l7sMSC8ENYUXzZOxeHnr6Tz19esITn1BRGmiiw+67ylpoDVWUQ+a0w6omfoPQuUg27eCl7FBKjJ0RoVng6AJZCbdmM2fKujxgUtYN8VTr2q+FzP0UrzFsx9h2FRrtYuZE5jIz2AAmmDmR0Mm1yMYVJ4QfKVYHdT70oQ9tIfRapChVtcyMqn7FK14xYTcjnCQU3BuDOROZPdPR/tCPeRPMhsyZb7D2uFR4P5LERcZl2rU8RMXo2xgwOZ797GdXgT79U1iTqZPZkwc0S/lNOQC11US7PMXLxAhjhaF/4id+oswP+qXPxN/a0Gef1c5YaaHk0RdhvrYO3mSAqgALfawqG8N2StySXZiSOtrQVf3WUCCFiDYwB+j0vD1Xr6k1Jk6/XOozozbITD6/b02WWwZknJl3HZIB7Ptm8O6lSIdp8lr00EtG7TPvdLFvahj6xbXqK8jZ3oF/QLUYCK3w70pijAzCvayv+42X/cbGGe2pdeuHNRfoj7RLxHLrYmlndEDTR2YuenUEtw8WhpXw9G0XsKsxQZhDeSXnUuYdTRBNJpjyiU98YglK5SK6IPlOtjG44x3vWMLPR/OH8Zn6Rst7/qI+lTSdGdqOKBU0hgdcW6m2F4+LZGXaZOglE2SMQ0Ngz95wECYpdArSAaQ/ENbESEpllo6mGhVBVGtL6eyDRDMyHFjI3GOevHerP/2cdB2rMqVahKVUdlP/rLFjyyvGp2OVjLv0t3Rj4xecKNqh/doWoCdxyixotOF/T0GYoxHUvrQfN1sc3wEdqdWucUTJg3Pogog86kLTC1uWBIdRmxSgfE/OlQJ0pzvdaWItpB8Zn3uhK7wGM1P8T9juox/96HwvPAhTYwbXfoUd9BxzOfMU+Jed1X65AUg5Bn3ho4s8c287ETE7Nas4kbV/MTJ0xhC5ZVfSZAzNjbUZtJVhKa4rsToV41nemMBlL7Yfs5XZ7iEOYM9Wlp3etYE1JvlcbTaOpmi01LbToaFe4YwzzthZGy1AJHMQ4qJ08iu/8iuLTmoS74EBEpk1A9QamFo4pDDIJz/1yaoGJMHCKhicSxflWuJQmrPvycJ41TKGKNVA9INIBLuJjnUqo409mh6sfmKnJNZQ0l8ZvaJfnefU4B//+MfLGYWxWer14z/+4xORDs1LhQB6uL3DJmzXBzFGHeiMUrPrjJU1Zi6Ub0Si3dzBX3MgEdZohnZxRjPSLqZNbWYLlFJb8FyFc2Lx7RbD7ijOX7SZG20SmbciL33ZUDqkZaL0LBvP4bV/4zd+Y6FhMm2CQZpQydAvetGLpgc/+MFlb1qEQ9vazDIztDNsyPM4nzhfMMPf/d3f1XrG/ODkX/Oa16y0/H3ve9/a0wPBT19Eh1zNbfE9TAiI0CbP//3f//08x6P56VjSP+MdOJePe9zj5mhVbtOgKcN7Z8e2j4k+3eiGN9psxduiTYb8UrMf1UyKi9PhqhNa2ycdNR5YquUYpW+Lar2N0SmEIDCbGUA98mQ6w4jcNzKzTKdtVX3oq68hAqjENbZXreQGnm+vrBsPZc9rtkt/x5i4W/5qZsyRoPbiYubuvJjSV+i434NyFOyk0RIDqNEe+MAHViyWPhdSdvt2tJmTmcnwYaOyne5Y01Fhur7SvCIe8SGkSHqebRY81oL+irauYlLj0G/e+9rXvna6+93vPre7FLURoNIxRDtQB33lK195ky1kkazJtr6dcgl/w1pXK6lp3QqN57IcQu282duub2SSg3ZSIEyu+lZFcH0thJOSCWFAYsN2Ok2V/GiCcgjz9M1u5tRyEN5snCEbCWifysxoTga7D3lNZtZMWqzNiHS2TpOvFbVE5rQLIaIFTCKzdOPfrMag5lfmykldQzOeZxMasmlf9VVfNe/X7IQb1vS4OpkMZ41wFzXEmguj85kA5BzlPfe77/2m059zeqXO9VvKzGhCiy9lSE9Nw7/Z5AaTYE1g15xD9+hgyZrOvLuWVoStn005mz6dwRFscxgu19sCCeLQbkYtkbUXnYilzRqXHEAbTsKJ0JocbHgNcq4xiHbVVjYuqubSlEgGWYsza2fRp6VohtnKOZrRNQv3Y3NWooaTBRqDKiQzErFKmUNK+3I1/QP+zfaw2M4U/yQICARL4U7R2cke0dm1c4Tm8PLLwW59Q33/3M/9XL1HxM72EyVlxmQCNQ/aDbSmnuPLvuzL5lixdNYEoO06l6dFcN797ndPt7vd7baENgFNAEggYJy0xSII6k+cI82N4oG+l3Rppl7qq4lB+1unnKmBOemrOYK1jQFqW0ZMZ0zVnnHoTBiMZoaDcQBOUp6xAnNIHO4rG7UvhrUWYimawTPpyKkhjDMvnTZVoSe2RWhM4GQmapfn3g+C9520C6PrP2SCx7qDGmcvxhUQdGbYAObxj398OWMjEq+Zad7HVlhs64XTVFVlbcw4ZRZbAS6CBP169KMfPf2X//JfSliL0fo2AqNdvsTIIwDZLul0nDA2vMFO5z2pvWkbM4QNNOkP23whBOkg2naCTr6P75nLH/uxH6sxYH7Ag2efc3a9y3neMhn7BkPupKXpB+3c9WsO25UUtx8QyXQqRIJADGjXDv4jYZIZVUV5NHIa+6okK+OWModIpuqlJr6vbuE9u2ozGAf36AGvRTPGpInRDJ9zfCIT0SD6MRb2EJEgMfCa17ymHklmXjIxEgxMoGDH/uZv/uZsamgzW4Jg+pk+GxPmWTN9W+q326Vrtu14L/fRPnQDdVkeVaGw7ohWzXJP1FQavTE1K/ixpe95z3tuLd1beufS+/juK77iKyqCwdipHORjHqB2/G82tugsGCbyJ2htbdZotkmUNATGvzMOPYbtnLwlFNgVtoNQCIzMvOQAlvfeEDSPQJA5di6b4pBNDpnsGycuOYCFPP14DNXyaDMrBPw2Jg4qlaPWPmwAw4YynAtIDS8fIzZjNm0XWouOOHTYpUacoA1rHbGZZWbmBQfw1re+daWByzzqyaUEF9+XALMEPmmS8DfzAOL99E//dGmaCqlR49PLbmuMPXjAvDAPN7vZzaa//du/Xa0oXPIfChSaBrLvMDZmGuOnpltwc4uLGbU7oInMCnslnhrRy+SY6wD69qlOJISlocwUppe8pkIl3Bi2K6+2MwPvkJlVmT5nsqUiHf30q0Q9Q3MH2dJ2VFu8V6czVfOSA+h1Iy8wMxuggErUD7OXm2Ex1bL265KdnCjleNRSqF32rSP+zHudkxOOb2ZGYxwdON5DcRKmjcKTzl0y6Bozj9/L/DIZ7RGzxkb+0i/90uo29KlQYT+gp0yPnkHE6WdvOwFsSbDWBExHXADg34QEyZASUqRsgM/oF2Bq8l2egHZUUx0VtquFikPBh9APs+06Gnmto3zPACGEtRw6fUYsYPjRzJiZudVtjAgLEdNmVivMdvGOOLNqbOu44R7Wq+OGW/ETNFDgnBSRmWgP2+GyMycp2hRa/p6zdO1v+7PEUMnUOZmEwLBd9eJZf4lKz5gwfSPOTGzbbGe+Q2YeGSAZ7CBMLmMSOWGHI0sT1N4Ko/Hvl7zkJXX08ZJppa/jXI3jz+99r32EPyiVJXOIf+F74QHrjNQeRcvG4fOq7xEljQMiAUurvke0WUIfGTpXfdPZUqmcY932bnbtIMSo01JbypjOpfGv+WPkJe1i32uh0a7ajERmmU6HdCtp0plSlKQoCHOASjE+Mr0otUSLfWFNJ9JJhMaYdmgfxoIjS58EAX4zwRTvYKuPobJk5l128z4TJMfCbv6EH6t8gA00ifb0CdMJ5RqOLCaQ+5os8cKSVvC+USgVdL5n3OwRSGZSswf+OfGEEy85aLU1VJq4MUgld9OTz4IgmJq47phY2YVAec2QFRkvVm24fYExzVT5Zg5NqKQadCBLyRYFj3GIsLscQE0QTS2jGYaN7L9IKSqAikwctNLs0lxYmsClyVpCSsfJzvlk7jBhkpntj3Fvdial4CnV+0HMDAVoCUWXBJL7mD9qSYinI9wmZ7jfnAIM7fa3FhVJsyVU3mWm5jiSVoydQ40YO1lXmXmeyx7QqN1H7aQlj9Z1OCAmcImh19RpEkyiu6YQVbGUNNlKg+Nw5AGc/YyVLUaPRQh6+CY3KpzW98rZqs3omTKJbTRjNjNqwfumeEMnkLHQ3w//04enr/+Gr6/FpQrpQRkjmWUXEJCqpngHGuU2ZNrTaB5Mna/92q+dncEEhDXmWTMJpcPaPKoBUPc/+qM/eskawL46uxYLtHhxzXFLhCDw2Ny7NNNBGT3BQB5ia13KV802JzCZcFo8Gtlwl+lPfru33VJGKCVpRCwnX4bGZFirzaiQTJxzt5UB7CaIqtT3wLAwMEF+CSnTzDZzY8gxUaNdnKl3Jse1gNjTai6epSaC1crUVewzJZZUazL/EgMxdg7sIVrAhDkGfhsJwiFlvzxCaom2+xj2SFCSPjrX7I3xS7/0S3MNtIemWsnHvdCIo9nwAfbxyNifROy85vybLHJfjgwsqGUt3pqjHDZUIZQGUjKzjpIIbeNLKnaJsCNCZ2doQ+fQnUVzIiHUXGjEmdv8RDWf5aGGc7JPOkxqgwzCG83YKmrp2aY0M0yT0yeKjNgJyXeKDqPtt0trrTEWz7DvMuluKuvsawlvr4LkO4SPBAZmieaRbR6OXbxkXix959yxApv31mqjrsFgtlrBQzy6R42swBsjHYnKSzTgO60EIxlpeuiHUbZqGLHi430VE3Myr9IxbEejY/RA7s/Eypr0ralS7x+jHFvM3Ld00sxIZKbdxe25mtPkJI8SLjNrSiSqI0BK81LcW3TUfOEd9Oev/uqviqFdZSwDrTHwaGas3edYKeVEXZNytg9mJc1I0qffesVvlYNkuI52l8KDu0ybfaaS12VM4sIs9KVsQVQuTdrNQtGcaIQlpWMBlAy6q69LyJ2awkWyzKHAOi602Fr1zcNGD5wAi4h2he3S3hkn0sxTFicZsXDl9siwOoC0tZOZW8zcWl3fW8zcUI2VwGUa9CC8ApTMnI6jkY4SINo9elMOQF9oh33WiI2azMkxH5RB1rSaMV8q0Egu1Orz9qk5aN0QCQEH4t8sYVqKP9v+GvPs6meCgnOvsHn6AlscqPFmvwst0mlEBIjY/FIsehePiOAjs9tfmReG5jAhw6MWUCHoswZunbnYuO9cQN7rfClAweTYtep7jUgSlc7wYhG6qtPaPLmpegqQbWlmqPJnRuj7M0PAMZrBd9rM1eaQAYRJCAdybSui0xovZm7nALota04oSANC/t0H/66WUWVtsf3dxyi7zAEZFwbB5CCJwLpLGJnvsiAIRkGwyKJleMz2R021hHhrjKXaV5vxbxkT/4nYO++UocuH6Zvjw0z0k81u/rid/5L02Kcp7OPafXxvNpHDhqj9GPcFz/HP2xiUKmF9V5c2vXwzMUubNY6IkwhhR5UunUInAmJpp6vWLYpiEEtbdy2VavpOrlWhUU+MzEzJ6uwmlEoziZo8goNnYHYEoOwyJqqbGZVwOncTlaHfVKKZUFmyoUftNDLUmhkiA+BQ3ePu96gCHceRSMh9bOOFpmB7gZFx7PvavOz6fkkoRWjMCOqzrSbUKS7aNfWvWYlJhmmWUaA1GuzTaqK2gsW7WbTAQfeUyFIK4Gm7zkWhdIXt+u6PNsIN2m+74tC7HCCvOdhRbc3oi1bloPO+0kSbOSeHtoyBynTJUDCkJ99qKjiW0WY2SWGRjZNEel2n0wlBCAol+5EWFMGzV50qLjODSbvx732M7vuomqN01EWgajnG6qoYBB3mooApVfta5GUX8knDNSTnOrY9phA7HeV8a7sj9Ox9SPyZCA3xaPuyi5n3XVNjMN8gMjtDEeEhHc+7U8syRp357SMpcDD6ORepgpjAcQf/pQ4tEU+iz/XQLMHvZ5PkxK+ZGZoStK2jNk8EJkh3DksVtlR5LiCdS0A56xAnpn9oy7AdAqdwpZBUtrIJutlTrhHQx5OnCs1PMtI+1FmzbaURThUpZIuB6h19J1gmjP8J3WGn3uc+9zmkum0JgZds4yVNOj4rEFEaSs0IgGO0AR5xBY3mHwdustXCLhNjl6AnPaWHNjW1LaAzmUgCF64M0m6WmXluKw6dzKP9hq0Leh2kfHQJJcbyUXcTSuYZzzRJ5BjNjGRmmA4GZq9gdwFKZLbOIGshuG7Gjf6mkLhYeEyhc79H/4LaEJeD4kkJE5f2nca6Dzfq4ARSh/z2t719OuHEE7Z23Rzj0jDUaTc/rXYNZWxq0yWG3vXdkgBqsyr0ZAk9R5x+mqPg+tFHbTbegYauBOfvpVJWabRmFi3xDrun3u1ud6sDSYn+mNG139VWm/9aNNsAq7S3YbtS683WrC1Kmz3pigGIB1Me6arvrLZj15+MB/POXcwMYbg/99sQAeqICOKfLaFiXYWTJzJvJU0a83K/dl/Z6a1qLM0Mri3VgxRQsqq7J1uMvHAkMWhNypqQG8/zYcyaIwdFbWjBODibj60LPIu82mShbp+Tqg1vKh6BouIOBjIFncy79t5khiWTEcYCARFUtABlsaIzvy31dB0gy6agDehMajrHnpogQUrtTl/0EaTdl3/5l1e2FFsZRKYvzlnW6NiGtfswcwlN62StKSyicNpUd4wS6SDaWvlo2ksSKwkl+lCcRHmhaUva10HM0Jzt5Xa31W6E3yzoNrxW6NmL2RlgrjTJSTaJU8zcCJWEFbW5dkhxE6vi+9YHorAazHGwNB8mQz2THh/V6z5bVsG3us2N4WnH5f2Vzm/a3vV9JFgomGJ+1GTJRI5vRGlt9vF7+ijiU2iPzYrtKgiJvNDANug3Ja9sU0afl9458oj3GL7l3zAve5fAzJxUy8dVOmNkSpu5HP1WJgGozeMGoWsfu37GckpwTVYLpqMCVSlO6JrEjVLvRJFtUtpFQtpK9E1njHvGk7F0DudoRstUFaN3ZtYBZILHpEm+M5MmEgfi8f607yV8LRJtx2jMW1d1VXfRhZssGbRziRfRB9LE/F+qsG/jsI/BHfv1vup6tY2tqXy+5/8SiGFPbOqyMQcI5WXB1JqzPvYhmV8aOma2HSOuXGHL7nOoRRAw6A69ASOEkDWNYxY57fd8F+3IzCwEJiSIcKppK2LVQsa8wzChzzhfuY2ubRedWocJjVesVfh3UBYMUQf8nOc8p46zzZoI7tuX+bHjJAyoVMOpQZLpIH8ncrnhCe0ykLH6rRxANhvvZsZWYqTvsKSZkQKnyiqbuS8WcNJFZt6l2pJ4pWKpr6auoRXYS3D+Xf+zWp7JIebdM3Y6mJghVBjyTjOXaQYsmQQyNZoMJ7qiHWz+0rcwqLhv16T2l30xAAtQUiHWLBiZaEmoamztHQiy/sBzn/vcOtuEfiuQZR5gX7BjGBqzlyDkIfMj2KXGTuaWJ6xzJpJCe0agylzT9I2CMvkNgIHmRZv+kf7F0EuSZPSAazAJtiIrCPLedOyW1FdKDvfSBkb+0rEUJnd4ZkyaqH5E5trSNnY0mqMZDZnHcI4ZQIidiZpE5mKOprpE+5lwff8KCecEae/NIBB7wikgucGlZtdIu5Fm3ke8G4dT808GwIbnnfSHe3V6OXMbk47VMyJ6hhTX7GmRn/ZgXupJYGbW9rn3coKd/ec3/EFZMcu02KtOZhYMRxPLfxspoTKPJIzvBqRqTevCQljbNJHDM/wvsNhm+T/pFDpwmVlbSTuJOKPFReX5NyZdI1ZOllLuvmba0ao5EZRnnKxLRK9tF0Y0oy/1KcKxC2jsaATxETrjwyIRz7ggIMsxZZBcy5hob1LJ+HNqIa8V47DUnvR6O1WrKvXa+8xi8T7oSHYR9BR9d9GLa04OO32iEVm1wmS7qtnFwiKkewXyLso8yaax/Rcf3pkaNU0RzQjpjMonNPvVX/3V5ZBadFR9YouuXkaQpcUIEuPD9Fli4NH00QJAUFmHSdUg43Ju9H/UGDKyhwkRcYPO2sxqUgGtwnZlQ3ebhgZ0uJhMkLBUTRvMmZ85c7rZ19+sFoVqCthhf4+DSqYWfUgesMLXUIu22OEws/s0IAjuYmm8eO5DU1l1kGb74DyO9dWsbqdPGdKrSYtoxph6h2H9P3dC9Z0uU3KlDXQiAUIiZGTkJZqJmFwDLd/5znfWdgbUUPD8yMyqaRfUMhZMkBe84AWlDakQ3PXhHRTuU2eDLc6HtmhX5lHIbEdfBDOUPTUYn07fyMDjuzO2jUlmlpF36P9oagp20ltbflxfOq8D7QupZ5ODBpwQd+WxQ3SUycdWo+pqn3oZB2LnJA7nd6AiaVfP2IEk6huaw35V7XsdwlpbLVOmSeDEWFqa0iwh05Swzzw3mzYweLcVjQQhgCJWFUb1uhf9ja3tFnqGEw/eFSZqNt8nYMx2eac1fSAUBr15RiHhuTHuXALVFycohNi2rD3kf46VA0WhF34LMV2WVtEv9t6QkesP6mwuakjID6HCsGHpB6vMEQRCsD/4gz94iE/lOJYEScYHnREkBTGd+ZxL2nA7YJ4dI3AjM3P/vC9HFiilfQKxrFBzW1hjjWuos8TQ9bLuTDBo0sgUmlz96ldfBpG+K1ESNG80grB23dUUY+M6HmnP5j0QKZ2NvKYwjW3yTG2oSOFTtwW1M/nuKU9+yvTUpz11NUY70oZ/GzF41KMeVel246206wbmCBTJjXLULt6c91JM0M9KSTNrmcgtNNYcTz46tnUcSfuUuYmv0ufNuhaQGc0BojO7Qi3BAAAgAElEQVRmGdh5WGNoTS5OHyBmX9sCd43H2AzNpSkLXY3HG5lyHOWr9H2iobn9LoaGAEx0qjQRzV3cTzzpxFq1QQEKKeBDPP6OZL5wZBiZIZma+gCSA1RpgRQlnf0oDJBQezpRLW0/TZ+lyeK+EkyWC/Wd9yUg7xEtTLbI6E5m9n82D9hopdnLxr21xakvMMSoNuIZtyLG+cF/yLGnSpVp+J10KuZt80KEiRit5pUOX9mMoHPXEpYt2IY1OvXeWChAv2dfpW90qcPFvbVfdCufnXeG6poUZiYsyXxheqZf4ByMZodj1uTMw6OkvaYfbVi6wBhFcAFWOmn20E+0d5pvVZykkzYis05OvpDYJJvzGYCvTjRpyc9sxwaT53cSNJMBMEXGjrOT/q2Nme8bBSW1xvj3yPhp3qQfkUhc7+4Mk5Om+cQY2ByF7Q2g48y0XZCgE9VhVuqNTloywNjfFI5f+ZVfqRJcwSQRq05eaEJbIcbuoOoDKSRpphT9o0D/kGtsP4agdAHDzGADSTaSodifTW4OEr5NQVX4cXY5o9C5h+dG4TZSxBgPiVr1vUH4PutsBKhDnMKc5Ko2614lL+HlbHPFtk+JcCOjKLlLTJ4I7kAyxLSEtv+nf4dNSiSDUJ1p6NrvDto1wrPD5i1ueYty0jTXZJY17SKjqwmhEUessYVB1alTttlOUzV8yXX+p33eC8IaefEELBmsgKEfR6z5wjWjIs6L/gSmC8ketClOZ4YhU+vsmifv84yVKjJqpQdWWipAMjN0S4ed6wIs/aRPae54bd4KLNGBjhlUB9ZV2W67i/qk5sCB5UC0pUbUlmAi+vi+tIWXvOUlE8AJSiRbeu/4Lvuyy4FZMglGreH48fbZy7kc0Z51ZTw6Mv/8z/9cCO1pspo+IwOM70zhVwCo9iM8h2Mmw3mtzl/pZoj2tAJG28XI/MDMnUEEEzUOzzNO1T3fv6htvM5qazTNOOdLtHVelrQPaxOpEdGhn2nQT5HQV1Bbz6YvQYAWwsSuB5mdO/nCas2t8lGkvVQXK6nbQMawleu3OCODg8WXBiehlqT1oOGdEdlTa6wxwcicawKQQrDE/KkmlwRrqW9vfEPbfuDOd6qVJjKLAgqN0GqsiPazJEj2d41+fA/6MjfEikFrlmLxcVmYx0qn5nMuPWRzRkLOLcRUjI3UuSYj03/sZdLSlLQqEKM/s2QzL2kfeYVAwDOf+cw5K+gcuLcKYxyZeUbmxswVtmufNAvz/Mk5seJgjB4cEj7p28vSGM5B7kx/EJMhbbKRKZYIsCTlS895XzLnPubYx7RLqON3/tasQlsRhip0JqTXog7UZXOfJgCRCvaUGGsdlhB4F+Jxv0zN31Sk0TZLsqRh2sPGbmEm6y/st8VWhOc8Kk8h5IBQ9m7+xV/8xYlzTrRVc57XhH2t/773xje+cUVJ0l9yqd9oZviMdRtj3TpjrlX47YcKxJpXUt8ip4tWM2xFB83gYLcoqQyUMkeWJFkYs2YqHAlq70PzteuiE4M7qPmRDL4mXClMKWwsm7r7Pe5edrKbcKfwQlPoRAHRmkbbZfosCV+OnUlGhVMXQVwZ582PaCodZDbrJHKeuYc+UpTEkqs8Vk1nN9+7T3uN4JMak4W+hP1c+iaIJjLb19yqYkRmt1XI8OTsFGYaOG1FSy5rAWlb+SGjMDkgE6pUyV2zm9cm7EhQexe6ysy7VPouFbmrP0kTPXYYlS10QUImIz12VTeZNGxsbdNkLid9rU8zA/ZMbo4rTRDboVLv9ne4fTE2xfHXvva1a8mSjqX3WWrw8X/5+PQ3f/s307vf9e7p9W94fS21yjWfaV7s8o1SwNcEn+/VUKyCIVPou9xne8nJ471LyGyUZKyOLISeSyf76aQb7N6shrZ2w8WlGukmW04//fTaJmqMbOyzYZeQcB9DrV2XoMkAuwg7oscuVE4hSXMDpsARxPMnNV3lo/34BGiEGsWBIdtH0VCWC6T9dxCkW6OlfVMDZltMNEmrL/mSL6nteWFsGJR5wznFrKBu27oPaaLg2Vb29aDay7bG+RLhQdS3vOUttaUZgDmevMA7Xc9pBWTO2RozE83ZIDSler34ZMPLG+eAegeRJ+GeFzKJPIM9zY6ZOA+JQkeClg54H3KtEXZXuHCXzbdrorJPjglmJuPF1l2WwDp27sc5JHvFXnU4bmvO55qJtoTYuxxj+m9URQ269s5R0A3VGXlZ0xZrNFqzme3TqFWgE7w1bjwkUBq2o90RmRVI+lzbLPf9C3lXWQks9Gg3Va5zNDNE5mxUhvEYCJ0F0IeiI87K4KOtmMyQ7e9C512EOxKE2GW/i+xrjDXShX/rlKGVcJrcHkF0hrAwNIsiqH0ZN15RKNaSUWv93cU4a+Chv+M4HU+ibzL44fpA+/q0NF8VOmzMChC8/e1vL2CAFvKK1ZG5XbJIb8WhvlwCn8v15ji0g7bIxvDJiMw0CsOmAQ/z0wG2y334wx9em7GYdaSzSwMfGXwfI18aIThcdNllLlkxRhE+kZ5aod2iGiQxipkbfZgsEhG3uc1t5uq1ZJwl02nXO0eGXGprH/2OBHlz7sf215j5IKYmZgR89rCHPmx67vOeO2dY0wHMdni3iyQOqZzsBWC19rWlwbcyhXP1Ut+sRUQewydpiEMon8P8wLFgtQO/RTTuSQdj3+SO13fZmbtQItv5YrwzkRBz4g53uMMmntpsZZZjUbeNuXb8CcdXJRoVaWuhui/GGHXUlpzgXdpnl4Ac5LkjMd9k0PRzWDvIynXsfLX+mplhaG4UGHjPhQ6VVMIp9CUZ6RhVkbHATDlyj2nV+t3QmMmk3uD0Z58+PeOZz5gXjC6tTl5CqoNO9K5nl5h8lPiDmBmjQMwC3hj4ne94ZxVqle3Zxo6/AdHdU4+NuXF8THUv2cD2c+zvrr7mM8kc9jXpsg9FdzHmkdBnbU7WxgNtXOUOQ48Ll3nOc1Rwukdmtqhuq66lnMKGoEY60qssgrQfbEK435SjxTAG8bmvbKP2M9cTtEmnOo9iFFZCU5/rx/SsyJ2ToT1Fm0uorg02Z5iGAqilSaZ9nxPNcsJE3qV3em0UNCroWEbkkiHa92QoEJukB7XMxuhL+BeKuPZpnyVVn0w9JpSc9CPJgu4DGOk4aoRdOQER3/6kXwWTosmvf/3rz7sBZFgTEIWfZOYEBW3mrMisOQahgW3+MRbR00AWKOWkWkdQO7j3zFi+kOfc4YYgPXHHM844oxbKavivmQT/J38vSrvfG/4CqFyHy0d2kPGy7S0gkFWFa7Zsfp8RC5MaMlv+e2xL+q8JtcJ5OAknGXIuVQ3BTAEYwWnUGP6b+/RDOCSJys1am9lrrxUWGXZ0AGnH3EjRPHaJrfHB0DSS9c1pglSNbavvqCIXtoDqA2LBZu1rxk6fsbKjXsiGNaw37B0VuZgMNvPjuGBWUpBl5AhhmIKtAHrApcdzNyQQgC/GuSwP+RJ2r2tZh82A6F8dCrnZ9KU+PT48ol0SfZwcJzJ/8zdjRSCpemOvEutb8vlimNa3RzzyEVXLvBaOlMHSQeZeaL3rs8/hXhrnqK6z/V3IPCaElvoF042FUtJNrec7DNuxSxSFSm7wPvNfLoHj3MFWSDULbt99Fj6qlUj9xAXpW8KOyZETy99663TivL7fstIPE1/whc0OS6jTzEKVg9gWMn6hdlvaeP5+YFiu1+GIwZWfOfMzZSdRSWVEpNiSR/tCWNrwZKyq8w0BqqxX609VmrXFnLM6boQ4qTmpTkiaDlWJ1jds0cQxyyfxarVEP1PR9yUDcj+ZuDRlnDxLCBB2oj6YXdaPJ/Mu0Z3vcJawwUkP8w6WTwEErARnQxtyAHwyWSMDjeZACuSaXbz0vQ6naE7mEROLupErn3rl6UP/9KHqD1sA50FB1kkvjVNmJlRHGSm7JJVT3Zd58S4rFtF6izZz4yMA0vc4J67SqbBdShGMyhayfHchzNL3pfCez/cjK47t6/xkQgiHYwTKHtv3S0gv3FXECEQVwzTm4zNqhiUEUJh2wtbCRcI4J7ez7ZIw3qaKHNPCB3lHqtdkdmhhOtdVMfym9JKSz0SyFDAmlQ+ZM1Z0UETPap6lz1//9V9XvQUb2ViOSn9sY3xmF/oq/OMzmgR8T5r6IQ95yHSLm9+iHP7xQ0kpjh0mGOaDoTdzEc6dzMzGMlQfwswV8my+GZ8Cyr7VmpsP5Vxxjcx1XQO13S2rAdmG7zZ77M2JFRk2jxv+t3/7zIyadAxbEDiHYQsdmmp3mQ4vFJll1trToa11Y9FlEZbFHzqQfX0hHbmgdufZMDft5bZf1rnWRi+BwCB+pZf7Uv1ikPbD5oG0SV8u0747pRXr1Do/rvd3ir5uUyDhNs9h+mxOd6q4Zi+EL+3TUZv7JbrtqtW4xiLjmqRGH56DqUVqvh8ZiZoQQp04ku7AZF9olwmjP7kxD1sIkMxiH42KtAwOp+/h9xoyL13TR6Aq7md+5mcm7Fw+tQkQZmeZfpu5xO7NEmMWAiO4OMNuWpMCcMMb3HA649VnbJC5lwYUneCBfvhT1Qv12mjp5LYaRjPGUxmgkbb21r4cmQGECJ/61CYyoSmBuXpZ9r7rA1L6IXgZ+5gDbJret+eq9Xzt58LW+XpOZu3MVeYCzNzMi2JWfro54pKi2iGntSvjzO9kF6X2zuOQyv6MyAmzO6FXbrvypJOV5yTW972/rrmzBLQWoHb0qFKAZkqVOoRBUXlNy8xmWEdm+gFhVYfFCAhI3+2JE1lB1k984hN1H3tasLMmteXE8Gtim0asRE3rW64RTG/euCv3sJ8em8lrd4+q/nCYWQZi2wVW5nNyazln1Ej0Pbzd7VXblvZV9wYBMI+o8SEIgBZhrCSZnv2Lz56+/Cs2yDyvE+ynOcwI20FnBJ/SeMOpDMnoWgOF0HSYPSz40qQJLwChC5mr4L8x8zGXna5wyhUK+Wzgk5/8VF2/fNv74qQrnNRUAUvdz5qR+HKtTlXzBTvZbWmTmY+5zMYu5nOlK51S92AzwxhnnXX2xvZukotN/Lm2196ZbY0bn5Pbwl1QC8Y+95xz6xkdUp6FWa906imzeYM6rB1/OtNpLhhLrpXiID7C1Vd18B6YxRS3trYCwzgSCGbbbuOJzqjuAmTKbtlWgM0Qv+orv6reY4y/7PF4DhScJzKcX+Ov9Aumc2+5XBO6ZEvvQm3NDCr12EWUceS+GYyfsZolTi2jQyiwWM75sY99rBYJsNUXzp9mR/k1/OAAYsK2T6a6RXWTJktpcLWldJ3DvTB0mRKgXd+IXPX16U//WzEIdrFIyBHBZ5191owmG5Q8tqq5Ss23CYIJaePybauo8xoTQywQqJ5rGTUQtOLe7VhkhMQPyHRCi01+/OOfaGZCWyDZbXEmFcGgj2we+bnzz51OOuGk6i9tgpgnNPvuE5/412JuntO0QUD4mwkpG6y1M6MDvmFPCNFfCF3IG7uZGiKq4vN+IKh+A/3x5DDMDI+6cGJV0dVuPwIta5ARcD4IayJpIV7rQ+6nl5Ns6I7vNkJ/1nSTm9xkwgzJMOFohqzZ07UGsW+BQAb09re//bzRZIFRCLQ0SIFmLvUZktHTP5lXzvQlXqX1+w5N49Zvon5FMyLSoZZ2rw73KsnYdYXtTIbYGe3pj33sXzD42obijen6PsCnnnql6dPtnI8SgkZ0OwOw8PLj2uR8qiVRsJEsC2TwMDQJmvM+37Z+aoxI9IRJrswjO1k2VVtqvqHU2exxQTVVN3dED4hZGbnWJwiYtuOJJ50wfeqTn94sEu1oz32nnHLFQlCI5EaOMoeEA5nREjCz7zR8JjLnCguuicwgKgfM+xyoakSH/pWpELukllC2/jiGjO9qMjH5rt7Ycrr7vm8lIJhDfTdShJRICnY6Y7TuYUaK9sda6FChYDzfdLdvml77mtfOfhPP0BcZNvMUmkTuQCVIpE/Bc47TaBDvm6MZaN4wGfMa/TGKJg1oi/5YO5SRDp4tQQehc4ILKXq8D3NChi17sTEcTta5n2vmSQtog27ntmzOrGrqmLWpbG8csTq3pMe4T2rmAYhfKr8h9xUa0rtSAQZGAIghU6XmIEG/zzdGZ0BM0hWveIV2x1EzQ5R339Ae7XF0YxzQ2zCdsWe0BAQ44fgTCvGUZiMD/PZ4X+1CxgNxLAWAsAq7jEEkCDohtDpSPsez5VPgPDf7X1OGd6sNtYmlXU1WP6lrFDzmx4lkfAqz5gnPEsvnBC32yxCQRNGc32Ry/zYi8Tuv+p3p3ve5d9GrxtJPQWM++J/+p9/AWJI/pCVzIhBk5jkFlnePOQzo5v8VZ8aPiMCDJggFSnX8SC98Ky1C7X7zc8opdELqhajg1ggNYzrMDFLUaZJe6nujYq5whZOLoVkKUyqevfDabef3IwJqgO07QmdntyVK5zQGPZrTphrSHt9QjU7DzDyPHU4okKXthnMQgjPP/GzZ92gDVjpnNGFjJ15UdjRCVt4xgtedRGxq7G4iB7OZAUL048gUtkSXZB6+r7WV3d6TqUVYnaCc5EzJjpMpco7MLLpggmB+yDyOQxXrc2og+0q72NLsGchmjTKoaLlkT6cgwRhsd8zKlSs00EjGUoAKPfEx2g8MC3PZnxQc5wcwc1PFOfrUtwMWtRMkeE4TLR3gGkMPzXFPCUF3DnmvmtT+bCG04RMnGufOyVI91ybU7KzTPXoaBxmxtTehpePLbvY5bG6Q9rNnfbYIwECxh+mYWTZMFNAOBK1PD++xW9NnG/IgQKDWiQ29iZiIcvQXYTm3mTK11WyPntAEqhCpvdrVrnpJoTiM2fJISHIJG+l+IiikT0mCdidOZDY0lww7H6HRUCLPdZF2vHtpojV7RCWZoGzJHg4s+jQhH+1pnbPUFDzPc4Y1EWqSHCQ/xk+2N16zGpCdTjFbyq6PleAbkNrU1RRT9xCb5oC0UTvlNgS+y/fLsDP6RmlxbSpP0iR2tSqh69ZCmhkJWvo4arVLwnY9skAnJCpRjuKvHukAnbGhiTTwHQzG5J9zzucKVTEXTmyEBVUhCuiIVH26tYMpUrWspaabnddQnEHwUQtsnL/L1Tl9vKv+bsjuR4Z2y1oY/sKmpi9o7bBjkJnFina077Etr3KVK8+x8jIzmkC4713VoEScWbVe0R7qBHraVTSz8st4cCFf+ynnpseCc+Wyz81FNs1xRHjch01m1taeTYmuYUYzQyGUmekPAgKdZDQyeZQWZBYxQUlaJkLzHVtT3PGOd5wjLu6uaqhVZtaeLn+jG6vQK+voDzEzFpImo9CWAzicMUkfbXc0T/Rj5v1julk4p75r077u2DGRSMRn2ha6MjPhOBD0+GYzHl8777PR3wWFvMU8jbAb1X50MWGZFQ2tLyQs0+7lOmiCMGjjMWF0TALAaAgB/4YJQPr8IDA8Q+qX9k4+6eSKqvjBRDr3vHPLhEF10wecwozpzpnK7lSJRsU8DbmPPXoTY9ZWlvBZ+eU1Uck4rHutpW2XzFx1090m5FmvMV4drtnMaP1B62R/RHXVOs9YAcl80Q6xbg54X0qLj1EPTRPqKqh6M1QnSvq+GdQaCMHopUkhe9ek+huOI1HbUwc40sNV8UaR3Lp4NiWwmcMunouQ2lzneGRmtYGaqzQ0NrRxxCzcp+Fy4iqE1NOKXaWr2n0hA7QASebSgKegyJCfCMMgz2d/Zksuw/atie77Oo91H4VoJDgaItYWu81cSOLBADAzyOyOTxW2a9nKYrr2U2ZGDwe6XVdl4/p5KIkuqUahxxzz7ExZ/VFVkmw59hLUgg6ii47jVl979IBJziQNzwEQxcx9M0JtTfvjEcVZmy5t3/++99eRb2qMXeYGiAjCcX42Z+iwhx1jTOHSOcSEKye375xfPlNEe2graacQKOwZzZhNkO7IZSzZcchbuaZ1FOg6MIjTr7qJVNcbA1yM7ZJnj4ign2hZHhGtbM0e9Oc6BHf3+GKeLlk0WkkTkjENPY0jpjQrWZmkUKWZzyc+bWy0VHtnZoIyOJZ7mbnHlU8++aR5cpOZZ+I0EwQByoQB13SUrc0wJT33paeBNZmKBu3HbGclInroct6qtjusCrt2aKFyR7zZAeT02i54mj61E2zTQHyP85xOMP0y3McG5mwUwxgyXOaYcwxXvepVp7e89S3Tda9z3aJTAVMP0VrWYGGYpqiAJhAkMgto6VOMvkgJbYTfdPIUeOkzMnPxFj5UE67SIj1+rlarsF1ruIqTMvRUZkZDLGxhrylV5VV2lBxtnpmZq756sy2rn1QTyeiqH+4zepCaQlSSoT2JynZTuDQz7Cvmj1mr3I1TAoCuCBDMnPHrer79B/PwGaMZ5cRh/zcmrHoQUKsblLRtVq0C/5GuFbWZzEIlCrSIHFE92MsmadvIgshctGsTic2MZhrpU76BNSjtXpD2oQ99aJVn7kJojmyjvJWlZArDPGFsC0dtSz8dTWQWQTV70DC1P3P3J1zkYSp+Rua+ba99HaMkvtcokcIu0munw5ci+hZPtvmoHAUmR6o0brIAn+91ymZVsILMaQ5U0UrsQaawYL7A6Ev7k8nM6QFrqyJAokf2tSS9V2HJzKkpCA2KUu77JkqZMEg7VITgN5EbmDRXS2Qyoc507GWMMxO0P6AdfRhrOgwvYTcLBAkWs/nWQ4XjnHhu4biHhWFWS3XtF6BBCpvFuhQK+S59lmtd61p1gBNpacy0POvP5BDM7A6qalDHwTjTzBD1C2Aw7yJpIl1pw4hOAVM/PcwwpKt/5mRdEJbnjIrpPJcm7YuTTfBs1UNzg7FSG6Uh4sfWV6TDNZoZZoYKQXrFVDIzmrVS3d2PEykzc6aKhAgiBH9nHbQqj0HQH5in4sU9+YNtrmBk0mRk5nFC7I/HzpHOrv5jM7fOq7lKuLojlwiYHrn98Z15Gpfp43QAZ2TuWi2Lf6wVKWbu+04nE9AHNwJKzeU9KXCj8PGsURKvMT76kw67TDnHmd27mbxcP0GgTM2hBDTpY3w7SwHso4y+lcjrPhva6ZzPnbOJ0XegLLq2H8DOyEs5h6S+x8mqEEm3T1S/MA/MzrXR+NeW0g5VTWiLjynQlFh37FSNes2sGm2pftIDpk2QQCT0nQoCv6tAqRf8aKdmKtcIQfYH5mE8IPMczaDSjNATlWfdzjRNnqrSSIO+gVqtaiGoaek15ApkaZjmADIpmi4yciI647CvyZAySMaEy9FtP9i9qucECd4t2iEgMFDRriePkunGeeY5neeMl1ufnCcDpzBBB2hH29nXWdhbu16bad6ZGXqDzEvhUEHCBFjR9Y/++M0X3/Y2t5pVpci2RfTI54+EtVHuz1W7WzZzu2ZoxQnhOswM+o3PiRD89oAePVneA1H5n+cM58x2cSeO9cyJWIaXZJAUPP6eVxiDzKEOFS7jxTpru5jZycoQmwzipI1mRtKGd2Eq0Ff9AMGlIhg9m1uagmgPjNxLYfUN5jBZd0Y1BxLREkFdvS6DbNGuO8+Z/FEjgpTmBnBWM+FUpmiPZiQzy18yOshbYc2ewJFGmH71zl7AlfM8CxclFvowp93i1he/+U1/MK/WzsmSAJ4ll2qUweqN8vIRYWfU7nFLOyKRNG1k5g4TZY64XlGElTnWmNkIgUhQqE42sydGRDujK2NfeW6ekCYkaiza0dkSmfNMj0LYiF+7IMCEQ2quUaBFZpCeWLMCqy2aex77XTqPZYZR+NSr10REdxcyEUG/RWi1k9GDkZl1kEVfNYxCWWHEdmrAfEBPTwBBV/2GdGQTCDI0Jw9oZmRf5ROerRLixj+aUykElT1tglw8CcGJiZMk+7Ivv97FD7j/d0xPe+qT5hqIWQqaZJ1/QTP+ycsT74uPoTntLG1lns247hzzDZSw5NJVBjPhejEM6IOtXZMU9vaIzE5IInqGAp3IFLxkrBkFevWb+6WlqcA7+cy2XaOcobmymUnGMNG9ZFXBZDLSBPEAn1kIei1EmieaaDLzKHiaC7ODHAJLn3XmMzGSaj0dOU0znapxnpOZMxu3xQTtHwKToTmvJzKr9TXtBCZ9kaya0y6GYbOOhHbpa4WLF64JIsXQ3Pykn3zi9D3f/aA5zJPSbLGMxDGGCENkwFxEyySF6FKS20NT/C1jOcgiQJtkT46ylnZ2nHolmmaGzOxKE8NAahHb1e7TAfS5areH5vgOmzn7ylj0unUAczINzYl22pHQBProbxiaW3QAhyo+7UXe47Fn83KjWNkx+hTcb3Qll3AlohFrp/RARBNlRVH6naaNJqMLfjMGLR3qhN/mW1iXPM9Jt5mtv0iwU+svZQdpN53DtMMNB5rgyXlWA7/4pS/bILQd/L62V9vjHvuouXTSgo+MZkj0UgV91/SSHuLTWQjeow5KegXaG1NiJ4n26YzpcBnNmJMG7Y/KADanFPssbWaehzB65LOj0pMUycyHJHH6bkf0a8vsYTBREDMKgmZNTVbP8qU5NTrIqda1JTUVZLgSpCbs57aFC5wAQHltIajRlb6ygzBalU42MyPnhEgP14yXpx2qcBkJ8prhPqMrs3PYNalmmHs3p+ki0/FdFltButSWaooEkdlm7uWhXpud4CZ40HXLT2nz+YULNhEU7fukKzR/7vNf0DbPfPY2Q9Mh9hJ+ypN/crrD7W+7lSKuIhUSLpSKNlU3q8PujNAoXi4EgNGX0G4pDCS6MLnJdCIojEzbo6NSxItyxLJfu02npshlU2oX1brqeVSVlpaO71TDVB10+8BYtTlKFx6+W0vXKgTFFH3xbUZQCEu5DAuhBZWLYfvqZuO6mWwQhEb7NSNBAoyRqdlEY68VFhn3JVUVgy4z9JIzyyuJ08yoDOmliUZbMrN0p73SmG1RtGaYAjSir0LpvKgpTK87Ps2s1Pppp3/w7/9h+pEfffj0wb/7YD2yhdA2wu9T24MPWs8AAAEKSURBVN4LP/IjD6sDaq55jatPp7aaiOpwj1t6r+gC4/GZU90d6aoarReMp7OR3qq2VDpjKe06eA5eYakJav+VeXJJjdIGJXomT3PJqjoJC+P+f+2dSw6AIAxEvf85jJ5CPYq3cG2n6UsGP4lbE1ghKJahTLGAcCKB14U60sGcCWAfZx5kVp6eVSAfVkPR8b9y5HCysD5+9O+TiLu3JwuqYYaiVwujtFTmYHF1LseOcpWPhUEW5MwNFZrkwm0nLPXKUEja8nFcXFP+Nwx0+lfpR7PBuPz3WFKfOPP29OUQpKc8NXwBgyNIU6s312Ubxmke9tjQ4OFVoZu7+kVH4CcIdIX+SUN1Mb8hcAL9M/DnY9wUJgAAAABJRU5ErkJggg==','<p>Description app4</p>',NULL,NULL,2,'Jacques, Pierre',NULL,'logiciel','Microsoft','Internl','>100',NULL,'2020-08-11 14:13:02','2024-09-22 13:39:44',NULL,1,2,'None',2,3,2,'1.0',3120,1800,NULL,NULL,'',NULL,NULL),
(12,'SuperApp',NULL,'<p>Super super application !</p>',NULL,NULL,1,'RSSI',NULL,'Web','Oracle','Interne',NULL,NULL,'2021-04-12 17:10:59','2021-06-23 19:33:15',NULL,1,2,NULL,1,1,1,NULL,3120,1800,NULL,NULL,NULL,NULL,NULL),
(14,'Windows Calc',NULL,'<p>Calculatrice windows</p>',NULL,NULL,2,'RSSI',NULL,'logiciel','Microsoft','Internl',NULL,NULL,'2021-05-13 08:15:27','2022-03-20 17:53:29',NULL,1,3,NULL,0,0,0,NULL,3120,1800,NULL,NULL,NULL,NULL,NULL),
(15,'Compta',NULL,'<p>Application de comptabilité</p>',NULL,NULL,3,'RSSI',NULL,'progiciel','Microsoft','Interne','>100',NULL,'2021-05-15 07:53:15','2024-03-02 07:41:57',NULL,1,2,NULL,4,2,3,NULL,3120,1800,NULL,NULL,NULL,NULL,NULL),
(16,'Queue Manager',NULL,'<p>Queue manager</p>',NULL,NULL,4,'Jacques',NULL,'logiciel','Internal Dev','Interne','>100',NULL,'2021-08-02 15:17:11','2022-06-11 09:49:17',NULL,1,1,'//Portal/QueueManager.doc',4,4,4,NULL,3120,1800,NULL,NULL,NULL,NULL,NULL),
(18,'Application 42','iVBORw0KGgoAAAANSUhEUgAAAK8AAAChCAYAAACxmO8FAAAgAElEQVR4Xuy9B5ikV3Utursrdu7JyhploYBAIBQIAgkDjoAsLiZIAhGMzXMA3nV875nv2r7X9r3mms82F2Fjoo0xMjbJBiNAYJAEytJoFGc0eaanw3Ssqq7Q/dZa+5z//6umZ7qVsCRPj1rdXfXXH85ZZ+2199lnn65FfNmRryMt8Axsga4j4H0G9tqRW1YLHAHvESA8Y1vgCHifsV135MaPgPcIBp6xLXAEvM/Yrjty40fAewQDz9gWOALeZ2zXHbnxI+A9goFnbAscAe8ztuuO3PgR8B7BwDO2BY6A9xnbdUdu/Ah4j2DgGdsCR8D7jO26ld84c6+6urosm4PFv/kV31v52Z4+Rz4h8C7VKEs9Wmy42GBPn8d/dt9JBOtS7f9MBm3stccN3ixwj4Dy6TUIsqCN7Np5h51MvNT7T6+nOvhuHhN4O81OFsCdI3mpkX2EgZ96OGTbvbO/FhYWEpnAvnim98eKwdvZKNmRu1Q+e/b47u5uY8M9GxrsqYffE79CZ3/w7/jNs8d+OBx4gyRe4maolbl+wTXzf+TXisDbqW350NlRnGiQ4BQcqlGyry+3gOOZzgr/UZ2abdcEtAuLtoB/xFx3V7dwlyWSbP95u/v7h/ta5u0fy+MvC97OxujqxsOhMVqtlhqCfydAU6u0e7BLebhx9D/RJ1xqUD0bHJHOdok817leaykOJKlES5dti9hHbXqYfYW+TPujC581ENOifvpXBDHZOwX1SgDOTz+VfXRI8HZ6qtmbWGihgXLdSSNpFOMfHi9p9yw7Z0d2VkI8UfAeatAsx+qP57pZmbQcKz2e8x8OsA5ShLsimIQcAsOhJXCHvwPCZBn51Q1y4VH+PhgYwHTWDH2WnAuvk4isG8e1cEynNOD18R6+AW+8z+OWX/54KAt6qM9mQ3jLteNjYl6erNXkg+ExAN5OlotSggDN3kQ8rtNUHc7JW042tA0udl9gBe/kJ0ePLaXzI5tEtnoqmT5hXD2bgzVLhqKLDIATq4dfDnbO3O9YJKjZf8RglHnJsEDL4fXFRQe+PyudPAc7+zWrdVcyiDuZN573UJ9tswyHQG9yDH5Zcvh0ygWeJ5qk7O+6CWEH/ygnFloCda47Z7l8LgE4ZQZHtqRGRjOzQZa6hU7wdoLkIIcx9HR2oKQd4EH6Q/19qBHeybadDXsocC/HGEu9f5A0UK941ywGeuVf/g3mw7/cIsGEdu/i30Rd4Oa2saueIZzFut7b/F8e32j7bgIVn1/MOYt3NfQTZw/s7uD1wUMG9/5bing6gdlpvfl+tLwaDgE7nVzTJnE6DEDsRxHhocCbmh0fsZQKAl+IHDSbTcvn2QDhiwAOjgFvOquHeSEez9fI2AeZhqx4Cz2kBs/MAiUPGy8XPGjeT6K/w6CQ9JYJbJ9V8nOk5lb6vWPoRpNKxnET65o+7TCdRXex1Gtpg6z8N++fKAxwTbZlMO0JMeBF3qub7ZbluuBzCIdVfLgiAKKTbBH9hP/LQjbrjYQoS6WS5bvLhpetG6TSnevHsSWzXN2duYU+nKuB3+ZxLwX0s/dtBC7bpdmgXATICd6MhePfJK1o8SIhRfBGzBBHxEzE1lKEwj7RM1Pi4FmSQZLtUw5CXn8lzCvwBkcgXjDKh8Rho/APDoAuGBy55HgwL79yePgE78FZyPgEqcNHLgnSJBlIwUF07eamLbI4md7B6GEhRyXNoPMIzWUL37p+GCzUgzpU906gupfCt+OAXQCI84WCd6Tul61IhyalNw7K7GBbOWzDkbxnMUn4W/cXPYhwzQUChpKNzDiHG5yxenXM5qb22MzsHpvD7wuL9UASeavPt6xareE+C7jvLhsaWoVzFvB+l61dv86KpR7r6VttPb2Dli+vxjOtsSabFGzu4M2pvXgf3WLaBQAfbZEreJvz9dSrU9vENuiUBOwPEgy/soSXtbjJZwJwk8HB5ub14/nV/g7uZcGrUcULs38DIHkTiaaKyHOMiAAieMXA4QEj2AieCDDeUBy1CuHEvgsglNTA9QW40LERoBG4PEez1czIArIkrkErutAAOwGwOJidgRNRtPNB/EoCLW6a96jXvLP8yxvJWnX/nN6jXhSM0SZgry4wV/LcHLDpM6wYwJFlw3WjNIin5cvdNO2LTVuo77T5uW02OrLNJsf3WHVmDCCdtFKva9wc2JIDLUeLyIGufwtWmZu1HF4vFMo2M13BT4AYbWNdeRscOMYG12y0wbUbbWj1RjTHgC00B/T8LQ4WNCTH6cJCFc2FvsiToTmQPG7PPorEJlYNFlqtxP4NfdlpufV+kJf8vJibfY1+ImFEv4kWm0DO49myBKFnW455I7NlOyOaBXcAnOlkWsONynzgPz4YgSezgYfiaxHMcSTy70ajoePiCNMoZIOxIYJzGAcLj2szOzhtC96xeEq4Y/gODZ5fRKeN2sz4JpjYuhXyRd1nrToHMBPgvHd2DqwK7xX33mpgEOCPHNjFzVbdWmC6ptXQad02O1cDOBatXF5na1ZdZMOrT3IGCibe4wHt+vpQIE5Fgj4iNqckIMMRcO7t404XKmDYHTa2/27bt/sOjKUDlmf7LDStkKNvgY/if+hjfC5vpZ5ea/KZpIsZ1zWrVmbFnr29/WLmBp6TRzeaDfQRgZ8HuPus3DNoq9Yfa0cdd6nlSuuhIgp4rxcnQVtAnlDKdOfKuMvgp+AWCboI3kIegwLkkPQRH0FhZWfOiJGIBWKAgOdnFMFivwUfKF/AAETfztchY3DvPK7Nn5GxXMpbCqNC/EMTgRNnR0McNfwpEOKhcmC7SOfZ0deuF1PtmBXzbNDIrrxO/AzPw8YR4IMkyefwENGEZCSB4waNrIdvWLlrwka23mKPPPx1dDBYxgkTz8EGwzE4bxPg7GbHBElB2ZDPs3PQsQ0MCA4Ma8hcl8sltMMAnpcg67OTz7jSjjv9pc7Iujm3TI/5SwPOz5E6UwDKwgGcc87Gdt9pu7fdZXNz+wC+LiuXADTcp0s5PJc+75rTFvNW7u3FYCYvBr8DP6uVCtqgG8/Qo2twwNXnAQrcL9many8WeyE9qjYNls6XB+24Y19gx554CQbt8XhmMCobA92QQ/uHpnTDFAksamBiAewZRU8kpNivYlZFPBw7sgIceQFr0SrzdR4XfSWXKg7waL1XBF5eJIv66KjEC2WdGgEBXkGMA2fjv/Fz2Q6O58jGf6Pc4HkSUyEL7+Boc5REuB67ZPsuUo/ma3Zg2402seVbYFzow7wbUGc4DDLqY/x0jUfQkOHYkN1WKOatVq/afKOGv9FpYKcFOCpkgmJx2KZnp2y+2m3FVZfaaS/6eSvidW8b3pl7/52arxPQGrjRc9QnglggtZHJG6NWm7zPHn7kuzY3u9l6SmDZfA+OdMnl3hzJIsRlCSJ2LP6VymWZdw0HMhmOJ3gJ1B6wMj9OS1er1QDmMjQsgcn+8nOzryt4/loF5ysP2cZTLrVjT7gQjzaEdijipLBKivcyckRGTp0qv7e0nzr7OfadgEz7AqwUitHKOWn5wEjlppzxIMfi+QleScVDMW82FyGa7Hjx7E1lj0tYmvoLHm32+CzT6gajY9XRsykwO1g6+C3h6Vxrxi82IGSAoj5g3WbzYbv75uutq7nDNqxZCzfZzTEHA5miSRNGI1tgZ9CyUCIQIHlg2wHUpBThefEZmtk8GqyMzp+aGkFjDtpUa6Od89KrbHjgaHQC9RpvxrVxdPwOAq33jI4l+wm/fIms2QXrA09/YXbCRrffart23Ix72QsmdYACndDxlFOB5Qkg6tqglhz+cLX4TGQ+XYeDFPKpMqf27qNsgDVr1Ov6m+xGkuFNEB8ttEFTUo/OslllvmKTcwuQR+fZGc95nfUPQibNk4HB4PIVeNXUcZZlC4508uy65SAbaF3cVOiLIE7kYpCeERsJkIMvkBBmcPJXHG1wc5sZGRlHLGrXqHMjSKNG0U0msz3tDk08NgvsLHiz7y/NZo5oBdWhTbsNztXihG2++4tWmXjUBvoA2NY8Ba0zGhF/UEQiMjfRF0Y+TSH/IrPJ04a2BHiLhR47MDlqpfyw7ZkYsnNfdrUdfdSZGBAMA1Lbk03cScl+Revjk1YhfMdOlXnnsfz8nLXmttuu+79vYyMPY2BVrFimk0Qv3U21DxDpo5S5w58EshhZ0oeOZLA2uGi1VhWjFguQPsFHiebXUx38OZtNaHzKNN0o2osMh+uPjjWt1H2anXvBz9jQutPgOIItcQ1dLoRIsv0jYorTzqEtstY6srMs1hJSq/Nc/uxpJCmG5A47wxaFeGTeNvoOJySbSYuEcFF2do0X5d/ULbxgnLSIsiCCOgvezunjNmkSRm68eXU9TaTICM5U94Tt2nmTbX/kGzZcKqrLCd4uUHIiGzj2yVZhRAsVmdHNxowdnMoUfw4oTpuchHefH7DdY0N23suusWOPP9sa0M55hKQ0ZboEeH0kBHmaXNfDTeJV3N/MvrttF/R5ZfZe6+8DMMCItAYER/xIsKo+LkgoIj+0gtqeooWeOscnog60Inx+vEPgNloMsfEZ3CmKjOejwi2PHwM2pIwSz/Du6jhryaqTLds7v9bOv/RqW4+oRBPRlkVICD4zB62DKw7ZlF3jK23ga3uQeETaJ20huE7mzTD0spo3uZ1MZ2fBFqMN3ghhFIfRFEEaj3+seQ1LaeRs88TpUQwfXHgSYaBbbPO9X7K+7nkrdRUNcXy8TiHMAHro8wAYamMPfyXYTVmAzBEGZwSerCQctempGSvm+20PwPvcF19lx5x4LmTIPADDWHDmc+Ev6lAxbxaBQFgD56NjVUQkZGIPnLJHvmgLtVHrLcPz5n1Rl0uGZAeaGrideAVujgxSqEPY2z0HAIMhI9PH5wnAj3FU/qRcWID1cOGRTkDwN0wBoflwJwDpXL1k+2aH7KWXvxvO4wnhPkNIjlGhGDdPABdAIWb3du6Ujyl0D35vKcBH38vHXBsFZU/lv0f25WFZplzOKcmOuM5jV/rZ7I123pnGdgKIplWq99qD9/2zNWcfsgEE4EFdCnuRnT2eG9jAxaB3VIbV1BihgSPSI+B9/gWxxhzBO4sQVZ/tHRu0517yVjt643NhWiFNENgna8mURvlBEJGZAKwFDiLcT7i0zeOkBYTzJkfvsvtv/wIG2xbrgV7tAoOLBHRxB6Pfa7sU8c7h24GCE/AGHY2XFaZkdEZsFTMA/bRsBlpMj9NSs9M68Q1qaTYXr+fTzprVw7Fl3N+OUejy0pl22WvehRm3HjmFUV4pLtdGurwu9befK8qyg1HW/kqWtJaSkclrhwNvNNmdKXaHA1W8jXhMVnhnNeShWHWpG297tNCHjltv7FZzFA7OF2106522CjoX/jQ6gCGZkDxEx4vSgXaWIA4ojYH29J4TXOulrBVUoDzfa7PTiBPnem3//gE7F+A96qRzrMHJEDJ9GAxtXjOZV0F9P1tsF/pojcqI3XrTn4N9t9pQL6IEMWaemOEYxYi5BO2d7OMwy7z+fmR6QV/MG8w67yJklcnuJBaGTK0ZK3Gvz7L5mRSNwf10894gK6zcbzvHK3bS6a+x0898I+LONU6bqUlpZWg10gknv7d04C0xAJdAchZf8felXluWebPEvAxJt91G9mIR/DEAvVLm9RO65nMPXVMQimHC+XaGWpy13Y9+2/Zs+Qp0bh6sCBMIvUCTu0DmVeeGaEQAkTqX08E8U0hmUVd1EEcqNfw+ct19NjODGSrEgvfvGwR432IbTgZ4EeFAkMqBFMATgaocD4Xj6JxwYkRjC5NbTbv3R1+wqbEbMeExh2MAXv9Q4px0DvyD+lkX4wAOIAtj0yWP0JnKhkymmC7D98WU/iEyr2AfJIh8iRBq82fi/xEb53R5X9l27s3bS1/x3xCBGYY/7DHgPCY7lOgTEoa8TUkgBHCq3ZfAa9tLWbaN7bgkGy8nG5b68HIXP9z7jwW4GizymoNeUjuzERnKYoC9ZZMHbrGH7von61k8YP09RZhBRBxkael4+eQGEaPMqwjeaLtXaMoiy+dzPZANc4q5juwHeC8G854MzQvwIszvajErGwAeOXpRvrAD6RTh9enxzXbnDz9ua1aT8abwWbJXzMLjY0e2XYKtMibB8SskEq16XkV86URzpk2TNnxXcUS873kYAbOCpEcNOOkBmaGnCCCWVvV4rCZzJB2biA/nbXIGEyJDr7JzL3y9HD3F9TFJ4oDV//16uq/4+8qYd6X4WhHzHrYhV3qlx31cYN7QFFGvWW7BarOP2MP3XW/1mUesr4AUTLzmoRdqNWYvhXiqPHKEgKIudFoK38s3aNS8OYB2dqqiUNTIPoTKLrka4D0b4GU0JcgGdZWfkyZa4A0a018DyyKx5uG7r8dkxz24J+gHOHwErt6Xs7XCHAlpXs3M4HM+UGPcl7/z3O6C8XUOYIX/dYcLnMwRuGmF5ObpHMxliAycxpGdMOLgYHSk1LvKHt3ZZ5e84r1W6l+nyEdObK2o9NMDvLFBD+f5L4fLxwv+TpmCSU20HxwxOGPWGrVHH/xHmxq/3YrdCPDD0SE7yEFT03n4SOeglqNpfNzM61TX3V1CvgSnWouQDavt3BdfbRtOIngD8y4jG1xjY3ZrehPCYl9CbsF2a9YQmkJoyyWLQ+2w1omPk0AyyJRENjhv0jl0aY/zwfrwud0q8D3/dJRNEgSyFg5sZ3FnXmW6OQD8mvqsg7inv9/2TxTsqBN/xk449fIQLnUk+P0/DZh3OWA+Je8HPavoBoZxNzqAAaTFLoSkmpjbh4Mw+tDXbMf26zFrREBwipHjnbGxaKpCbDcsV3EfzU0fnZjH9BUBA5BxWpXmcXT/KoD37bZ+I8FbX5p5CYfg/Ehbd1XJebZ3yxeRyngbUhYnmCwGnR5yXMVah7i3IG0dTP4/50MCzef2eA2F2aj5NWjpQvEfcw0Y7PD39XG2B2QX2zbibFFOWxa8UWq5rNAYIS0w9IhEpxZChpWFY+2Ci35dkkODJZEM8Ub/A2XDY+rkJ/lgRTvIeGgwGkAm6uQRv5yduNMevONvrbeAAHoBoRsjKBiUD3YzuY8QOJd29k53BomssLIbjpqXs2g1JrQAvPsJ3ovfvgLmxV3JsvOas9acn7JdD/0DzvGoTU9OAVYMYUVA+n0ty7zBSaPZT+PV1NNN60FuBhOR8pz2xbnnMZ3roOY3MusopwjEAH+/omIMmRBZZF4yNzWFr6ZQxAbnooVrIvZbHlhn20Zy9uJL3w/HbT0OCKmpCYD/gzXvyrr3ST4qgo0NGnJuJQcwq4PJf7vrlj/DbPBD1ldajelMgCk/I/O4iGRrevT+FXUjtZzHOWPo77E4jTpVHEQAYLXGCQkwr2TDtYdnXrJ8vA8x77iN77sXU9fft3plm9XmcC4mEYSvdtbqaNPIvBoIAUSyUJxcaGLixJ206uwsIiKzgmQJ+bu9gz1WgIPFZ2+1irA8Zc2WIydd0Yjg27pTeRDzkonjzUVJxvxexocRXegZstGZATvtOW+2DceeJWdOtiOZ8v1PCN4YGhNgQyiLaY6cwdm6+fN2YM+N1o/p+8RTRue5aIyzTAkc/JfkhBHIbpozY+Swo89zJ8BGcKTmq8jQwoTE6P7Vds7F14J5zzlINvjJ3Qp0c2ICt8WwXTemr0f2fNFaMzttcv/2MMmgN3XuoJaWvheBNwVTlA+5JkHabVOTE3bXbfdbdQ7Xy62DpULwDok3vQjDrTsqZ2vX9iEaM4RrlDG7hxzqkF8vJyt4CH7LWdkQZIQQ7N86VrIkh4ywfhubLdvghsvtzHNejfZ05v3PrXldlSWYY34CM51Gd99k99/5j7ZqLZLXF6E9EVdM9QBbPrJuh258MsBLUULwIsmFGnt0hOClbFgKvK5DlVPrLpgDsjVue3f+vTVmd9rs+G6AmSY8JGctp8MZOaH+pwKSjsEHAfoykm3G94/bt775A0iSXlu75gQrDvBARjFEr0jvnIY8mbGzTt9oG08+wWY0Pe1t1U3HTAMsuIGHAW8axWbojLN3yHloDlmt62y7AFPlZF7lOUi+qQd5hbSPDqXnD0sdh35z2VDZ4zzv4/tYMFHeSK7FfDQ3kZM6YXd/70+ttwfM18/ZsqoVGn1OuDTPzARjmyUATm/Bi2i0J9wsh5W2BwhamSEsOmxM+h7bvwahMpcNDUwPx0kKRa9077oxX2UhcOCz01sxADGFPb8bS3j2AThIuM6O0sO1mvtfiowpeoMpujzOWZmv23e+fauVuzdisuMk45rLan0Uiy8xjY2oCGswTM1M2NzEiK0dbtorf/Ii6x4ethrbVQOBt+lRCrWfYtLOwDFC49oB7wPgSRyYxzCRPb/eZmob7YWXvsOX1ZOZEy3ynwm8wXDGLDUmWC/Ck+dK2Zu//9dWqN9tQ/1lm2cuAVdEYPWrh3jc4UgFmqMgMcPxF3VU6rDFpSnLjTR32NhZi4F5GSqDwwbwLs28jjSlFlIvExwIkc1Nf9sm99yKn2PWmB/DcxFcPvsUqGqZW0m5rwssl4Nc2LKjglDVFXbKGa+CdUIEAP+mweoP33Oz/fDGr0P/7kE8fMTqB5AWWZ+wn7niAnvORefaOLQx24zREF2dYy2AVqGy0LKJ1QiE4uEEXym8AAe2UD7W9oyutktf8x45g2onHpt4oc9y5vWuYye77+t0wJRBJEbDc374vn+1vdu/hVQ8eLlNBvQTbouHulbrAEGERJh7ckYM4FXYDHPMKwmbxdRFaBWsJ8MkA+K9dNjOvvhtmmFrQY8rMSd4N5IL1Li07HLTmWJYQZTkyzYz8oBNjO/HvWBWjZlofC/1ig4PXm+WRC5UaAV6T7OzL/wNeGBIQqeOTcx13R667Qb7i//1u3AQd1qxhqXvkA6XvPIEu+yKV9oIUjvpsGFqxx1An6YIsA2ZcOHvSAU+iNnOTJ6HAwjwFnuPt527++0Vr/klPCMSoqjLA4S9P57l4JW4jSM9gFBTksiKmhy7227/wZ/bsWu8geUlB4bQjBEdBHw8h47w2Z1Ak08q8/r9EWTz81VNVozsG0aoLMu8BG/sZgKM09eccmV/AqA5rkf7vNWRJM+E9q7uSQCc3j8nKPyeU5ZbGsPxyWie+7BEZxxsuv7kl9oxp74RUaq8pyQCK6jkgHPPWw9isR//0/fbl/7243Zs3zHWqu22F7xs2N70nrfarrFRLTjVYsoA0jbwxunpRKdSRqTJTYuYzYTnYeW+42z79hKyzP4vJNAPhIHAxo9i/lkO3qhw3cnhF50Nrh2r2m3f+Uvr69mO+fSZJNTjyR/uFUddhrYEeMNqidD3kXkDn6sbssy7YtkQwnW0DjXcUx7g3bN70M5DqIyyocWZBjEvOTfwDllS98G4FO93zMZ3fR71QfbZ6MQo1tlhaQ4dTs4WdviXYXhmhl+AbXggLgBYNbzedu3qslPPeYOtPuEFVFHu5eO/GkEMTdwDTbpt8x326+/4aRuGA5dHBthznjds137gF2zf5DjW5zEmEWbYxOoeXVC4K2re5OY4wRMcPDp3eNYmrlPqOR7gLdorfpLgHaRo9kGcWMJnOXg16xW6SqtHqHNzDdt00z9ZfepHWEMFxmthNS011QITrKOeDc4FIRJMahYHTxp4g+hlp8xjcSITdHbu6LXzX/JOMB9lA6atBV6PMPg8GVdc+0JFqA1rze+0kS2ftH4w8MgoniVX0ayU0g+XlQ3Z4efLzfv7V9m+vUiIv+gXrQwgy0VkLJvmXFeHAsXf80gk+pW3v9IO7LzNVgFcp5251t7xgStsBLrb47yp9UocNAI4xn0z4E1kA4dlDhlmeK/Ut9Ee3V6wy3/qvWgXMK/u4z8B8zoLqg1DE7HWGSCK2aHdW75rO+7/FzvhWBTNqExKHvhK1UCryejuoNlocekoBRlMXeu6NXBaMIkrZV4BUozEsBNTIvts5/Zee95L3wHm9WR0xn4VBUhuzx01pm4W4X5Xpx600Uc/ZX35uu0fmwbzVsCOZDgMSI08Fw7xy6Mo/OtgGURJVe4ZgGxYa8+/5D2W613nhiiEu6Il4/kYx/3NX36tbbnrBltV6rMzzlpn7/i1K2z3/r3Sp8oHSaINIa5LZ5M+B9/P3JPcxXifyCdhxlqucLztQ27zpT/5S7iBcqoWZAWe1Zo3aF01SDS5XVab2Ws3fesjtvFYOEetKTQuZ4h8BTCnNhWNCDNXOkOn2Q1x3RjejYhP0/vCbJsSs5e02QmIBJ8M89YBXub1ErzPfxnjvM8LzEsGTRV3CDQon4AT19WJzRiM11k5Pw2nkxoYlWDAbnQa02HlgI23pP5nPrBwwAmCkJdARxZFQqYqx9h5F77TuosbQODB8QtWKQ5W5hN/8H2/YI/e802wft4ufPEZ9rq3XGbbdm7VMn+XUq63E+blXwfJhjCQFErDHeP+cRM231xvk7iPS1/9HpZK0+prRSsVI3y2gjfRhP6L5uhpxmBjv3/jx6wvt8OGy6PWqDJXlMt6PCRGNpC0EObaZUMa8PceicGLzsJvMcutvbByG147/nDGZ6y20WDiOMC7owfODxJzTj4f5h9LyQUygtcjvczZlbzB/3LoyLEdP0Ia5IcRMWENhVjEzmPTHmEJnZ0Sre4hDs4u1sNo9UKnoigK2qBaz1u1cZxd9BPvBnApG1h+ykcy47FkfMoV6vDf/8BVtvN+n5X8uSsuA+BPtl17tqkWhQZZsCxp6IY3HpkzHdzJglddpoE6FmUbnRqEkjvLLn75tSqCwuImCWiflcwbwOeTBwxZIVUaIbB8qWX3PfAdOzBysx03jLAYAvmaxUQugU9YeBEjr97iebJtzo7+TkaFGlFhNbw0P19TQY6Y4M4wgF8/5kAcGrzRXPJc9cYM4rP9yGjrwUrat4F5z4fUgeZVjQQfTOIbTbvSiyR4u237g/A8hBwAACAASURBVDfYP3/2/7ahnpi+6at4S6hiUyqWVAAkuzqbK67n5uZU7qiF6j0t6inmbiBCMQ/Ha2qmyy7/2V+y51/+83ivjOsj2hDBG8w776cxO21/9Du/aHNjm7S488o3vRp1ybptGhMXBz17lGKHYV4NeE5lN2vW24dV1PvLtvr4S+3M574W/eKVQN1yPAuZ181iJqZLcDLeip9TqBJzxx2fseM3oIbA9ARmjXCcAgu+DiBlX2cYN08BdAG4ZLpES6OhWWth69aHrQ+TG8cecyxmyJC+GGs3iMKDl+70H3RaJ5B5Tk9wbzSn8XMA4C3Z+WCbowheLcDkal93mNwIu9zgAGHK49bN37W/+cjvYmUzYqu4d1bj4erePIqzsMYXK8dwylWFmvAZgpWLI/0n2yiMU7YfQogv+Ykr7LyXXImjARbWYePPIDMYSnPG7rJ92x62P//D99lQcdLWrF2w177xVTYxuUfxci9T4HJMKeQhvq4rZdtCfBCeyc+Me0QoDrkSmx8xe+Er3mXrjzkPr3F6mA/Oc0W78SyJNrQBNwExgYwHBdP88JvX2XFHPYp0O0QqpQWxshWJJ2wIakc3cLLfDtDAcj7Qg9hzI6j3mTQ+N1O32++41c486yTU3zoaDIzEcTpwPA+JUUtcfKlM20xXZHXh2+9RsgHg7bYhe3Rrzl5w2Tvt6JNeEJjXQ0ye5O33kixjwu8VZHqN7XsUQIVpDRZH+a/M5BJu/Dn1GbEsZUdYROp1LqVDaXV6+wds8JiTPYeWHwoiOTp55P8WJyDg+N78na/YDV/8P7a2v2LnnLfGTj/rRDh6B5AT7dPlGmjZhgwhSII3JgLFpHRvCp8C5iDrRlz3/kf67Kev/F0USOmTpUlERnLSpSY8Osnh8f39Y85tcMZNOoptQdZFOt+9t3weAcp7bLgPOa8NzqKx/7wuMJEg8MoUC77J5ETSWgFkagZ3vfFWwR7YvMP27Nlrzzv/NDvq6NWSD4pw8DjqUobpHD3hcwSRM3IgGf9V4IZsaEI22CDYPGcXXP5OO2rjC8GKXK3M/IVMgbnkM2GAcAm8V/JY/ssfOZ2cOugTGNSkYy6TD18OmtTqRDb9wqf/yGb23Gal3JhdePHpiOhhcgG1yqIf4BTpoT1vdGmPds0rf8OPFHRDJGFitmmz88+xV//cb0hj+3S4uCV8xYfIznEu//grPeLHA97w5G3LeghE2ELWFti7Y5M9uOljdtrGnM2Nc4EjA/deE1jljkSSbBj35vU7wZJ9Sl3Dwz4EGlf4juydtEcf3ocklQU765wTbP3R/XByEC1gNRoxIxnOOyMyeUxCSZ0XB5LzeQ7MO4dJigF75JFFe+Fl7wLzXqhyT+yxVDYEqykwMWjvKzh4Y7xr1ULBNTVBoNdT9gwGIbUqCldlsCBS5/HiTL8vncuBo/bhCl8MpF07ttm/Xv8hhMhGbaC3YmedfSySaGa8lkMcuNHqOPbbwJswrywP83Q5GZPH86JoX3+XPfDwhJ129lV22rmvVeyZcijej9+xg/fgPImVwvPwxz214I3DVc8RQkKhIxdUhQV6DtOtN337b+zEjTuUQJJr9asjujAjxH5NCrcFACVxpNg2UWMqX5BMzY5E56As50Obd6GKTsOmJmbtvPNPtONOHbbZKgotq1g09WjsMDfXnlASb9qHSbDlAoxHGziB0m0PPjhjF77yt+wYgJfF6VThlQnxlALBjEsORZMcurJtCXfAShyE2cO9tWK3h/hr+3ANbOjH8HnosLUwEFhfLA+gfe8bX7TJ3bdZV32vnXTiMHQ/p3Rpefz5nUwoG2TmDgFeyhe/w0WWil1gIjWeEytYHniw23765/8ACzCP8Th6IO3sWHPFG0Ddcf9PFMI/HvCGOCmbKtriOkxXqdiw22/5EioebMfylX2Ye/daWV2cbhWLOqjctPOzQddmABHPl/ATPpNDwsvIyLTtePQA1omhlkN+0F5++blg3W2YFQL4uHqBzpQa3NmPDlE3c2Bl+oKMcI50eaFORiFklDytzc/ZQw/P2GU/+/uQDRdi6TfLcEbNG5wfH69B/gQm1n1nR3Rn92Xh22ZX/MAobTIzcjE6LnbmYGdbYZCN7LnXbv/eP9gApqEXGhN29DF9YFxELuIz6VYyce5gubKyQQlGoTnUd+wT+gjIZts3gkkWe5Fd9rr3Y/abkoNvu0WIBOO8699Z3/qJgjZ+/qkFbwSrArBorEB1nHfnph47tt9kO7d+zTasrloDxTzyqAVm3VjSo30X0mU7MXrAGakkqTUa0wQM9IDhuaPj9o+M246d41ZHXHR0wuxnr0RIa8OCPfLg11HrlsZfCi8sMfJO99M4eLn821UewetNL/AiD4EmuYJK4w88eMBe9fo/tA0nXqSyoRxdMcIZiErAD/ZGZzv4K47CLFA76Dr7oRgB8OBw+HKG9qXrPlq4qcrtN34WjLsZS432oTRpHvtPUBGwYLYXxvMtqiJ4l2ZeTghxgSZj6y5TsE8Fqll298Dy3L9oF1/0X23DKc9VzTVnfh7bHgB6spi3TXKGJ39qwZv0g2y+dyB1JlZGVKqj9qNb/sFO2jiDqjEPYFJina9RQ5E8LfkRM6TM65YtNEVg5Ri8IeBYYCSHlLwanIg7br0L5+mziWqXHXfKK+3Ka95h43u/iVmxG1FaCXP+WmEQdKjYPExCRHZhp2aTJXQfHooiUGu1CsA7Zj/xugBe7k3HAtaS0GFBZQKtrHLoBGYneA8DXJ0vNTkyxSFhiJUi3TrgseH87thyi40grlyY3WpNrO/rXd2L1+OETghjhbZNZhiXYN7OgSetXZy3aSzXn5g8w17zU78FCYyEekVYOG7SDDV1dRj6Sw3RJcdyx4vZJKqlyic8teCVZAzhrbAkhTvW5JDU8cPvfA6Fk/dj4eAemCaM5iaKtgmwaAjZ8BBlCLLBIy8+MeFOAf4OySOOcsRMsT3TD2683SZGkCtbGLb5wpC96/1/iZqy6wHer9iubehQZldxZQOlgtaOkYU81uzrr7wF4+Z5UXvyGDIWy/pXUGn8/gdH7NVg3qNOumQJ5l3C5K+kt1Z0jANcUI1TiPwcQ2PA5QzWxj20+V+QF7ndbG4Hnr2EJeq+9D0BUZBKy8kGtXQoA8V6GVzs2d3TZfdvmbfnXfBLqJr+EkgGFulzl1LnF0P78z9R8Gabo5N5de/439IWbUUNucxBEjoMuvvjtBpwlkoL9tAdN9v0gTtt9bppFPHYD+cCDQ/w0UQJ6irWzN88MBZlgxyFkIXlDlYwaUz/K/bZHbc9aDf86022buhEaNs+e+01v2wvfDWWpyBvdWLfv2FK96sokozBwxgm838jDDSPmzZ4LEbnjkx4xuDIEfBcnXvf/fvsp17/B3b0aS8VeOnUqMg4Q4FPGXYDcKM8EM9jJpKSk3XF5vfbjru+hao+j2IG7iEbGoZfUQYz0mLx+TTp45o4+hKHZV6lN7L/CE5OotTBurM21zjXXv7q3+JucJIp3g8sLxUnJwIBsPuzg+YxYCrNJ3GfJDvQkg118Iu65/FWtTn0/TgzJKZHBUS6bHJki2269XN2wkkL2LxjN6sIiE27mdca/FLHid+wYr3Bk/UicBFMIV4sBwUzX5jk+uhf/i2KeSxiYqJgl2IG6t0f/BOcfRVAtWgTe79hO7f9C+KdGBhBNvBUqmQe9DXZl/P9miVSp6QB/Dhzx1mvyalJ27R5Lzzt/2FHn/piRRv4IR96K4zl+iUSp27l/RoaQBbIrRPXQ3Ambt8jN1p97HaA9xGkCbOyOt7hHnIcUBnJIY5k24YWTyk5sjkBE2IEWlqPJ0MqKrcM2LV3zs56AbLpTngJIhfOujFA49PjYZLmCTBvBGrcMiICuc1S8N4jeLONlw3nRGDLDKyApLODIMZOnT2JlJb9+7990jYeP46NQjCvGGaWtLUBWVUDlyyc2VmIWyUFpuFxXmjDQSwzhU7rR92sr375O0jo2YTxgZ0di+vsQ5+8HnPuZ2irpjykwvjur9nu7TdA85IhAjNI97F6OvdG8HL46mSxTThI4pvXc3eMYJ+cOmB33bPTfu6//BGWAb0Y0QacE5oyRPAV103XpkU29tdW+nVQVcVg8/116m/eY9yJqct2bb3HprA+rlnZjHscsRIrw3NDGJl+lij1GTNvyhhf1h+632Q6uGOGTXUh8HauC1lsMxigvWcgIekaxHXRzmGcJgntQS7EZ3y8siEL1mgltBum5GII7YnfOhCZpevkJgJos+mDnUBOY5tp+Cmm1Sm8gtjq7bd8EcB50IZ7JrF6di9YAeXryZy6UJiOJA/K9IYQFiRECt5AVeHGFsF4AwOD0Hjb7POfvQHTrsO2d1/F3vt7f2yXXfkepOthqyqAstBVs/GdXAeHY7QaGf2hWr24Mg0C7o0bpiigrqln30wl3e8tlK4PAf3p6Un74a1b7XVv+mOBl7JBqYDoLe7Ew/On+Rvp72nSeWzZQ7kyEfxOXwmbueB3IpB3qBxELH3famPb/80WJncgjx8yrBcEUJSGUcn/7Axa1gnSLkBxOixzHR9kcipc53KJPhKCxqaG7IUvf6cV+o5FLBmDQ8lIBFHad9nB+XjB20mU6odwMreGTgJdMIMYmCkjZEGYNHESdI8220dv241mAO4N5B2gHV8QV923c7Pdd88n7NST8ljdus/KaFzfZyXciPeTviIz8ncVQE6YN5o1ajGfjOBkxyevu94O7M/b3pGqXfiKn7Hf+tBfoy4B9vdCXBYGFWxbsz1b/xns+z0oN3a4az7JFK6AhcesrZx0P7qqkmK4XVLCwHi1hL3YeN3pqSm7/a4d9jNX/gGyysi8pCbXd6lxCuzG53EceYO3SYVDgTcC3psnBvmDnefI0+CirzAxvsP2PnqrNaaxexAWh/aU8QHMIzRDsT2XCMFSyawTCEJcaPHU+U2qrOM4TvbkFCJD9Z2uXhs7ULDjzvg5O/H0V1lV+wwTvFFaLT0J8XjA28m62m+Olk3lq1LcCWONegN5zO06LcuqbTNCGcDGTVZE497CbZQuEyvTjgIXjTH7wbf+BrM8MzZ3YAcemltI+aN54WlfxRudM4Z+mFiieGTQZ7ELYyYZ9Wlvz2r72pduBKM/YnMVLPsurLYPf/Z623D8WahWDoZlgjYuQ+bdct/nMPX8I/zO86ZbyHJnTE6XNurNZMdObjLIQRc3gmGjcd8G7WOG+5qamYTDNmqved3/Z+tOvBjxZIbWQnwTz8GIhJJ/aNZpSXQ9Drg0TOVN1i4v4tCJIPfr+ojS+b2ZNbjo0B4Y3wKLchu2MthileltqJADvV7i1rUYdHGyhRlm7IdgzVyXegKNBoUaNNKG69XIvDyyO1fDvmz91lU6D3nAb0aNikEvCyXG9pUW/OerLpJIt+7y8YBXT5fZPSpuYBmd5+wmk13oIDFvdjtVOUoMvYS91LKbZPPkCkYHsxo1iDoraWg3nQxeMx3w1pu/YOXcZtTQxcQBpmcTttVgCI4DTU9YDtOljLLIjOqrtOAGO5SrZ6Fz79+0y/7p+hsw44U1Zftq9tt/+Gd2+WuvhlzghtGeJMMr5DHp8fDdn7ba1B1WZIY2xBoHDC1CAdKFO+dMT8+EDDNPV6QGrqEuWQF1f3meJiIWpRJzblFYeWoCobJxe83rP2hrjsf0cJhhcgx4W/oOOc7wDjp/Hv8KdxYAkLaHM3RSXiqAlzKGlowMztvvxoCbmIBU2PED1O5DzbOZbWiihrLNDPtccBYt7tlbwrGaOaDmTeifmXRcF+ryyHcf9UKGKjsl0nF2bsD/qLSOtvMveTs09LG4cy6VD+/zSZLfs88Xn/Kxz7C1RRZwymQHVLaF9tHzTQWVzlmv1yFJ031fQ+vqTXYYm5lmNW7Tmk2YjvopmjXXJjyXmyp6ujsevd/27PoONvMbQYkjsgOWewem8lHuoz56quxjxWAlPbyz1aFhlFM/C2yT8/bJj3/ZxrGOcN9IC0Uv3mj/74euc58pOH4OCgK4Yvfd/ik4M5sQKmN0A2vLGFnAwCoiEZzHiWVxvXlUgeRoobPD37krJu9R+yiDkbmX2QEUmN60eb/93Bt/z1Yfc0HS2cyQ0z9KGuZB8Bl433qWwKIEn9Csd9xZCu0g0Gjlr/eC8uilvz3Pg4sisXLHxkd22/69d2JiZwtqQWzBLNq4DQ6vFqjrqAy/CIRr11K0VZH7pcmycR+5os2i2Ajh3T+AJCVk2GnzREYklEPsGtijJrBEKGJyoLLWTj/nZ23d0S+EPMKm3Br8YSgepHraX3g8zJu1+nGbXt9GLCxCYO8wPs9/SI9z9ISGi79TSjB1jicrFov6nV/aE5Z7EfMEwakS+6rR1cKqIsjgY7UybTff9gk77pgCtiPFbo4I3+SwVISLDhdYG1b9Rq1Jsxs+793fBl4HcDRt3OWm2778pa8h3XEEVRsHwaAb7L9/6CNwnpDjitk7SRHtcuOFRRa7Dti9dyLGmz9gPVgjr3q/LJfEZHB0kJ/az1/HygU6MmWwbIOb6nGXePrsRJSKcxSwCqFlW7ZN2Ct/+u02vOYk5ByzqAjZzcG6gFRFLJG0nqGj8Dlf3u5aN/X2db2g5dl+yR67GvghsVxXBoFgxpHXLxBMYzts/6O3WJ55Gl0j6BdYGQyAHuTT1pF30UDMMMcq8bCaDeSK8Br8R+By0HOChfda7unRzp48nvsqR30P9c8QlHX1LNreqbwdf+JVdqLCgbRm0PxBYUZgpolMBC7ffGJZDJ17/yXOWcbv8igW/tFhi1TNzovyIW5wzA+ThcDQavy4s6WbQ4xSphcmCd3uXLGKIAspf/ubf4+wGBq0sgelhqYxu0Xguv7y0RKZNY1QxE7NMq/62clIX9Dp2MxvTMy10OpRRn9vXy+YwXczT7+wg2OdEgerJ3JVGxrggkM6G/wcowwFdSoxFMLd/pw4xiUC9Tq3g+WzkzE5cFG7AfXBcBjWkflSIlc/LnQYtVhslqy+uMFedcUvA7erdZ/+uEGxBk1HJMTNZkgIcZNFpVeGyRhaCEw/ot3nbWJ0m43uuR/7aW+1VnUXMM5VIc7kHGwEZlzVJKbn3s34eAmrNHiTfBa3cJzV9aX6fK2I99mmbqgoF/M2VR203rVnI4H9SszmQ1bQIeVyLBEVozQM02Q1rqto76lsHxzq1Uw3ZX7NRkOyRwhXYXIl2XWVmjfuus43aSp9eYg7UNzNnZqI29vzK4ZWYswtAl6mh6yDZ8oj5nn/5q/b1PRm2zBQtanRHXCu3IFhhEDnwXGscONOy/Lg9WwpX23L63SDQWnaOFCkVhC6ISi52V1KpGRLH6Xd6BDX5D5ompINXIaDdW1cxRsAVUfKI6sdUirlqXfBeF4lB0BHJXD/qqKDsSnK7IxApRT5Bezmg7V41Lm5rtU2MX2UXXj5u7D59Cp0eBq14LP6Fq/MgeCWrw7sVI+qdbz7KVewb3IXNhrcve9WO3DgIeuxSZsauQ+tWNH6Nzq2JBRaR/Yds95Yr8E/DsYtgUvxN9fCuXPt6UaEFNfNef+RsWs+S4jjZxtc0v4ie+75r8Nz9mmGzcedP1/AuFvLBKxPDnjjfesOg2WPr6XhU4IH78NcINYdQk90xBia0JomKfEkgpCEjBLS9Pc7T+xMUrGb//1T9pyTzEZ2b0JIh6Bx4CgFOwTM4zUiK3kHOpjbmJefDjLFO5r36Bvfib0kPVgbzL/jgyfrswDgsKrL74EOKuQL6aSAPdU84cefVbJBSfJkRS7DQRIlFjyWYGZZKUcdyJoFWMPVYN20IFB9F0o6abhBDIqZ2in2vBe/BwNgFe6V5Tn4UY+epCtJlp6NUwyaDIi2bLUqNrr3Lqzv24T72AqQjVqZAwRPxHCW9m5jM+DeuZCTn3N/BYMQlijPXdUFMJc0nA2k1WH70ifhrFkDKZ6tRZRuxWrg6ToYenGjXXjRVRgQJ/qKJAw+X+PGp/eFponkWQF4HSUr+8rKQ2FLCUftkxNJpGu+Nq9oA0dRjBwkwfmATj18hh2iPk0ctvB59Q8brjlr99/1BSz624m1W7tUitNnxUISR7AsMbi9EvCm7Oxxygj0uAOjP6Q7PJEDtCxHZt2jH/4ZH30QBApDsfoNN2NRwABv0Qqx47sIXoCEqyR4dBksF4aFANqEY6Rts8KXNLFGO0x1voqs4dPtnBf+Ihj8OAcX3qWnHAehEsJ1DQKQk4/cuIAAc3BwZ6PmwjSmfG+36TEwbXEMORU70L5cscDp2lAjl6mYibXxXAc+pqJFiWMorebaXpwTHFbGt9FGDawuobWstfpsfK7HXvjia2ygH8BFFc5FRFdUoywQQ0yp5HVieT5/ukMz78pgmx6VOGRMhKL06QCvQE1rDdZ1tXawVFn2mknwPEKCDUNnCOB96N4vWH9+K8CL/AU0QAwbJSXfeclA3p2yYSnm9Ztxk+vah8Frd/TcHHpcmWCIg9D9oWAq9Ij+kB7pRNiFtbpQIJmOUAJqHEIdmDik+DgjEs42DNN41ICrb6Mk0XnlzHFQUe9jkPZeYCed/SaY7fXe0KHBeZOKaRO0kgdCWlgahIMouxAFqSLJZuuOm21gbsRale1IhtmJFcaUTZA8cgzDQFW0wttG7OrIdb8iyAQe7UVJ/cv3JWas3Z26AixjDXHubfsLdvEr3mFrNjwfA9jPvyjiEXOFtnRppomSEJl4ssEbHTK2q0dNAgGFvuYzqH9ibkMEUILqYH4jgrPvL4lqDgGaFfyvidoGm+/6e0wD7wB4kfKY2XfBm9kD2kr6DlOe8fXYyZ2ywa/v1qrzK6uN4oCK+i57/wnziIU8GXuR5enRkQRM4rjxfcon3Kdi3cFR8D5ckFNHOaEZ5cDkXJwfYg3uJ/S/yE44640wy2sEaElbhcDCA+hh/OM+a89S+cwhyCHjbrdt3fZ9vLfTemr7EakZwa6prEQOk64Nj9xRSsLEPBFXgWiQsAXdCqQZeHzNfQGBm042Jorq+EiJS4ZQenPnvoY99xXX2qqjkeIJzVsUa7NCUWxwX3PnsHjqZEMCzIC/tsmwQEyxT5Xb0KkzlgRneDEbHms7LnjbfDDueLPp9s/Y2sG9yPDaI8fEv5xuCVimz3UjR3RBnpvLDTf9rk6XHSyHucns80S2UZ5NQL5K2Au4QYPTCdE8PZNzvM6uzhHwJcwRL2B6snIL0oLbDEgqaGYNxwZ2oL4t4r3C0MV29BlvwMBYyw/G1nOsC0RxpivUUSNbYzJlcu9W27Xzbpx/L0C0w+anR2wAM3vKJaZiSsRL0qKu/TWT49Ys6Vy1ODW2RxhSq4MiLHT0yqjvC0dtz8Pr7YKXv99WbzzVqozPsx38cP+cUO/DgjHrdH82PYj3qYAd5FzC+MnjHqa3Dn4r239JP3WQqW6PzBtDOCu5QruJz3wigFead37G7rntkwDvLlQBx6JKaEonmfj/yLwEcmgc/UjNayfzxistdf3oQHgbp73HY33aOXSChyWURKNGUVzaj3eseugqRRh7y5cMyUyRrTkrFWDAX1R3IT6blAVCT2Dr4qpLbMNpV8BhW5c6dexUXSe6UN73Ahfi02Pb70Ai/b1wpKYwu7cN7TaBc3GCyNNFZf7pFMrV5l2TC10T+oYVnn+r3/V2yMXV7KUDT1oVP4tFVN5sTiKKMYj9JH7HhtafjXxraH1EWDyyl3EmAyjZVCEO4s8QHNQ0kSd2ZtCDodMy42klENMxnfHe5IPBWgkHTzbzsmkbAO+9t38CO7Bvt3nsJRFrc7m+I2CZlsi8A5cNvgzbnQIBSWCKGmvFz5s+X/hsjJBErRvspkcE1PguRVwrh5m0EBvVrYT3gnyUSVY0I/m8x1j1j8CWqXaJ0Lf2pcj1vQKmfo1Mta4jdvJO175ynHjgUnKE4vZt+Z5VZh/A8fsxhc6y/5OIX9Ma8ZrU3CL+hHn5sC6jeG69ITMfKcA1r4SP76WmUcLlVdg7GLOG1dmKTU6vt3Nf+puI554GizKpfvK9NRhZoJDx7bHkbAc8SrAkYz6VDynHRnQlN5gQxEp7slMJLEVYCXhXetLDHheYlx3ZrM/ZnT/6KxvufdQW6lhQqYov3qyRdziCY+Y9RxnzFWKYy9l4BeANZjKRZeEGE9bmDFuUCmIPgtS1YjRHDkRBIfz0v1OngeMtGusIjfQ5BFwxKnvXwctVBf1rXmInnHYl9CU0LyEX+pRXUYQa8gIYsvnZSdt+349gre6znt5ZxMa3cfhrWpc3rGQXnJf6mumWDI/5+rp4zxI16b0HMx4o3nV2xC5nDuF87sXuQYbSpC+45H1W6D0B91tTBp6HHdUzrj8CUt2P8BZaag7NW8zfdesZkB5Q7t25gv6MTxHJZ4mfWQw+ecuAouYlwyAx5tbvfwTg3QrHG6WbQmDbRRnZlibMycCZNwBL68kc4nEHH0eSt2UnSNVe2YEe/owjVxqM08NsBJ2bOGgHb7LcSCYw6FieJ2hYXsPBx/sGX/LzIUwSO0S7QsKS6GXWjoDE7Rl6kZ141hu0J5pH1ANrhg4hmR0Ye9D2bLnZehbGYOHHkBk3AZnB5Bgu7aEGDk6SnCcORLqFAUoaay4hPFrEY+LS/QgeHsHBxKl4TGSARHbvnLJW37l24avegQmUY60bcd0cMsdYkYibMAp3Gt2ed+HN2w7eCORoyfzhXGa0NNB9JfUh/aMsAg/xe5ZtD3WeJx+86vh5+9G//6UNlh5BczEWGjzdNuZ1AOu58VMOVYJGAs4f/rDgDeNcsEha1M+ns4Vz+wuuNGUB9Xp02Hih1BTGz2ZsY8KcvgdGGEThHB7VcOaldWbVGIhHK6w6x046653ozFVie3IoK83kobc5K7hn2+02uvNHNlCahnXaq92BitixkvdCx0yVgvj4ul/XygytJY8ZmiaI9dB2GdnAV9SumDnDiuwCnVj7pwAAIABJREFUVlZPjuWtd80FdvZLrsF5sEAVwM5j0OUlDaB31ehkekIvat54ocAisUP0Pr51r9KfCp01eR68TgHiliid1n0svlUW04fys55c8AoHZLuq3XrTR7A38MOsq+jgTcBIpvAIZ5QNXrrUnQu1nVykCOb0MaKBT16hVmaQnsjn72KqJb7iGGAjCxHeEWntAg89tV0zsnp4h0BAiPUg8CquHC0GDsphn4muxVnLrz7JNp75X6EwB0MKALU+uhSzj7vAtuO7sF3BAEqY1sZx5VkB2peOy1tyDR20pv7m/chCuW52ZEdzzHbDe3JA06fQVD5WZi/ifrai7FV//lw7+4K3Y6H1gDXL4PBCL3IimO9B68cEoBDpIV+jCxhP9m7wxCQ+K1O/6dTmEB/vRnmBEha+5ns8M28BpVYbXdwhFBUwMV2vqJIiOT79vpJyskt136Fee3LB660J61W3u2//a4Qe79HKBc10JZrHQUNLGLIQxLoeCHDT7aGlQDsZUMnfjhYy0KUzIV4PeGeHy9gJfIEmw6BSRfWYuSJ5ErLj4mttrRQNpsuGpXSLP5N3Dp/bQ4BwkFCAenHoGDvlHNQ1KPqG0pQS8/Ux2/7ADbaIfYf7ihU4SVOItU7BSSNwnPEkFJLb5wD30eNJ43RyOQg6zAwHkNjZ6zSKE3kIJNMMlgZV5vZCxm21qX3cOHDYFno3WKOH9ZDzSEDqwSrutTYwvAp7f6yywaHVkC5FGxgahsPYh+VEiIGzgjpQW5+bhVM5jXzmKVQiwiwiKm5ywqaIUF65f6Nd/OK3oBoUckwgUfgvsUqBgR8v8/54wMs+5KwXwLv5nk/a4vztSJ6OejMKdjfXNKWqKhhAKPDyr0QqtNnnoJPlzydSK0hPB5aW1/t7/JaD7dzkr2eYNKqTrDY+uIEcsGmp+wzb6Zyujz36EAcM0y3hWVWmrDG03k5/wQdRGulovI1U8eqUff7Tvw8/YLedc9pqpHICtIwpY+MY5lmw2k+cGvb9L4ItUDPEQRgtmOjQn67TEXKvVNZoChu31BC56CnXEUNYjVwMpKkieWgODNnEnmy5JioVcQUJzTzyGgZXrbWh1WsA4tU2iLWBOeY9IKbNtNBKpYpBMG2zMyhXgOw1xrOZ/8F4d+/AMMThKXbO+UhY70Ncm4temW9COxIG92Nx2FbKvk+ceRNbHgBCgsDU6SMP/J1Vp2/C+jEX+w4i7xJ/qDAPz9dFp9ILbhpjh8VPqYPCjgwEvoSpX4+5ubxAS8wTupxmStcLM0061tleqY8EpQZKMNFLtpazKR0ZMrsqnYfFdT4Fy9Mw644nio4NVz4jD/rAqM2Uhuz5r/wQKunAKcIxc+P32jeu/0N77tnI0lrEBjGLKAbCpxBrusZXC0kiEHyhFkKQEW5y/H4T5SPwBknRxm7eDjTVzCvJKyGIx3GJEN/xaWmOuxi31YBndIZtxdlFRoD4/Jpq9kESJZJSYZUgTrVG+YElWMUz7IQz3mylXhTdY+K+8pJpTKIjvPJow48PvOFKUW/JKYLD8sgDn0MsEeClJx4aNihiHOFZ/tQKSu8IYQTflcYp09dIuYKNDU3bqywuerRRP4i5U5Ehl8X9iHhngcKc8d0hiw3LTvEsN6/Qk1XMWeb1CANnAzlwwJfq5BYHRLxHxVSpeeGiAryVnmF77uX/G518jO63Mnan3Q0n9txzUQp/9wjaBEvHkWPs/oDQIcYM4y0BqfhVyOMxXK6TsUgBPFl209NF6xU+mniw8VQB9G0gSSyVv5qEu5JWdMsWvQMPJfoJF5GS2dV7lh1/2luxI+Z6RUoIXg/z+f08zZmXaYresAyE37/pswDvLVYMD+ImOrXdqgaZ9Eykb2q8cA7+DLpAniwrR8YZsjAV6m3nA2GRK331z71+n5Nng6NKJNsQDoYvA/fXfVbIlwSl9+Wm2L/CcTqjM73ADavSqB5QumHDd+7TU3kojVoTSTXj49Yc3GAvfu1HIFNPkF6sjN5p9/7gw/ac5/RiA0LW+AUD52YSOLR1rlg441wm4F2CecPdp6EVvpB9jjaI+pMFqZH2RkrmsScO/pS/0unaql+RF1IYOs+OOfkt0L9rEMNGYn24hzRJ6unIvHpaN5vqYFHeAqo/fs/Gx+9RhRqRhqvE2NTevjwcXm4LWkzVxfXNkA0ZFonmYeFhMg0Zczt1LZqjgCk2oICdeY33BLAuQFMWGg9acWAIRedW4QMEuTOcPi6ze6jODhAKzh2Xe9tCDfm1d1hrfAp7PLzE6kNImEFo0FCUQ8yJa9br2CRl1RnYM+IqXGs1XkKC9+jt9uAPr7PTTx2wXbt3QSsy1dDbpW13dX/xYMcsQVN86HDPQTcsBcSlAegWRZ0SignK3zwUWkO3Rk9Zg10yKYhAXh/T4eVVz0Oh7asReRiG3ADzcjBzaHJwK8f76RhtEFhxm9Q27GQKOWQpYZ4ND4nED82ucR1XpnmDkyMPXSYTJ2FFFFad0UZ4MsqhkbxZ3UEKDKhTxcEQPGsd5ppR5yVLcB1efZM99L3ftxymWlvFNWhUsm3oKupKspDuvbP3hGpnKQ1H4hKWAWu5JvdsQvWdbrvszX9vQxtPRDABsWzGkBQtkJLlWl6rLfYYIlKK7c7uv8Puv+mjdvppw7Zn7zavsAMBknUKE0XgXB5GZufAigTQ/vOxgNfJADeWrYS5DHiTIipLghfx47XPt6M3ArxlgJcuYMx8C5GQp6dsiCEqNkSovig9q3lJBgW9HwK2gjX2DgkYjBbagwZ6J5h/V1X6O8YS4pgXmEge4T1Xy36cBhGvThasPWKbbvwd7I4O7xrMi92c5KQozysMHk/mJlh9ULR/cXD57Fo3WLwbQJ3etdMe3d2wl1/zURs6+jxofCwx6vIdzxVdQX5EA+1RA6B70CYFzO3OjNxq9333I3baGcO2f/9ubWiCE+KBWdoqO3Iio4YGOhyovGlC+wYNGl5KPxYaPxkLJAx32LjnHaUeDcZhv3SNwNjyD1Lm1eAn864GeE96uxXKA3LiuLrFZ+icoZ+Krycp2hBlA1vOgZs4RvR02+6eJivzKJIUKTidPcPns+Y8URyhFxQFcABGXRVd7wheMmcDO53f9933oujcGHTm8aqDxsiDf9TDXXIA4wjTvaVg0r2FkJkRvPMIMu1ClZqxHnvJW/6XDWy4QOW8WDXdrQ++tWKZ3+E5AeI5FMC778aP2KmnD9no6G50uIaX7mEZiXp4XCXPHxw/4qzthJmBEYEuq+WA9JzfQ7F8uLRwy3bwOLTnYMdBhnNgIFLznnDquy1XxkaHaN9Yb06Xedo6bHo+9+I1k0KzHE08X4thmtiGS/RUO3hxukTbpiiPFWfiTJIaPISY/JRZhvHBxGOatZ22+cZfREX0cXj+JyKy4CthldjI0JBiUxpB7V8d/algAPX7fAu762xD3a51dtEb/tgGAV7qdJ8CTselgz7MJWJNW2XiLtv0nb+wk05G0WuUAfDQXzZuG8ZM9rrZEx4CwkHyKjoT1VDSxIf9PC/kwI0VIV0mSS0d9KUFsCECJPkWDqLBbfF/vWfbKWdh82zsb9yClUI6fuKTJIVMnmQKfpKY10cme8+TYJjK5ysVVjar0tFjYWB73DZiK5ZL4mtp/DaRE/EU7BLpaPwCxmvWHrX7vv1eBOoP4B6PsTzneCFlWszpVaguMlVCS2E4Bp0dUB3BmwN4J/duxx7Rz7Hn/tTvWWnwbOXiYm2/nJJwQn9uPj+KlHRxj16A977vf9w2rJ+32bkJsX+T6Y5B6PrYyUiGtqFwCOSKNwgk/KeVIEE6hGt70riv0IjpmPIV1L6cUvZZsJX0kx/jq52z4NW50Z4VO9nOft77rNg3BPBiAiOsxYuzkId5gsf91hMHb8K8NH/OwCv+isyQOHMRmNFMZRhV0kJIA/hCwMYxLMqKpeUlWQKIpHmrj9j93/sAmHcSDHGUYQ8X1Uyq08SHoLzCXZQGvIYYJT5Lyqb+HlbjVlrYXna79a57kZ1+ya9Zq4ysMa4KwWc6l6zoPpjLiGSVHKZot9z9GUy5jmFqFfP/uAyzxByuMlH+cwVfiRHjMJbsIHrd8qiVggxQf2i9W9TD3uD6vJxLLw6dDuClL657VZadr6juBC9z5auLGwHeD1ixn9EGyAadO/ggWaOYjNFIO4GgVvDcnYc8KeDVwwcnKTJOu+0JrJy5eppuF7ss28ChQ8Ww3uALmKb05HJfhOn/vCu4VL3F5eXUrwAMa4exgbVQsLnHHrnlg0hAwaxWYb2VkALIRq0BwASvriTwhlzUCF6d30eHD0q/l/xcHcU/dlrfhovs1Odda/VSP45CgRKwq1ZZRGsTwERxkOues14sn3/0/k/hXHtQX8FLYsVcjtiNqejw3w5l9VPwepqkl5fyweDg9f5g5SKVo1BbZFuMBwTJoImEMIgOwcLpNDqx7h54bH0ybwttWes6wc4+7/1WEHgxbcz0St6NZtjcQMgx1IMFC5PVzo9DUjwO8CZ0mbZusNKhv9ped7z6Z1wmOQg0uSDVx0bn715SVPFeJphgSUpLS1j9yVlEWtAViHwFr4qYiOrpdHHtVSSgWPcBtXltGuD970jCnrIFsGQPKyDhc1W0rYrWaTrave+4aQrPn1qRLHgBxNm6jY7vtIFjLrYzn/dOa8C7bnJDa2XFBZArNS4oedxXASmJpXrVtmz6NK6BTU4aABskDa+bVGiObeQNljx3lgRi/4Yhl5h/3yfNzxf3TFOyktqGssEHfRS0XHTqlW/4Ku81OnBLS4isrMhOOrjFwjI4lu7qO9HOPOdX4bCtBnjL2uDbLUpqkb3/nTwcFunveikZsStD8uMGr2t27yC/Ef9fgJIAkuOyEh1DWw1AqTYBZqaQrM5tVFmphTume2IKM6u4AtYBTRbVmcPcuJpXJi5O4xLUrhl9bZY3ksw370OjHPNrizP28M3/AwX+AN7eNWBAn7evwNtXOWmCV1fiFfyfXyPLfpF5cXylZvsRLVh17CV2xvnX2jxSAltIg/T9KAK7scNCiibqx2KFLiZKsLrkoXs+jTZ4COdH5hWpUiG6EOxrcz79blJH1ntVd0cMJsTF5/TcPM0YBhB7h1B/09T708Vn8vd8gxX/cuC3z4T5O25RfRIlC/BUJ/PTzOGF5gdojzv5WiS4DyOuvQYyDYX/JJmc5cXWDOeHp1J6pd+l30UcQGEQJ7d3mF8eI3hjy/FhwkAOD8nb0MPKarFB6mCYmqrNsOBeC4BtwrHhjJrnM4QO8elv/A+J0fhFWVpM+ghOF00/TQ+jGASHQ9o7ytcZeA3eGOMNHBruhUnRs/bwDwBeFNlr9g4hzssBgm2Ow9ZTMYmaZyATxwiEzFzsQAKHySowwy3sGj8+usc2HHWxnfqid9gcvOvuJqonEiQCYGAT3qsyq1CVBrXS8tg29YG7PoU89QewHB71bmPCSlhZ7YOTXZkI+XD1wM4Bte3bBXine87Gwc5xMg0cBn1WZfpAc63vzcl4b8YZ4/uBWT0iEyynOtg7nz3BmnbNhSr21Sxaue+nrZFnEResdsYETQHpkeXefki2XusfXo+0Sc5wssQUc3+9z5XAqb5MhIjD22n6sF+PEbxsT38Q35iZDxjMER8G99GoT6LkJlLxkBZYRS2vJsonsWwRmYngFROooRh6ovfqmz+7HHCg8k01PJdn00ngA6oxnXW8vWn20kEUnYiYGO6jGd40FoPuuvMvsCYMubOIQbJOAT/bQMIDM7ccvM5ogaKisiHt6EUfGLxvPAMK0o0BvGuxImE9lvnU+oathDplBZ3X+ZF1hlUKVNUikQ8L5i1hED94z6ewncEdSDdkLQc35b7GLnNxXTNEavwhJGciJSS9Gckj/Iw7GCXvx1MKmUtggIPLu9LbMoDz4OgAP8zEeM/dcO7w9pKrRzcDazIWANCBwddjCh710+B/sCYLCx9y0WidxSa6y0jaGUTK5dG2Zs1xqK55FE7DYt3c80JV/IQN34VweeCqaXCzqQVZDurB2PgnIkvQPEEWoErO1i332xQKZuSxz1ovEpiLCN9wpoXDrFaZQTl8sB8KdjRZeZGYV6PxGK6d4i480I6cB6eGollBgxXwmjxXfbER2WqeieZ96iweZYIePDySsq1QQ6Ix/k1o3jmwLddxkaVwu2wsLcfNgjdYFl4iCWGxo/w4ZkotIA9jFoOzmD/FihteZjV0SGmxV0tpyPqsDcZidSxwV0SJKBaqIyvn0ZuTu/7VxnZ/36MhkE9JwpFYzHUyv1SPV73jQswTipwl00ItPoqdBNWYLin4+Uj+fEHZXV4bImFMkQMPZHt6yzqhOhn51G7KhX4XgXCk5z1h3uUdXif/FLG38eBlttg7jL7FdDlGBitcshCgNl7EoK/B+lYxiJkOWkZV+5NPeb4dd+K5IDFk2KlafsofTwHzEqhkQZ+VihMS9fk99t0bP2ELlYZtwIZ9vb29OoaMCVlr80jEnp7YjQWHKDCNCuSxEqU0n0Y869si954aGQWcOf2ouRx5xGBnxQyDvgg9o/4Mja4OJ0MnrOD5t1yuWCjstbXcj6xY15otaTg2rDrJY8LJ7kLR7Ad6j7ueq2NDZ7PX57ED5nwV1SWRMTaN4dBa5N6oqLCOVQcDQ0NI5oZjOIjO7BtAJ0FW8LOIlhRb2+zA3ttQEHsHwIC1a7BESkyLgy1ICZdgvC9KFZIREcpkdac+zXRJi0a7QOcsO+AcbmJIghdtI20pqYAvXkfAC7AkAXDKV4MlrPXm+eMiTA4StbW3q5Jz9JqH2fJYH2e5o222OYB6FUi+B2lxLShXOitPhcUKQVgNFPPjoK2hmmVlEontsy1be/wF9rJXvQVF/obVn6oEiv5ZyZKhx868YXRTenvJo7LdfOMX7Ovf+Ki9+IUX2Spk4Jd6WNsWwMSEwHy1YQcm9iIT62HIif2I5aM8qPRZoAo9PhuPbUqw8psN5R3l66r4OzsszWRI9gkTe6emT3/gEwr+g+FKqApz/PGDqASOQQRzJqYhInhMVLWJbAjMy+ux4VlQJBCWOpqZUfhkvVqzucmGzc0VbRqrEurQeCyfVESB5wGsRjjuxJOtf2gDdlkfUhlSslA3i/phX+Xpqa1Wm96HWmRjGASoUs7wGtM5eW9yZzyxx8NugJz2f9APB6Pu1e/L64w4sPi2KrA7XQd5FahMWHM9q/fFts7y4Q9vNmlPDhJ3AmOYja8nxIB+TciE9EBpB0mw2D1sB+oIFxZXWamrjAr0LI3rsW865Cyhym/+Xgd452GJ2YcPbK/ZxZe/xS5+2RVefV4zsv6cy309ZvDqkSVPWaiOW7H22Je/8BH7x3/4Ezvz1DPtmA0b4Myst6EhAAbM00JBrLHRvTY5uh1JMnvQNDUkbKup0QG++M/LwDlIvSsCGPUL0eN1uJxN3KCpPKAcapcNDvg43enH8fAS5MtRxwwhzxT6izkNlDGhy1L28q70cBnPlZpNOYDKRPNb4aCow2mrT8MBnS/YHJy1Bur2NlDvrNxH8K7D9ykA71oUvAYTQWdH20z3rYU6bo35cXTiNE7IUqko6gdz2kAp0xYWrrKQNX7Ba3idZku+ANqHFSapIeVwcuGOt0l8GA3v0N/K2QjwdCngDB5RHaNE/mkHI11bbgxO+bZAC8jNaPAzkQ8EsF7n0iWfaRPz4losRo09l+xAFZM/qCDcx22uAFo667GaZgOhT5aEZYizAQ1cmYFfND9rt20aBXjfbL9w9f8j8Oa51awI40kErwt5byuXyRxR8KJR3/bL//CX9lcf/W0b6hu0wd6yrVu3xo499ihbjQV969dtUFbVAkJF89Xd6IspfGMNFAkGexy4p8ypVQ+nOUhC0FwYdB3m4GZbssm8hnBSs5dglqnxEauHD/fJquCrVvUBWJ5o2YWwlkhZz+KGz2VDBEJkJi7D8fvQSgtuzC1OYlV1Rh0w5FAxHM1tTVif7p5+68WAzRXhaRdPwLQxZMPAACo7IgleJthhkscvTQB1YZFFqb2iJJen18DC3FAclb7FuihZj/cBVrQxi1tjgzXcg+c8M3LD6Wg5OyxczXg5zs/CLZISOmd4Og1YUnEgArVyiDTIjuAbbcLaw11gTNw8vvE3ip50o/A2fRbefw5/5zgRo2Yji/uKb9ENgFyFlKrUMBjhv3QDnCwTW4OV5YMzHs8tBBgenZmZg2yasNF9Y9hXpG47Rqv2pne+z/7LVb+Nget1kb2bnxTwZs0LveAY0GcDNSQbvnr9dQDv73pBODYwTGAZjNdTLgLAq23V4JCtGuqzNav7rBc5iXnsHJ7LozO4qpaDAB3Cc7lODtybmEB3sByOBJlv9seOZO1cH/1+TOIxh6Pd8egGA+YwLevc2qXCGoANGSnAV9swqX89bMOyniphH5hHVQjkWMIUMvxFhEAucGM9ygUyVA7edgErcZsAQb4HrDu4Ck4bWFcazrUkFyUymYzs6nV/PUIhAOL5qYE5kyi21V5n3pYtMha+eQzBzPqjLC+wiN9ZI4Pyjcc30Y5NkQA/60TA3FoNe0Xggk4V+ORV4JtbeSFagmXwXfipXUDp2KKGhKrGU0LQfwAoPfGKThivBSalDMA157HNgRcfRNgsLNhk5XmuMJ5FWanpqRkbI2BRqYf7NnOXJS6M4dL5A3Nmv/D2X7E3XPObmqRiG6k/olMjKC/9taxsiISUaiRRmhqeI4oP+JXrP2Z/c93vQe8OaNsomjQtfuQcNzqvgG/OftEkDA4UoAVRy6sfkQSEq+iVl8pYRoLf89xCFQ3AKAMbgiU9+SXtJ/PJjnWJkGPyh2LAzgJayUvm5d9iSza7J8J3Y+1ZHvs3uAMDRuG+EQI8WYmOj3euOpTmkuzBmr34pgZkx3GnHTKSklnw+yI25u7C6onuAiIK3MlTMV2yNQYKttnqQXyTqyVkenWPZG+ckjkCEt5ucp0afAC3BGCWCqDexWQOmQuvk0lZDzgpaE19zErmJApKjloN56SE83Bks+47/nhyFM9NwHElPFkwyDU+E7fyylPaDKoqegF9yUrpOW5poMLTPvBo1QhOLb+X5WAhGUQPalh9jNcbiCDVcQ/cPWocS6AOYGn8ATpkM/PYprcitvUtD0AI7EY5e2z7go1PN+xN1/yaveFabMSteskU6CT3J5F5+RDcYCQGxNXxaCgumf7Gl/7Grv/c/0ERDXQoTGKOCxUBCGpiVF5XqKiAKAJXFBQKrHnL/dlIStysBUF87IZZ7smj+ngRGrUomUFN1YM9E7iHrht87j/Bnz4bx8cns/rgIouRvdlZYc8yPLs7ZAQwJYXvxKnaB5rdCoMwKAafNHA9zB2CcvpGKX90aC6H4hoIARUASAK3C4DtKsA7zg9pbRy9a67ZkpeNReYlvMfPuVcf9p0gdtE50qY4TlQv9nXwcitaLicnaLkBjOSElkiRfX3mcQFM22Soic/bBCBQ0XwRKzsI8hYA24C8aKJEfw3hQVZtZ5zVk5RY0gkMC0nQDUuh4nvQrrQoeVgH9mE3GLeE59LG4cm+bBg4uLcqzklrQbDS9M/B2apUWMOBM6WIHMzNaTk8gdpEKLEGP6eF1TRczi8jhdvnTD/f05YCnH3kL9zdaKphb37br9qV10I2cKfLENpzk3T4rxUwb3bGx4PnznQ4MRouD+a84aufRU2C67CBNUwL9Cz3CisUnG05Gufx0HkE7Yuo7J3ntCxmt8iw3KCPG7Gw4jfZt1xGbJRx0iAd+vuhVQFgNmgBBTIIamBbDgICi+6g8V9QFHRoCGI6JMyXIIvRQaCdiKl8MmuqBBk0NKHDZB7uwxYmR3xpt+vAfB5SCLq+UBoAm1LDgp16oG3BVjkk5eQEbkoKBy+2oAQoOK/vZUmJTmlMLbl3JqR5p8b3iILvrcx7VzFnmn7JKO75G7WfT5Joqh3HdSmw79q3hdktlibluRawLRXllGSE6iqwfbmFFaSS9tdwhywPSSCnVMvb3YepVrAvBQcL2qyKaAo3ZuE91QDcWRQDnMcA0S5I2gmprsw4WqoFBOybrP2An2J4RJgafI0/60FiALR8jWsVeQxxq1g2wDs91bK3XPOrdsU7wLzafNGJJTruh4PvsuCNjpCn+/m3FJx0Exw2NMw3v/IZ+7tPfhTaFqMazFsEQEtF7gfREuNyVqoOZkA7Sh4UAF7GcynO6VAVcWxPL7x1gJfSIs98AE4tYn+wAgZHH7z4IgBMxizhmBIYugusyEwuUGDi+ZJ5pfc4jauO8Hi0SFaj3QHLgeca2dmfTRWdP5lKDVB3cuRogbGUekghopg0wcBGZk6Da2gvQIL3uQzcW19fqSYnc0ZXyZ1N37zGyyzFjWx4Td+2NjCybphWRJFaAZXP5gsbw3Q534+WhOAI80e8NweDx3A1foJvwF8UP6a8wv4X86jyQ6DGMgXaQRMAYx5KBZVyqHPryGWug4zqWE1SrUCeYAu/VgNRBWpe/GzSURN4cT6MnybySDhJQWBj0ym8TjLxgSxKwf3NTDbtKoD3de90hy063cuxrtr2cDNsnZNvcTd0fZDghRlj2ftvfuVv7e8+8VE0MEZsbdKGBntscBCMRQOlIHkXRioqxMB0l8rUuq5n+TPKhv4+TB+SXfEay3v29VFLQjr0ohYWAQ7kl3ogKUC9MoFkE3zTsVCOqWZ0CAYwGvMqIGm0CWLQa7QA9Hip3ThLRq2mmT45P6kcijm5gS+d6Wj8eQ0BxkNL+tJg8UgCTTl/kTeguK1Pgys+wc8E3esTO3Fa2AHvGAooFWzT3ODI3op7SEaQoR2MzKv3GUqPj6swCr57egbQB1y17Ikx3OaKikgVivQZZrVxJyDIMoTyKMubrTmAkNrUfRnOhDZCqGsOsmAepZ0I2rqIqAmJQLmC52Bb4rUWgQuwEtA1nIPbujnzEsDc6oGs6xK1Yf4kAAAgAElEQVSGPzkYuMPmLMB79dW/aq99J5k3+C0riDQcFryx8aNE8MZ3c8uRrfMTvGDEb371b+1T130YoOOSZ0xCYHp4oL8XmhVmFyClY9VAqKyF8FAZ8oASQXoWDOrbwjYB1rINDferodkJRU4vA6zFXuhLmOM+eHklFHRjphq1KBf9cYUC62qpEoysskdA6JW7B49vNFoDDS+5gM5n5zSg07zBfecf2k5tlK1tnlwaybqI/JwZtbFHmBF09nYZ4MTtUkoxW8UAPV6sWLakjYd/NOOkz4TpwcCv8XhaDI+B+GCKyTIujbzQs+InvB4nALSbEBxcxlx5HURiOKgHh9egXVCRR2BAtAUEUEB7crByWTrbjNaEEoh617U+pAd1MnJRmpAfdWhbTiaQ8atR10JOEKzUprOzkBMzlCwELHMZ6LhR6wK8eK0GluamqQQvLRTf48gpIyLDz3JfOGhOm5kC814F5n3XU8a8zgZ0LKJ8cLrAhnXQrP/21c/YR//sD2zNcJ/1AZg1sGwJrDmEqVJuQs3G5r5lTZimctlZtwxZMDQ8KFCw03ugl9esQTlQdgrMRx92tOwfHIC2LMEbBiuTYWGSSwxJsRQovX46VXBA5GBwyyWCgwDG7psKw/F3sAQBqvAUM9vQMdyydFHOAxqYnQWWibsq8kllwrULjd8bnUhuLqgJAgJYdQg8HzlWbJTOZj6ytLRPo0fQKbRHvuW+aQKva4ooXZzlY/yaoPUBFJnbA1wM83FyAmcioZJVpYkZDfHJGUZFGFvuwXQiE8LpLPci/sxp615Ir7hZJEN4/nlKMd96NkcJgmdlW1A7V2twwhDWKkDS0Smbnp6W78JHI/Nyo3FONsxXGPJkCkAdM45sX8oDOm20SiizCMtXrbLNF3AvvbDUReCD+Q0LNgdAT07U7WpEG14H5uV1aOH03CHaEK1/0mbKmXZRdUjZEKMK0dFJJwQiM7EzCN6cHLbrPvzfANwiQmHYiRHpf71gSc6ySQeqlBKD7bMALffF9bDYKkxi0GGbByv3D/QAvMMKu3D3yXVr16ITMLWK95ngosAXwNvfPwhd7HqX2pNOSBdYhNut0knSNlTMYuCaMrJocGZ4/fp8BR4zKrUzyIivBrQaO4sbB9KTpgYng9Hs01oQoLMoLsdGd0cG4Snq7rAvcZ0OUtTUga2jT+B/RoZ18LqGdlCq+RP0OlMnEzFhQiZuyxWSGDxvmTqdTKtffNZLsWdGdBD5GFy1WqE7TiqQYPg+5Q4ZT/FotBu37+KAZyUfOZsgDA0YPHcdEYuWBjgK6wG8dCI5OzY9M6NpcU5NzyGnmRtwMwzZBABZrI/sOzuNiYo5tj8sJ1JFGW1gTsMMohA1bJnFduNgk9VDe07iPI1a3q5+26/bq9/0KxgwNfS978qkyBB9SkoN+XBhwFMvS3pxMB8iqyzZSDDOpugD1G7yDNxMwyumLv3W1z5jn/rYnwgUea7zQmSBDhclQC+Yk85bFxKWa0hPLAC8JdwggTKA0Fo/mKIKQK1eNYjYL4L8eNhVKLdJ5q3D1Ofx+aHVayURaB4HUXqTObIc1YxHGvZr4KMR8N0A+twcN4Z2B4e3StZtwAQyLszNnyuVScSdyQ5NmzxwQJ3BbazorBDE5EBOlnJQ1dCYBHgZTiPpjh2myAeei6GiKBekfSUdhMjAqh7HdZJ11vV83wDeDJD1AWHZ38t+xbxnnygI4GVHSkeTMQk+TOniuj0AzAByS7oUwUEIjJuc84lwewUAugQWZuMwjq3PB/D6xou4NoDCfAtOhDCVlbHleUYV4ATPALxkcoYKJg5M4XfGlRktqEA+wKKiv5uQCqOjk5CDSNBHXHdiYlrPwz3fpgFgtkMRMqWKipPTqDa5yPAcwo1veMO77dVv/XWF22jlNKbDbCkjGyJAJbY7mGWnyM6HAm9K177kJu7MLvMk/UsvkszbDeb9pP3j3/25UiBnpsYAJJ+QIEBZKpM6l/v11rE/BaMGZdZ8BWMT4JyBawFUQ6swwcFsdJx3NcDLXckZkSjC3PWCbbk+i8w7iJmrljKsKD+4CzmnmPGXgus5leLMI24c17ORRRkb9dW9CPEgz5iXYTipBpYhOD3rCR2F42jseX9sNGY/EYtk4B7cD0NIBC/ZnfP2eYQD050r5QmpXVwPu3OkXFz96UBOwZsCuRO83sZ+Lpdr/lPhshAHjZ1LJmXHUmL3YEkSfYM8pqTzRaZjhhRTvEkN3MvZIQxC7iikvD0Rk5AiR7kLbVVlwgxXt1Afw+mtVgFmvU72BCujzycnkGYKpiVFzM3yGJ/WrkBCTE9WYHFXQ1Zgw5YpOICKqpAsGNWgQ16CbKAMmcSIgt+D7W1ff8W19lNXvQ8RD5ChQnoeMmM70LEraFraoxQJLgnu5cFL7zBdWBhT1dRJYl5o3i//lf39Z/4UM2yo0wqtxNxdsipTI8mWecRxDY5cAzu/M1FGExEAAcG6CuDt4QQFnDNGdXjeVZAbq1atQZAdDgDZdni1plrpaPQif4IVxjlNrER2ztpQUuA+GHWogmVZCcaXEQUdSqeMzhp0dx2dQQvBYDtlAGUDIwUEs8dVueKYMU3fQJyNRjPXj0FE9BFKswgdadcfXCdqZXfOAniTkFgAb4ZV28Gb6t+Uef088VzibYE+Zd74viqUK42UbQDmRZShtx/gBUBotplXoXptrNoDk11Gf/B3VlUgZtlemgVk0n6YdGLfcZKEep8yq0IwM+4MAqO1mcOzT4F53bHttqmpWWQNHgAJQGpBvs2Dfblyogogj4N5PdSKdCy8z/6idJibq0J6zMLhBInZgF35xnfbT77lVyUtCiAgOnkxlVMhu2DNFLuhtcD5COrDyobUsXCdER2DyBQLHCkIY33jS39lf/fp/6l0yBpWT3BOfngVnDXpKY5qvIJsqhbCMWVIiCJ1LMJinKgYGOyHFKAT5mzDHcz7wRDDyIdgrkA3ZEMvagFQ12qj5xITRNxpYxyzhelOTnsqhMWOoMPH+CRY1de0oZc4CMCsC8zawnz8gnIFPCDPWcCYrqeZLjItHI44GaNJFsoO3BcjJIxz0snzJTv4vCcu6MuZzCMKwadIZESbFuCwChrZPxfCbdFJC9Yt9TNcenCGUW4gST4wE8HHb+YOFTFDRnbtBmjLmEghiH2rACbWMHID7Y4ztJo+Pa4QJLUxp4zJjpixazQwuLFUn1aqDplQqTILjmmsXQLcDBy3WfRxDXpVkxR4/ArASO3L2O/kJGLFYQYPzagJiXmA8sD0rMJlA7CiXil/wcbBzPVqt7317e+zV7/xvZJyUduSJdQuGbaNr8nSaJr9EJp3KYeNTRjpnO8vMCUSbPgv//Qx+9xn/gQVIaGx8KBDiPFSs5Kl1LiYq5/HlGV3rg7QYiqY+gs6khMYZFxGGnr6wBZi5TJAgs8zvINR2js0AK02gOtiZgt/E6A5rpOSw8aZLOo3xas8CK+IiDOpat/RPWZEA+ClPGH8t8Wd3cEm1MLUdYwSMClEs10c9ZREioLEiRmeAowC8CpejOf2EBlDax6z9chACNmlyFUn+VfUxBHGURJE4EdAe6e1a9+MbAidGvvBmTM4bJjtK8G5LKDtyqHNPBLj6Y05DHxO6jC/wf0EDz1q/gP3TCdtAQTTlfP2YaiMsd8aZ99goSr4OTsLvQuzP4dwVxUAppPM8v4E7uwsS/0zFuzbGFBbM0FnFtKigSjEPF7Pc2JJMROE4KA8phEqY7Thtdf+hto2yWnw4JZIk+SQOKmh+UI/ZVq6nR4SfdGJ72jS+IAc3V/9x4/YJ677fUQbytYHUA4icqCS7zJr0DCcfwfzFkpY0cXZNGjdEicd8DtnzLoxI9eHiY1exHS5SXUfwYtcWE4Jl+HQFaHlCkXEgKPHHNLzPH2P2U7UuL77L//51CtlA3uFeQAO3iaZF/fCXFnQj1ZEiEUlGzj74wF6mlDt0B7ipAQgnR96/8qgYvJMBK/nquB/HotVfJcxX0UGyHrhWNxNdvIitnrUtrFNk5TONseNF2BM16eIpX8DwDWI6dBAs2qTE4C1NMC2gg+BLDGGEwlc5TPQqZWf4ICn5RLTKT5IK4RoAlh3EdU9lZcC+URANyAf5oPmpYyowCmu4e8qQmP1wLhVLDogmJWvizAZ47p8jyG7Wg0TGKzICbCy7ZjjoPbFvc/OLmKS4tfs9QRvTMyJwz00UlYBxOc+LHiXIuQk9hi0HUFAU/71L33UPvPx/4nEnH7rgQOXo3ljNhnNGW6gjlBYHkXqikWAl44aJyAATDpvnMjIYSvRPgC+F2xdAjv0wSvu58waBkKZHYE8gkJxEJ/xUAtDQcr6UspiyEmlGZVIEHwBIiZ5e3qhNJuysgBcOG504Gg12EHSvGJc3+mdz8gzuuXxQifKkXV/XFOgSpTRNdyBcP+sXae6I+QOaGy3gyrqHKZzxNWJjOBfblD1HYDLn8q+A0FQ9yp8xGgI4+I9QxhwiJMrIcez2xZDlhtj4zn6DXL+GI/igGeeA5mU7UHmJXjnFBNfwN4VXEzL/AZGCqpgXSbjUNcy6lBDjJdOG9mXkxSM6TrTchB3AbwgCvxNK0Ui5RQxN1Fk1GhmdsHees2v2xUAL+Po0RHN8mhW/7e9fijZEA+KuitxRkKDq9MYbQDYvvW1j8Nh+7ANAnw5DC+GyjxoT9FPE9sCYJFrX/LsshKngAXeAkJpaMhSF8AL1kYiDmeDesCwjK3m8V55oNfBmyd46TQBvGBndpacNcbFJBd8UsA7nC84m3LVAeOX9Jypd5n/2gKbKEeAaYiMC3NyIW7lJG0fJir0eWdRr0MW4rUh5BUr+LCtlE+grxgqc1DHCIP/npUGgbEDGCNYBVOB08+VzMYpNBTBq8lin1xgvFZT1/4aZzy7Gc1Bm+ULiPTQceNgJ3iV5kiQ00HzSIOS62OOhfKHmVftucVMkGebNZmUM4f9kCEJCd66NleZ0xQxV5XUyLoIK8Z8B0oFTlZUCV7MYdNZE5A1Dc84OgcKJ3kQnUI+71vf9j57/ds+sGxuQ1ZKqZ8PB97ILGxGao503p996tGGAiYQbvjqx+wzn/gQHDY4C1y6gkZgSIUTDkyy8SyzJtIKEfpC5IF5Cj2MOMCzJHjzAG8ZkxsDZG549T2IUfbBucgzy4w5D2Us4ylgPRhMIZubAwa95CsgNMNEYc/FnB6LVgXGUFGHIHZvmXoXjIvK5i05bcyFhdZl9hS/w4yZ1qlpRtAlRNSqvIYSawIIfW2WTw/LSQvvJRAO08DuvB0cv3WwOrjTz8Tj4osO3hgs4z3EtWwCeQCvpJksD1fyAo4Y3DkUQ+nG2rpikbOcTHhSOp5bLBb79ti/7p2TFAwXgi818US5RavECZ0mnDhux8soBMHLJJ0GQoac4q1RNlQQIgPrVhi9wQLcOH1cJ/PW6H9ANlAHUzKAldkWTNL5/9s7txDLsrOO7+ruqlPVl0zMOJMZjDNDiAMOIUFQvIAIQTQPgnmQiBj1yReDGkUEnxRxQMEXEZQYxBu+ivFCJIPGhyCiBB8copgMytAqE5Iedbqruqqru/z//t/3rb32rnOqTlWqZ8KQ3Zyuc9nXtf7rW//vukhCIJ73/+4cSfIKvD/2s3bXm/N2CmufiNmzgRPtvH2Djs0bU5kbHu0IhU1T1F99/KPD7//Orw6PSEoeYejXyGUChzaQhLd5Bbog6avq5NAGJC6GfywLeOUA784N0QVJ3h2Btgfv4nqBV4l9WwIvNkkdQ0e45o07F4mGZwJTAQ/fS17AS0CLeDfl9/X34FCGd/NevEOxjECETlbFngAvvKy1A2/MbwNgBd5ojABBAHKUvP1sNVXA+hZdBt5RSvdmM4O3Q3sF/Fg6o5RxKgL6iQEhHUkFPjYFYtvASfOxlCbAnjaD82Irx62Ok4VBRp0FgZeBqQEPeB2TIrf+nhQ1wHtXTot9gfaOaAS04Z60LijDriUvbvjgtAf7Aq8o1gOZNM15JYEN2kyH9xojuqf/TfB+4Ed/xsE9Npd6IPa0qWbUcaSfKnnnoO07o6cNnxB4f/e3nhdPFb8SUDalgCFxnRVBELgCdbZMG4jcB8CAV6YbSV5Sha5sC7zyrt14i8ArugBtwNqA5F0gecXfNhXgvSXwOh5VJh6DN336cV8R+hcENcxjIU1R2MLgjuR18DZaNXyYrFZojQOOaCwn1nngBTg78FqC2hBttHrZp+SzTObh3h3Bu2rwL4ft9NtlCgp7mLS4/6ITw+KQLmiX1tL1AS8BUTgpKPQhPQEdwetpEMKJbdWBOdTTsGE7L84zEZuhQW3Hgpw4Cd578oyS7bsr4N4VDz6QYnZH3sa7KjpIdjieyF3RhwIvytqeeC6AxZQJ/zWVMHih2NF+SF7A+8PQhh/5iGMvKrGzYqtPGvSnxvOWVpy6R/AkvD8ONcTasDV88i9/T+D9ZRUaIfJJUlejGKkLeIVP7a94BYF3IfDieVuIe6GoEduL+xhT47YkLAobFodrMvNgakNhW8B5F0qnl/KxSW4/0VAEBlOojukuARyFPKJ3PcUnbSBwm6lwDl6mKLxueMvIzPVq7TbLUFuWdYL5HM6ZkLbMNqPL15FmeU1g65WQqrE6qdFTr9Ok7zJ6ESa4GJNz2mDJy7Oyh2NIBGYcFnoRXYbZ8XLmom3K8oCCa1Mj0rdTdmMhxAjIJ74YNwaZHQavpO49xaTsaeVLnDr7uNETvFgb9lR4EM8jRUUAL6Dcl6Tdk22X5V/vHyqeW019LyWv13iz8osQEHgV6wN4v/+HfiqsOA45baP0xLF+KnhLAYnRXu45+65cuZHGeEFpQH/wsV+TAwLDnDxc2pWG3FIDEq1k8Go1cwflSKEgtmFnBzsvnLfAK8O6Mo+RvG9RVBRuTnuFJJG3ZH3AVIb0JZaB2AKDt2ndFQCT+OFWU/IiSeG0ZeM195X2fKTGxtTHAAzJi2IWtMFPl5aH1eBFc66YhgRvKmtBIyqG4bgbeF3p63OYA7rpE7zBCUv++i3/YccFvBjwCTAi1lkzGOlIfmEys22cQB7Ay/ss5mLrW4R0HuJptIE1wAtYAe++PJNkW+xZ8spDhp03wUtC5b6EQUhePJIEMZERQkikJK8zK5C8wXv9QOgnmhEA7wc/9OHhAz8o2mA82WbSlNsvS/KGBTs4nVeQsSSisRBSmmKlCPzrP/3t8Pwv/oTBe1/xC0hcRjNpO4D3MstJSWFzsDlhjeK9ZE3wPqwNYmfX5PoVUAEvUveaALxNbTFxYIMXu+UmSogGhBQS1xiyy5S2QAJF4qXBhlpnhSuykwmxdE0ESVr+orBRTAsuTClVQBupQxmxhEHSA3WMVWiKWcUoZGZGOChiX8L/orGmfG0dsM73aYMmwevUJGt40bb0S8RVE5yj+zRtUB/hlDB4NUMJvJumCVhnoApYG/gb1gfOVfEN8fyRBOq6xXYPSykTgPl7IMvDnrxtWBkaeB3XIGVM4N0T/bLkFWDD9hs8lzgKm84shVGks/iJrnd5+/pw686D4ad//vnh277zB8JJYfBG0BEC5KTKOWeUvKk5G7xInui0S5fuDh/99Y8Mn3rhz+TWRSHg8tAGQMUNCLwC9kK0gkCeRQXn6HdCJ1GAF9cFXlEGAmCgD9cVw7DQ+20ksKKUMLpvisch6a/IDRoKG2M44z8ryIRv4YFIzjR/hYTFgB4uYsCLxI0iHsl5mSoteQOAntjow3RPFm0iNiAoxFTyRibwcfD2GvJZQNycFidIXu7P8Riw9KQQkhQO1MeUCNfFZQzNwlnhoiGiD5c1e1lRK2WXiTxTpyKNnggzvKKsSo/0ve2YFUteXMOiCWHnpfIN7nNqNARtwIaL3wfbriUt8b+YxvQ9wem2Cml221Jfvnb3ksqivmf4hV/5DfX54wYrYZoXKHmzQzx32Y9oiVcdZR1HdlxW3fnt33x++PSn/nx4VOWeUMTMnewVomaYOK8Us7DzhoMC2oC3DSfF4vpCwIU2CMCStjckeQHvgvw1jVACcwhKt+RVUiTcDhQ5qMTmscCd75YP1gyCDrguhOMZcFLwl+ioyKrAWWFb8Ay8BeIpeMPO24O3tYPaJFJ5ppL3LIBdJn2LNoRAQBcN2tDzY7OKBl7MZSi0ETJKED8BOpjIArxIXV7UR8B2HH1p8yLtxctZx8SHUJMtqEMEXGHbhULIZIbHTWC9C3hR1ojCE8/FrkuYsxU2pK0GAxkqh5K4SGKE2pEqJb22+2B4+9PPDT/5c780PPXO5+yBc8HF7Mve47iqDc8sed2pNhXBZZE+KEfZoBu7w198/I+GF/74Y3q4V2RBwLJAmo7cq1cUjCzwLjQtAFyk8rasBriIcVJAGxbE/uJiFnivKzqKmmeAl/jQLdl2tyhap07YJPXc9RCQulWEDxdxaLKxZWfAZW3TlX+dQh12TADiAK9dx06C1HTp1H6wPAbbTDivC57E2GhV0PNqSN6HCV4u44quZdfOfkAhdc0yp/VDG/QBfUCD3DUYyFWz4kaQTlgbgj6EmRFBFNQnMplR1KxU2YwY4IU23JOlgdiGO3rtS2HDRXwgyrAr2y7WBiQvcQ0AE/cwtl1AS+oXytqRFlWEA++KC9872B7e+63vGz704x8e3v7kO53jtgEP17EwlrHy0XL7eIF5DfCW64hxH0Z7PzCj1ZMrX2ETZfqFFlwdbv3n54dP/OkfDp/5x78eXn31ZUlSFRnZIU5W+qXazMHomg4Xae+VMBBIBWTAKimBJYKMiQUKnIBMkiDRZK64aPDipEjvmsGbL3PUhi7TAFsR7IhI2mC3MApcGOThw03q2tTG83gUWPMdnQx8nQDpaMPrIXk9e4Ujdyp5bRTNkEHrdQCXNxGMA88lmszp+lTCQQdB8lphM9+I/kz93+UCcu0Pg1fS1pTBFgZ51wxgzGUCK542SVc4L+GjgJfoMUpH2bpAwiWuYN2fDBKq8aAMChWcfuZd7x6++/0fHL7ju75Hs+fCkWQkA2APHj2kETN+4Zw3HjanmpxyyNZ1NZv7ih9VuN1lWRXQJl995XPD3336T4bP/MPf6P1NjbhbwyPitjcEyk2nvWN5wCMkU5ktDbL94jYWlbgG503rw7a8eFCGSLYkk0ExDgJ+FPnIqjQA2LZWRnGBLoAJZQjawCtKExEkQ70w1wbzPwYpEWWpydcgMPctU1lW43nDJG+Yzcr6EMIjw5HALPeM8kZbGKiYzCLJkhoU8FzSp1y6isRYLBP13OlVdPETp89LYZOFIZS1CsyJGOhdSd59Ut8lXe/uySqBd03gdTaxrQsCvo6nUs7dAwmj6183PPPMu4dvf9/3WeK6Hi+UArOreXf0QBpVrIQ+BNpQU/LUFORCye5kgdavaFDHHwAJOQVeevGzw4svfnJ46XN/P/wP9WmPtELOtQeSyOK7AuU1xZ9elXTeVPzDQl6hHVsYUOIkeS2R1QHE91LvS9IZU5Ar1WACcvYrozVSvaP2AJ1Qmb9hFiP5koCTI+IZkLqmCyV5HMOXkpebTqU0LQ4tLsFTd1ohOlPZKoWtprjz/J2Yyoo25KBqdIaW57YdkJGDjCwDnETEMjDLYffVYI/M66AMfgaONUOypdp0wfZt9AWSKCVpTRnwrEEN9BmbLnQBinBP9lwC9fcpqqcg9L3dDdECSVl9Juv7a9/xxPDss987fPM3vX947Omv18ASaB1zkjQn5GBuOfoSYhcE3lXNnoEqHu5YIRgtnTLXpFPYfM2vBPKD3ZvDzZc/O7z88j8PN2/+y/DFL/3HcCDX44IaXzsPlOajDFjiUQVQKMQ1cQ64MFSBREw6AT89RniUNgegW/HgEnRajVqM7tAD+BteNvz11GwgSyAK2LUgnpw6J+Ad5UBTjvqFEYNaR9B5mMpwbGRmBM2Qdt7zgLaOKfDaHa1/sQyB7WM+f7Ml5+TfrpnMYcOFXWAQmM6idoTDJIkoc0AOOkuGS6bd3un/tA2FQ5T2A3gPBV4sCuSwEYDjoBsHquO1lIRVftoDFR586yNPDY8+/q7h8Se+ZfiG5947PPH0U7quvKKtbloo2G5ncGtMMOMlgq2Mrt9ia3DekrYl1OPkNWiiE+nBAC5/g7vwluCLMANEQ5GHBsgipJCynbdvf0Hrmt0cXvmvfx++cPPzGr031dj/7ZXUCW6/ruIj16S82WZMDDC2S2o7eGXJSMyLO4uSTuFejHoBET8btmm7e1HOCBxyjTDLnXyS6TNZemezVnikJUEzm/F8UQagt/8uM5Wt3xXH91xL8to2bXj4BOEtS7cvIY+iB84UhgNnDG8FsteCJl7HDZrvmgyxph1ng+PiDkbyki2xR+ijQMy8eu+QMldPDm997DHlHz4+PPX0e1SX+Ru1iOCTOlKmTOBgaobXLGWXXfhpsSl9aYKmsQ0esuTlQowad6+VtujJHDotm5bPIaXDlMX7kNRRRdFjMO8ag/et4fbuvylP6ovDa1+6pdH+kov3MdWT9GdLBQ42eexI9CRiyrTB9uaKp4BPpZPC18SBUFIXE1reqrE7SutglBabzqaI5U97ijRGiAEsh0l6BzR2Bk5aO9aSvJM5cynGm+RNVmgLaFoZRtrg2/Wqk9xLMxu6WaE+UXcNrnsFyUtr0Df5iog8Yg7kSBDYUKB4FvjobXHdg7tSjqVoXcJ2fJklC94xfM2jbxuu3nhCBbSfjTBV12YjUk2gdiE9IvMi38zkxNMivYDOEGbNaLheIJ5B5GZrHZO86xvVjYq8fkmw2Q0UFpJV0cp1/lpQ299xM+6UkJwmYkY1v9ySaUtLYcnDg71x97Yqat9R5qlWu4U331EqOyGYG6q3RRwqKfYUZW7tgxZLFL9nBnkEHaOrzmIq5pLcW+aDuVH1G6cK8OaEkhSgD280ePMV2RBla0aEjYBfiso1v2zg5fx0OwNtDk7r15UAAAwISURBVN50ziANY0s7tImGBjHNiHJmyctyXZHtgefL9XecEoRDOGvBKa7kihYYp3YuVd23tXYdccHXtQwVyp+ifjihj3EdsiyHVTzaTsZuNvY9+/5z1U+oT89zu/tes1nabgYvI2WfSimOB6hGWOdUJXlDU19GWBq+W9PGm7GpE7fpYg3BF9LPUt3G9zy/+TUvaAeeIMoTkckrq/glbJSKPVUCIcEkB04cBODUuNX3DodUTQdCIQXgQ82Th84yJgOZy4DkkA0LtGCug7QoJS6Mu8EzbUJLD2MOzAl4PQZOtlGOrTulY32rV3UdB99wvpS81s2TwuRcluDOtjMnBiQq9kwdBIivwiOV7irlWIH98lZuESqpXMAtwKrAJ0ycpPVjlhyGt+lVuWZhC2ZiZTD4ZZoRbWXqVZOt+yl63H3owR/uFRTK0olyjEX/GjdsnoLPtMkLeP+IWgfrS9z+/B00UyIsu/ocwLVPdVtYKni4sFI4OEY/ui6KzXEAJ4+q0Ed3JQJ6lPY0ztWreI9oQzxnpLSIDVJ7S9kAZMQSjA6oD/G2UVRDYL+vsqxH+h4ljvKil460yDaeOE2lwWkBC2Y0NbS5O7wv4l/N3/MeU3AnPQrTD9soDrIl0oIR+kJw9DGxle/C3GcvGDVIbb8NrsjZyPMjuZFMBOy4VDTf2FDKDxYFZ0vgWdMyA9e0aN8GLnWSWxXfa88a0WVRMsAS1JaaLBwIlCTAnBnte/MUlNeNQCgPHMdZAGA9o0Mbg6Ekx4onbvSRt2HCNHU0fYhnbFNbfT4TdHWG3b09hbtG+aMzbz0q6/2ZT8Jz8LA5ZlO6BploLDTOaptQzuUNGtMLEuC+Q+mnatBYfCI2oyTfO3SXjpIkBoC8Mu0nFotBuYs4X5uOXA083KeY3AjwwdXs493JvLK+mTMzQnIHzx+B7FQiK1XYpUOBcXwGSpWpEhYFApqoawEoI2mSipi1nBcZuBtaPorC1nZdMFqdIVEzUwfIEob1/LlXNm99yr+jOOFcY+G/asNqwBqEXdv3VMCjsoZsSFwfYVdgdvSK/jsLfDa0RgDM4SzHdPv2kjfBca4z8eRINTozDdZldmtYTYqyBLzt7vWGKRbb8DSUrhos79GItGhPIOl9gtrN7Ckumr+w7ifNqTCkxry/OVkvtfg9zhWjhq3OWCDof5v0d+zuARDX8jPmg6JM+R6hrMTAeqYKJcnkgnYsycdx7TKzgTy5MyhUNTYPnrNhHd/QzrnzvuqeCvPV9/0Y8ODhfpcBoz+wu7c1MbShan/nRe70EoXjNS987OA2UAsVIa8m7eJMhlHyxm+zvfQlRUtGpYCdMOTTOQWhtCbU9NYkcgR2p/+wk5hcJUSYFeccWGjlcYdxjVGYxHfFe0ezTwLQ02gqqh63cWMONTXP5iIZ4Wb+GqA0O+ysOWFfRu1i/yAgvJzJl20V03Sit8bOrK/iY4A1GonzQQn0rdMz+pEaAqaet8fppE97FcgOnyXA+LIwo9tYBl7MT5TXBwGuyyXbngegPlOt3AuSoORlDQN+o9Cdj9FGnS9MLqdt7RhfhyqO1NWNgtTUMYPzwTupWBNVzwnmwU1MPStVYmHl+DFtt13uepO805Htvgn3jjvdcavxYG7cEKwdCFvjhvSzwC2pYz6QNrdVD5r7HrNZ1nkL96mMNUUVcKcVYZ4HNxYxKWdMPIOf1Mcl2OKLccpukniU5tPbrpsawduNxgB0413roK4kRfZB3k+TIBdBG+bgxTa3I08WRdVoTKrEUA2bFBFqKtA2BGIQTEHNsTsK1MA/TSgjx7BRJI/CbGOE1/He9YIpHCNfeVxHxe3kYjyUMnRV31OVBruur6nD8Z8TXEJw9Z6incgM2NRgIVBkvlFXrNGG1ifjBNN3U6I3AVBuhmjwWmSwOLlxPevjpX1QNCyB1A4pLmKLRbh1G/CARifg+sv4btJ60Shefc6HL7s0HRT0ppOQvkiNvlUjDSWNY1JJ66RrHFF3BJ8uK9Oqc3W7c9gau59wppU/HZO8UQDvin3YbEhTgEaqh6uWq9ELvCRSSuGLsvH652rXgFeAw/xGbVb2AcQubIwTQeeniDBZFL6O3I2+jivS6DoqCEJNMFy7SG9cxDQc595RVJlrwTq9XrUeJGHxuc+l7wS8a7fKqFYVbUhR7Gs1wtnej9L42CVm4O0dHoGDlH55ruYM6TBS99D+YvEoYOY56rj4mKa5ErxzSdfRjalErbsvKlAjaC5dzyp5u1ZZR1Cv3U/jjsfAS5kmpC3gpTsBEg3DZ6QZ0jJq9OI+JMyQqoBRQv4eNtQEItMegEOJ4BiACGALbMQ7+DoCH+dv19FnfkP6e5rW1L7LLKC/pAf1YOUYpDN1xvrtRPD20/5pDdZjdtm+q34vwt0rNiddy2Dvp1c+dijsgGt3e27LhhQ/jXuc9oAn/H58ejrbyermLuRmll/6RM5Lm0YpeC3PKaDCd3kmJGfRBtKhkY6rwMtlkbAA3ItxUG40t+K8vg7lUmU+2pMfHYlavBlqglMA0PI9NQKcKKkuOhd4z9YFJ++9SqLMJO/KkxiIs5OcdM4C9El31YP+TM/aS94TL3D8nk+7zusleZGuSFav3KLNlEBtjHLWJF/+5mmb8p/EKGha2if/Q1tPG0rC4sEDiJwHSenr6FVTPrQB6oH0JpfttnKk2KAS9dkS/GHQhgLbaZ3g30tCrk8bvgrebLa12nf9nY5JXoCLnZSgYwMxp3YCN8gxK1cyGcLbFAqWwmQ6ofcA2cd0ChtUoarLeMVLfYYLlz12fh2sGCz+QfgdIGfwEDnGfkhqODlUA8kPH+f6821dztssB5wgrRBhFkK4JC+df7bpKHYZNfuHODeu35dvzj1PECwraAPAwGMjsxfRXCyqpQ1go/0DJitklqJRVeZ8prLZdUgv1cb5kdIoinBqaEpZLpDqDAA+7y9R1jh+bfACwARqm9nmoGXa6Wd3Kz6lcHUgf3NC541/qiV8v3XHV4aT4mLb6DTwtsi2gGFIUeNwNKfVHTmuQf/aKuTmqWlKm3hCLvYZvnq20aberDX0T4GZXnizgXe5e3gKhaZI91SBOg/dbn29MNtOl6DJSYzrWhTWReMqa8i5FbF1L/wVtl8vcWfCpUneCswpN2uZ6Vc9yug8nXXnQ9Ioz9qkDswRT1+12R7aSdxgDRE1Zgmc0rQ5OdJr5faxCTRGf4Su5ed1JHBvKVi1fydV5nNA67CLHixnbeDXY/8ZcKudJ2Gm9Ivcv0flkBjjBFbf4QTkvS2wA+8xA9A6nXsBjcLAQqn0ml3LtmwUV9PB2qF95tXK54dFomKaXXE+OQYgwHuawjYxlfagW6WE9E6I2Y20c61jLlujLUv0NMfH69RHa9xaEwoewNxX1o3zPdMf2U5y9StqIIPRI3t0eTHkFmQS3RcxAP3WgbfvtLbXQ5QYkXISdX9XArfuVffhwG7n7EQeGg1Sq022ewfoBhnKWQI1JW0BGgncwB17tu3Yc3eg6z1j0zbs5r2S8FYYxziG6sC1QbBix8b1Oyk32fWNpCnWM3LLfuhnwvrJwegtrZsOOME0EcDvQNuhtFzh3ic7ciKB+8Z4SECehkEu6bUCZN6Ls4G1Wy2KWM/nbN0Cdj6zM5Rr1PMe0HfT/Pxqx6Z9js22beA/dlB0mgtuOJa4XL4deC9IQq6SvG84+8s2qnCIWE4hhU3hM/tiQ54sRb2lZMGEWQ3WS5Fs+GPAhv6lFK7cqgbw4o5csKbDC2r4c0sdAFngoFHIjsjp34vVkTjooPAAGlkYUY0nPpdjpbloS/Lydy55cwBU5ZcQ2hEn2A+y/n3f9tXWPeA9qPJa1c6TAdEPjk4I9fff7+92nEnYBuoUQm2fczf6OQ4syVsDPtvZSy0Qv8w/+g3wBndjdoxMUkdP9VNVO0mAu62N5dSUkLRW5LrG8zmzYSbc8A2ejtqIpkFqBgAULi4XI3wEL0HegDee28mh2S5NItSApI268Mz5LBCDoaiIpGuGlc7BW/lqtGsPfH/mGiV9ckborR2rgBwDJymO+yiC7ZugqXMxE/H87JO0qimm58DguQ6pPkk65zbTzZJy5IRXZ7/QDZeG/weuAm1jeVdX9gAAAABJRU5ErkJggg==','<p>The Ultimate Question of Life, the Universe and Everything</p>',NULL,NULL,1,'Johan, Marc',NULL,'logiciel','COBOL','Interne','>50',NULL,'2021-11-15 16:03:20','2024-09-22 13:38:45',NULL,18,1,NULL,1,1,1,NULL,3120,1800,'2023-10-19 00:00:00','2023-10-28 00:00:00','Critical GRP-0',NULL,NULL),
(19,'Windows Word 98',NULL,'<p>Traitement de texte Word</p>',NULL,NULL,1,'Johan, Marc',NULL,'progiciel','Microsoft','Interne',NULL,NULL,'2022-06-14 11:52:36','2022-06-14 11:52:58',NULL,18,1,NULL,1,1,1,NULL,3120,1800,'2022-06-14 00:00:00',NULL,NULL,NULL,NULL),
(35,'Vulnerability','iVBORw0KGgoAAAANSUhEUgAAALIAAAC0CAYAAAAw03Z1AAAgAElEQVR4XuxdBYBdxdn91jUb94QEbfFSKNKipZTiXhyCh+DuBCgagntC0OBaKG4FCqVoobTFibvsZt3/c843c9/bzSbZGGz689qw9uTemTNnzqeTsfKqP2vu0rWLXTPyatt6y80tIyPDfnoszxFotmbLwP/4ta0Hx59/4XPid8vzela8925ubrb6hkZ75JHH7Lrrb7DS0lLLOOuc85v/dPGFlpOTs+Ld0U9X/P96BAjoWbPn2vkXDrcM/NA2Mfy/HqL5bz7yZ2TJBQ1Pe1jU+Zbv6OwcOZq/jX/J/ImR24VAwre2vuEnIC9otBxs3Np9nftG7z/H7+d7LZ6q1+GppIfWoI4AbtI7NFpzBt6tORNf+ZvM8HYObAcyv4/wbte8/r990k+MvICpT4BMQAqYAdD4gd9HwEahm/zsaHf0tflIbYB6z+S9nY3jCzOT1eBv9JPlsvA1+v8YyKTPwJnhS+Re7FP8fwt25S/0d4G4Sd/rN3oPh1lmxCh+5OsXCmQCWOyO98oAK4t/wcMZWdbU3GRZ/BlgbsLnkZ310Qt933AZC11E/7uE/f8QyAFhARUCUMSjsMDtnohx0Dbpi7/GGdQpOgPgc+gtG7Zs1Ps3CbhRuvASsrgD8DMCiLVuEtHiwEzYOiI9LtD4V60qrZxlc7EdcD38vwKyAzJMe0CvgJtYcAHEAjOYkOjJjHyYmr2apiarqamzqppaq6ioxr9Kq6mts/J5ZdbY2GB1DU3WiOfwX7okyMnJtsysDMvJyrHiwiIryM+17l26WF5BruXj+4LCQsvLTKnl+IkENxCu69Q1tYRv6sLiigzAjao+hd7/XST/jwI5UbjOpAl8o4fAf+nADlIBlEiWzczOSoDBv5bX1NjMmbNt+rS5NnX6TJsxa5aVlZbDd1lm5RUV8Gc2WT2s5kYAra6h3hkVYOR7R3ZtFvggIZoCh+PHXHxOTlaWZeNfFhZL505F1rNndysqLrAePXvYwH49rXv3LtazVy/rXJgHqZF6NDfyvX2R8LMisBUD0K6RrEy/858YuQPuIQu7JCHWdUIwx1o9OwpXAAGagc/KzEqJA2Jgxpw5Nn7iFPtu/CQbP2kSADwdwK2yysoGsGGOpEY2gEJmzQAI8Uv3L1ACCFRpIKIE0bXgH3V3ECKJfMAHNjY3WgZ1BcHZ1GgNTfW6h2z8Mjcv2wo7F9mAXt1ttcGDbPDAATZ48ADr0a2kBdM34nX8HA9m8f5xT3pT/ozvM3nV2FnwRX9awaa1PZe7wjLywmypjMBAbkz5gyCVtwH/sgjA8CivrrPxEybZl199bV9+M84mT5th5eXV1tDYCNBmWG5OLnQqJEFmtoOV/wP7+pu6AeaKhSzJ3zkDRtdZ3A9osiXfU7aAhYMipw8Uf8X/9DuqCAKPernRahvqrBlyxZobLBfX3aVzJxswoK+tvsrKttrqg22VQf2sU16uv46f0MirxoXA8nRRlGLs1D6VgvL/SiB3BQZyKtCbMnZ83lIhHmzn3OKBsMzMrAQoldU1AO239tl/vrQvvvzWpk2fbbV1YMKsXMvOzbes7NyUHxfERj9vcFk4mAE0vq9v5eFP4XOboqHYwiALzBwBrtdGv7GvCF4zgawFxxVBFhXL4ndyh1An83Mbra6uzpogY7KzM21A/z62xqor24a/WNt+vtpAK8rzCC2fR7lD6eHekLDyuKD0+VGFuAxa0VMTVlggx2mJbrLI0EkIgR4ASgcZaxnYspvtm+/H26ef/ds+/OenNmnqdOAiE+ycC9bNgzbOxrOzpS+lnSk1g/9AzB537YTLwyeR5fkauM3klhNL82fAJ4Bcjo7wOr2NPBNhAQRqb6JhmEaP+rvIPewC4QXxfpqawNJkYUiShtpaKyzItL69S2y9tde0ddZew1YDuPMBdKkW7C5Z1P++7vyrFkm4lnjP/LzkuuJ3LYVI279NBuVH+2aFBHIMJPjWHoAXGSaAJCNs06XVtfbhx5/bRx//07757nurqKyGkZVvObkFom++VyO3crrTAMbIVJyRiKt0Z0dmZFLqX3KdwAF/L95CnooIbDGo7xopUAbVConQYktPkz18N9fQugJJmSSqGDwplE4EPj0YmXgv3ioZuKGuFmxdAwli9rNVB9lmm21kv9pwfSuBV0RipR5amq/hCwI+08GcWMUpVvjRgLm4H9zhgTxfrpiM8hAowFeCkOMuXYlvcrPAqnhMnjHT3vrHp/bBx/+2qTDYqHnz8gsw8TlgSmheeBCENXAWuVtoEHhTDEQtHbddAoeAJlDopWigi62BX7GF4735tR5almCWl0Lg9GB0Sz81FAy9FdgB4ld+r39I3JIXQ0B3OeBSxoEbXYK81Mjgkh4EuwxNX5QZkB0ZcA3yb3369rCNNvyZbf6bTa1fjy66xwbmJlBycDGmr6jWdCtR3fKXPzHy4i4xTUvY4iPrOkml78mSDwRPdgDw95AM77zznv3jg49tdlkN9G6B5QAkcDFg9rkApBj1z5N2tAqsCZqUk0uWkyLFexL8tdi2q6urpUsJ3qrKqgBuPoeApYyQiJGWJYgpB5zhgzXIz8FzMrmd87PCFs6VEcmPl0GmzIIXJSc7B9edbbm58C0X4Prhf87HVzFzOrC1I7gbTqEbBVTwOfgfloTupRYLrwEuxC5w5W262Xr2uy03gBektwMaC49gp/vPdwFKKC6GEGmkbaB3T+V80Ex2H0jHenR4Rp5vuIRtn/4mWOhk0iwAcNL0Ofb6m+/Zu//4yOaWzQP7FoLlYM1z4qEjCSx3y0WXGA0qAtsnPhuursrqKqtDYKOyEgEOTH4dtmoukoZ6MJwA5IaTDMf4s/SwA7aJYWyFtx1wTsv+Nf6+BaNF8g9aOh3Y0cPC+2SKbXFxEe4nB/7n+D0YHZ4UuuvI/ARxBuSFe0wIRIwLv6P3DV/p466snms9uxfYZr/a0LbZcgsb1KcHdhG+tAHv5ZfMS2rSYg6BGUmplMBJ+V5+AnK7RyAysr8gZjhozsQiBFdFRZU9+8p79ubb71tZWbnlQj5k5+TLYm8my4o/nDmdPbVfAoicbENEDtG5ygpE6WoA4CqwbkMiJ6g/owskbsHyBAQvQDSYwuW1AKz7jYkM/zy/g4U/onSIciIanVHP+lbRbHlg6iJEBguLigDyLDA3GJx+bSw6ySR9kHs8BEK587hwDQGcamsES/fsWmJbbfFrFFP8xnp3LnC5QYcjlVnYUeQyDOCOSv0nILcLvmlTHViKYCb7Ufs1yA+cYfkAWD3Y+O/vfWQvvvy6fT+l0rLyCsTM2uKDxeYaM2Ax+I8zIUHItlVVVWJufl9Pn7EWBzhMWjl8eNCP0roEfrrbLWy5cZHF13BrTvdfRy2UgvOCByLynhYN/k+3ocAdFi05VtcASeDmoBtuhQX51rVrZ+tUVAjvC3ceeiqE+uDW8/eRrgb1cpyaGuuw+1RZ3749bcffb2NbbbwB2J6vq/PdhlIs3LMPoo+lS7LEVmzXrP4QT+pY0iLi2MfN/0MLCz/TfdYIEGdnZ9jX30+2P//5RfscfuAssG9WXjH+zuBYMK5kDFIyOJLJ3nxUQTowL6K8otyqAWQ9A38TQMJzZUiGgEfKEPILS/zT0gdhZvUX18jMMY5+Bg9GLIqDW06xMt2CARY/yz00bpRlNrtC9bwl17X0OWNk9Eb5YOYisHRJ55JEU0cjMQxm8oFcAMR8XS00NHzo66/zM9tnz+1s1ZV6gTDkPA/GIDcVAtvB+xMjt2NZRiaLkyi9phwFRuOyraq+2Z576W/2/EuvQ/Mh0pVfhEHnG3scjawqFaHJ50Q5gGmszULoubSsTGFggVf0omRJbMlBgBAwIU9C75pm0UeXmLZ9GmwBdPG2Iks5kFMSOZEF7bj/dCB7EMfZVYn3BBOAnBk1OCDF58gNp9v0SCAfNBLzcvME6OLiTnofelYyaJQq+MEFLLUv/zJtusqqcssvzLLfb7ep7bbDVlYMY7MWnhiG8N3v7CD25Rndjh2HmX80Rm6rwqqFIcSp0ZbuWu/Lr761B554DUGNiZaLrZRgrAcAlREWBlgMpYni1tkMANfa3LlzrRy+Y+YjeGjaqaX1Z/lvWmraBWIvKo+0JyRAFvCWbIIXtGWnIm/hqgNbJgahLjtUldA1RxmGhc77LUJGXbduTEYq0tU2wjik/CG46UUh23MD4vgwWkj34lo/62v77rGjrbv6KlYnIzKVdce0Uu4/qWBRahDcEvhxHj8qkKNRE5kvqAgxmrvUuH2avfTq6/bE089bTX2e5Rd10qDL+8sMGLJq2ME5OXw+XWRz5pRCPlRryBuYf4D34uBzEtxFFtDPcY/bd/w2zEW6MIiTlLBt+nzFZBzGVZYCyHF1xUtrLUwSvR9vWNee0GQAprNufK8oLYqKi5FN1w0MXYi/8TmevC+vDkmD+jmwe111heXDi7PHrjvajttuhgASJAjGkPPBBeM7oC9YPuYnhR8ezD8akB0/zp5J4noYlAaBOAtyoMzG3P+Iffr5f+BPLYEhk4ct0rc26kJOBW2a7Exa7ZkuIWbPQV5whbDpjMU3pY+XX1sCOeT3WBalBVlKE9M+bdtCIkfwEj9LAeQFMXKEhX9mQE9EeRqKgqiR9MmUa9FNQn5tkrRots5dOis9NL8gz92EkkiQHpRcyp+GHUJ5BYOyFkGVDX+5qh20707Wp0dPgBlSI+Rn6zKC3BAxpC3+H4OZf3gga7YCwMLNkw3cUeBbO0H82Rff2d1jH7GpiNDlF5VIH0Zzw+eQ/6ULLgdBixpIiFK536gFs5VTDNMLKBegg5ZgIEKvDAoiMWAS8C0htywjIC+IxxaW1BPZ10narz+dyeeTcGBjGr/FnYqRm9FTrjtGKt24wP9pj9BAVgVMs9VUlcIjUmRHH36wrbPmQKvDXMk/LcnHJLvA/oGlU1vED8vKPziQI+u4keIGCz3EsCuke3PgD33t3Y/swUeeAktgoDDQzsKUEdB1SPShfMhAFI0JP7PR12Da9Gnwg4LFmbUWWZXzQg0dKivo5PcFlLLA47UouWcJdW1cU3FxLA0jL8upn2+3C7sfx80XeaMVoiqlV68e8nSQFJxQnKEJYxqPnI/ammoBe9/9d7Ltt/yl1eM5WfwXvCkuN3y3WNSusizvMf29flAge9ZXCA1zWxIJIHuLQQZu/9je7n/iWXvxrX9aHliVYVoNrl7lKY78npG1uvoam4HKjdKyCvdEyO+JbZGJP2nZ45IXwR3HIIWydYNGTkkLbL+KgC3hYzkz8uJeVTqIoxSJxCG3GsFMnYwdi3NAQ7BH9+7wWhQI4Pyz+FiuCjBwFuYIrF1bWwqvxka27+57WR6ijQy3e+kVGTxIOfGFs/UP+fhBgaxtXTovbvnUb/UAZi4CFHU25q6x9s5H/7aczj088iZL3LcurnoMl4y7uSgzmjlrBsCMqg38TA+FmEBajQZJil59a3UWjqHk+OfIHkvNoh0MyD7OLe2PCKp0ie0CjLkqSKjKy4N27mElJSWapDBsctkxn8N/gbrE8lm2yYa/smOG7Gedi3KVr6HwNgWHCMMXR0xUTann5QvrHwzIItOwBbkYy5TjnXVrc8sqbdTosfb5519afkkPq9HzGGWLTh6+GLVxcNzPQ0h6Jurm6oNBo3g1AR6kgzJyyOBuxzjA+R8aMMR3Kg9m2cm5FQDIKQ9RIBGMfxZBqm2IQSAOjKFusCc0cbcQcKHPHRJCHiLP56C+rkVhwuqDBtjxQ/e3nt2KweL1yvvQI7CC7wSpHI3lC2MRXYKu5fJZ0fCI1nNw3CAsXIuQaC6Mudl22x0P2DcoMyrp3A36C7IhSAnXXExrzEQeRAXSMaciOoeMNmxr0YhLwsGJzqWDn6ANYeXU2CaMnJjY4Y7/Fxm59WSmDEafEY4f5QD9OOpzpLH2SGEhfM99eveRZ4OMyyCMAxRgxt/p1aiGZ2j1VQbZsGP2Q7FsibwiBHlIhhWIFZEM297y1s7LHchxQNN9m9zK6JOcNK3Ubr5trE2ZMssK4N9k/oRH6kIqFgaYmV/zkBMxccpkGYYZiPDx9ZoMMQBmI8kLYuaZO/rlTgs6T7pc0iKw87LWbx2QkRfMShHI1LWetqlNLYwJyaMe2X4c9759+1qXLiX6uRk1gzHqyddlwRaphb++f99edsoJB1ufnp0VbaXPmTKDC0PuvzTX3HJhyoSMlhMjxxXofO+rk98y0JGDlTsFaZfX3nC/TZ9Zib4OhfAHN3g4OnH2ezEmI3PTp6MsiX4LpDCqAoP/+K6qkkiZaM7OrpFj9lmUFgJyar6W+ZguM729zK9sPm4OjEwWdo98zGxTcpTC4iHBCHPWp09vSI0uyJqrw+u4yzl38PtMgLkeOSt04x177IE2uF8PGO7YaTNytS7cFgq53/qsZc0gqXtbroys7V9bknsEqGtzwMRTZ8ywa26606bPqEbJO7al4BITOLWN0TORbZMnT7a5yJGg90LEy1WuseB7elGptFjQL57zG1x0sLa50SkJnDuipyO3jOgtK9CkMXL8rCX2gCyra1rg+7gWZr1iNtNcA9iCpE0WO4c06uYePXrATddTWpiw9+w4+kSxs4JIKssrbeCAPnbq8Ydab8oMbKvZTCsVcQTDOxBai4qUZXivywXIURc74Hxb56AwiacU2mrkDbeid8R0aLDuWMH0TnA/YuWEL3c+fxoqPRjkiCXy8ffR4+AZai1X+U+M3B5kpKRFa0YWwOV1SPG0Srfwv25du0I391J9gjcF4e8RSKFmRvlYDfJZBg/uZ6cOOwRyBNUsKqZlwCTOKUnGQb08eHmZA9m3cu+ZFsuJmEfMlViLNlPX3TQKpfgT0R6qMxJbIDWQyS2XHIdLuRWo9pg8RcnuTGzPaPS0SjU/CYwapiLFxnFkFqUdEr3TnglfjOe4gb58ZmgxLmNxnxpVn5AVd7Woa0MNoOtniD4YfcXI1xgMbwX/RN+9tjd8lbsZMqMOhvhaa6xmJx23nxXkecopGTvmuESf8+JeZ3uev0yB7D7iZEy0/fN/XpGUYXfc9aC99be/wzvRE4YdRw95wOw+KXaFOw6rmCHpsvJ5ADHkBOGtMiXHSGR612gxYXL+21yQRm7PgCztc5baA7K0F7DI16cY2RvZtHxE74YHruLDczdYt9gFfub+aBCj5HyAmKwuCYn/sPC3el6pbbbJunbMEfvBIEQ+DIhJBQvx3YIje1mz8jIFMm873XbkQBCc9BWPfew5e+HFVxHjBxM3soqD3klXkjI5yMRTpkJ6lFsmii3F58Gw886XbQ/4Iuftpycs1ggkQKY9QmOaISmClT5nzEIjPBidkefcr19v2C6MxoZeHppF5ELD71xTMcd22XEb22+Pnaw29NSgqy/KTCXnB2aKAZrFusg2nryMgJxa5bxAJpJwR2JMPg+6+KU3P7AHxj5rOfl5XtUgK4DNQzhIXjs3ZepUJf0oUhdEiW9hMXQcAhor1BaeZgUubKaWmxW6+PBoK0FJUpFBVeUmM0+j3niAUv9+fRUokVHIED8lBmYvJ7NBzHzQAfvaDttuqqw52kepiGuwbbh7tzGfS6LUlhGQfcASVxu+rw0eii+/m2BXXXc7tplCAJZ6mFIBcoM3AVamDp4yeZoMOzUF5IiEm9MNyWjouD6AdkMlXZ8vyUy1+4OW7okxJyOJBAZR5+5MT7Lng4n73bp1Q9+M3g5k+pb9Lyqhaq6vhQHUYGeeNszWRCsvxggoT2TPR6EYczKWATktIyCn0iUlB6iLcbGz4TAfcc3NcLPNRekNQ5ksm+GaDR4KAHcq5ARBzH5rvJ8m+NfUciTEmFOac1mrqqWb8Pa9+n+DkUVSLgAlBt1IxBFhyHVhsn5fyAxvRsPncJ9lx1L4NFBt0qNbFzvjtGNQtc35j5l1bkwlHuxWU7sk63yJgayQhOywEA7WeuXCdM3E5J5rRt1rH7z/iRV1QoebRlYAI2OKt4rnZCOFcDpyJiZPnaYokgy+JPymNwqJ39FlsyIA2aklJiqlmb2y/KNbw+8k0pC2puXk4G7fckt/1oJyn/33Yb4505R9tOJh8DEVtCeavtCz4dFCNqNhwATGX3WZ/eqX69hRh+8vwzBHKaJx4w0mZRDKcUSWpMB1iYHcYogCC1P3NjGBBH7Fl99+1+5+8EkEPIqUF8yb8uR4OOKRollaXm7fT5ig5oGcU+UYa6oJBM6tA5kVzk0yNDqqvEhnXb92nxdOC//GcDt/6ZXJYiKBIrxOiKDAdIdlR3kk2XO6h3jNXpyr/AxNEq+Yu3GTrbTSSlYC91w9JAU4THkcjF7l5mVaRdl0O2C/3WzH326Jzkfo+wy9zGGRPRX9GVzPYakvSTejJQZy3F6ic1eEiptjQsk334+zETfebjWNkAvq+EFtBEbGXNF5zsSf78ZPUJROJTkumJVpJTMgDcipUvSOxshtCbsFMXIQlj7zaeTsS3fFY2S30jjnWViATBjKRRroSmhEnqPqHLrl3H+shKPmKuCixs445QRbeWB/9cljYaxc1XwrEl3KNErky+LM+GIDOU6flLDPi6rnYnJ8A8KTI64ebd+OH2fZ6FcWf69eaFy/WIpsrF2GgEc2qj9i0o8HRfiIG69btgw5J117OgpdkWsj82o3Si47qAnfHBXZIvtw0pUmyRcF5g07jhNC29Ii3R/+Y996W5Ijalyq3Qa03SpB64EB/fvhfr2/BxOLCFYGQior5tnP1xhsZ55ymPKb1edOHivl3iXxB87+DyItIpBVEh5kH5N96vB9AVbZky+8izOC/2xdcchLDRJN1OdPy429FLJsBs7hmIOi0gxICoKcjOxNRvyG4iMZpA4KZJk/Wnxx4cVmgm6Zs4WVGiCiTIh9JgrRi84n3LuHygZQuikXqyc5xUUcx6CjAlkFD1ygUXaEBcp57MyO+nDLyW9KxqbHid453F91VZkdsP/OqMzeFHk3nqfhuRsxnuAj8IMAOQGaJtHhp64+AOR4pGNeOXK0GgEyi4r2axPkgqI7kBSViMdPnDjZmVl+5JgA753Y0yuEE40MByY7ZXYojSx5GPOdOVHMGkOolneGZCdWvZTPm239+/ey9dZZWznXX3z+FXNsrACRMbqutIApp6Q/OQ6JuE6JxR+bhtM+fz63HAMmBJ0SsvzaWfpE1A7s31fhbOrobNk5HDDu23VY0BlwyR1jA/v0lIGvsLX/P4zDDwTklLTg/AU9ELzat4x+0P7+0ee42CJtpcpWI9wxudRB48ePF0tlcLIT0y6GmtOSYtMGsCOxUjquomeCubdqEoggABP+mTudkdVg++++nR190J7WG+4n7lbvffAvu2XMo/Zf5JnkQXL5wnXZQSZLzwprK/npx8Z0294MT9NUBh3+qWCVVdZwJK8EiVGYn+9ikc9hmAuLvRZejF+uv6adcMyhyeJNN/h+IEaOAsCFvtZfCHz8/R+f2G1jHrDM/M6BaQJbSygiJXPSNCvDOXTsVczGKqm8NVfZviSDvNf38+20P/ZcpmSPC1u/QDQNVyuqDMgI6P5fbbieDR26n236s1W8llD+VQ5Blk2vrLejT74IXZPGW0mnTtrJkoN10u6urXTUjnLzLQpbuS+RcSmTZKyFHhlwyxXhSDWeQhXll8dv0eYsu9nKS+faMUcfZFtuuoEaSHpn1R+akYMBLgNGOg+91aADrxp5o303aQ4MvM4CuZeT4+6wOksRep4yZbr6t7nRkzriwJOMgiEU9Gb6pHVIRqb8w3YqjYtoJYFcV1Nqw44+2A7b/w/wlaJdLdpP5cDYYWi2CW2qauBjzcZxD69++F87/YzLcWAkXFWsWI7bqpZFuqHbskDgxwbyohhZHqfEACYoKTH6WzE6hLI6Pltpn/RaIViGLqA8Yu28c062TiinkkSJHAZALHeN7Pa5O7F50azW4EQ99cwb9hRaWmWjnVUdjTrBmE9Ffzbc0LffjdPK1SulIJh/7EzlimjBQP6xJ7Ctz/dQvHsfsnAeSTn8pPvuta0NP+UIlM17GVYs6vTwOlt84URUvCQP3ZLOvuQO+8srf7Ui1Cjq6DGvf0lM3cjIHXIRtxiQlLTQfMpHromnT02HYg5eaYAa7rjIpJRmASv6Ws+bh+6fO9ueO22BdAame7rhq3wNsXP0x7cPAe12vzmE6QiPQKauy7SZcyrtiitHKcDRhAv3pkveg4KdHJmWObsUeRT0kisg5LLCI3e6M/yH33RgLZE+lpRUuvyQ/NSca/U1c+3+MZfZuqtgK6XeDQs5KiXNK48Lw+TmoL3XdxNn2H7HnAnThyeapnRUIKUQDOpYjNw2nNKBHLdqHx95k7Er9cYprj17dPecGcZ9Ank1IbxdDPlx/nlDrUcXBM0UJPIun8F52cb+vGBQtxvIfAsZOMHn6fVdWfbwYy+jzetfLY9bJTOhPLVNyUCV6IY5AT5j8a2MgjhVlBbhxnW5fEbHimwtlAdkH7ih21jPRttN9vBdV9qAHrQP0v3h/CEaxA5YL7zNsavuvN/uuO8J69WlH/J82duDaA+GrxbKigBkZr6xtpJYiEB2V6IMPHolgOiVVhqIRHucLBV6VstmwK5cVV5qu+/2W9t31229FZfwke6EbT8rtxvIsQqaE0W3Cj906qxSsPHNVlENi5TVzbgO5RgL7CgwxSmic8tKtQVLkug6mcMat96wDa2AjCyXW/B/1teV2ugbh9tGa/9M+QdqLkNmScLRHDOyjYd2ydlzcU7JgUccb9PmoFIch1SSsRXd1BZLIKwIQG6LkX3B+r7EhVtv3dA4sU/v3oG8AG7t6mysU4cu+2bnnnWcvDs81kLHI7tH0xd3Ox/tAHIUFXhjTAK9pTTmWAk99rFn7KWX/4baO1wEAS4ge0urGhyNOw5s3CDL3AEs2OraWrqbIoe185p/3KfJb+pjwfXHnhsVZTNwfAmo9H4AACAASURBVMGv7arhp1oTcgmS861j9E5zG0Qfs8JCscFTTz5vZ19zj3Xu1kNHnQXR5n7VFQLIqalwbcwHUz1h4FIz8xhhYgJ2wMABA6wzWnM1oco6C8ljNJLJ5NWVM2znnbax/ffYGZXanrec9O9L8LLoKW8HkH0OXMMGeYGRnjF3jl169fVw/JONvYm091bzCN4EHExejmMOuLzoQ3b28oLEFofIJNe4gmjkAGRqZGcWnNuHhKDaill26/XDbdON1kL6ovftSI4hc5MgsQ00nvhPPVb/fidcZl/jOGH6XMlIcRx5zMIKZeylYy0oUM03xoGLtDOol8cNsz8GzzmU25JBpMZysHK2nXfWKdYH56CwtE3d9MXK/rU9j0UCOfEbKnk6lL9A/z7x/Kv22NMv4GQhsHEDt80Q6UHviXmolB4/cZL6UHDC/FgvItgnMx563p4L7CjPSRS9Jkn6SoszA5HHXPjGK8pm2/obrGy3XDfc8nCrrDhkU7Qoo3yZ+gwrT4X1bnjdW598bcefcj5a5yJfl9mBYT1LY3bY8PzCZiVlRzHjjxFcKUpIpwEDcAB8cb7aBfgIsQ92IyqDptv+++xqe++wXdJp3wfC/cvteSwSyHINafDJIgxcZNm82nq7ZMRtNnXqbJxDzpPp5YfAfz1Nc+KkiToql0WHHvRz7Re6lgrUqQts55W2526Ww3PiZqQRoH4VIMPOFJhWEgMemzmls234uSfYgTv9BumMzsr+SERDYFxPQmfxZlZWnp05/Cp74c0PraikO/rbURy6tAiboEuNxbLhl8NAtPstw2KVkeu+Yx1GBK1cWJiPKuyBOuLB78jnvqGp2vr36mpnnzLUOiFPncaw53O0HxuLBLIfyUW5gCNr4TLJzsm1vyrc+oDl5xfL2aB+FJTvbKOEPIvvkGcs9xv1UQhf00pVJIu/VwEYhTMf7dw72j2Qy+OJMb00EYKJOZ0UGOBmG5Ak1bNboT00ZoR1Zkd4JcuE+2MAJbxcr2H6I46iyoQ77usJk23I0LMwlIUYS+agKOKCLZi5Kh0sz2SRw5vOyJ6mwBFQqxzmLSPax9NcPUMuJE3hjutrymzYEfva5httmPTWcB0aqGARmG4HkFOTx7xTDvR1o8baezjjubjINY0ONsc/HqM7FRUfs+fMlRcjaAnnsHBRMWSZIpj2r7pFjuFyeEJ6tUc8Y5qIlEtRQI1LEfsRopizZ01RHsFJh+2JtrfoNhpEnpz9UVooN4FGEYxnbHLZqBq/6c5H7fY7H7eSbl2tno1PqCOjyF5BGVmh+yAlmWjfCKOvS0knlEYh1VNRTQ9ckw2Zg7HRuqvZycOOUMDEd/gY8XOMLCxIslAgSx9Tybh1Innw1fcT7HIUkzZm5GFisAUoHk09iG4zYOMJEyZ6B0dNG11I7h/2iaMG5MyvOD5jlxY+3Lx03hNrZLm70DhDxq1SNmmZc/diOBr7kj1yzw22Mhr8sSuj/Odhm1RFMtmZPIXXM+ZHrV0Kw3jIkefYtLnl1oyTG5vhGtF4JRPasRd8ikOckf1MFrKwy0jfmNimNsNW6ge/MozbZjU8YTSQBiC8Nli8Z592lP1scMiMa2Hp+ThG70hr7bxIRvZ5pMHmOagPP/msPf7ca1bYqafhswPvYzJxrtu06TNs5sxZcj8lsflI6FpiIWWRr0rmpQNPUBDIivFwvUonN+msaoK3CHkENbU4aL2G+i/Pzy7B30tnT7F999zB/nTGcdZYTR2MV1JNudiVsRcZh99Ed9zjz7xqF152i3XqMUj+V9kkGisafnGsU5DpmN+lNHKKkdWKR/fOFNYecDf2RMSPPnedVov7zMrCOFbU2J67/Nb2Q5CEtgLHWLcfqq+XjJF5PYH4Iyipfy+56gYbNx3SIacYxOoahq1e2aDwe6Rp0sjxSfKRTzaJFRHI8i64dNLhimDchroqHNu1rW33u9/oQJmaumZ7571/2WNPPI1TqGZbMZqXsK9ofW2Zjb7mMtt03TWQJAOdmxv86GEFixxo1Olnsju2V7D3cSdfYR/9a6oVluTidzX4m1v9ijF1TOS2uqq2gey18wAtwMsMyEGDBine4OKCGXAAOfDVr29nO+/MY60IpVMMTqgtrYAczexkbbf43AUwsr9IsgGjF5Oq//X5F3bdLXciO7wrWAQX4QQFUOfaHKRoTpg0WRluiQHkTmOnXzlSY9Sv5UV1xPmJsopqmMZuLqRTxazpdhyOHBg6bI/5LnnipOl261332bOvvWPNhSXynW6y5mo2auRFcDQByGDrYDIGtwffIkTAMDb1CpJk2xt//0LZcflYELVKKHJaiH4PAb9DI1oM6DQWSogkLRjVVB4KN5omdCrqhyYvXbGre1GCUnnxqsb6OjvlxMNsw58PxuHvkBzy/AQ3XJqeaL+0wJV4L/OU75gnLT3/ytuW1wl9cOWw9/Ik/nfilCnIN/ZOQb56grWebIkrFpAFsyDIlABfX22r9Olh9426HOmYtBt4dgbTUn1Xysl1PfvmPz62y268C8dDVFptabn96ZwTbK/dt/JDZph369pCD6XBamrpp0CbBHW2zLJzLr7Fnn3+LevWsxcMxno9L3FXdWgQ664U+nRvi8ceBGT+JRzvQCB3QgXJSoMGe/YfAZ/Bzvio7UNO946/29wO++NO2NV4equq/7QQCOrwFvMFStpmZIVfWdnBrdUdDjVwvV16xfU2cSr6FRfg9NGQU8ELpHX+/TjICuYfaPXE3NTUpK0wjOy3rp3EN33m0CLnGofAjLj4dPvDNpvCwkaYFZ6G4Idwn7jGDFskqkS+mTITQY7LbdrEMlsdh5SPvn04DpnJc9ejzkILizyCkuOFsWP4n27KrybNtKOPPA+LBYk2eHO1QBcYAvA7NJjTGJlGfTT2RIvcmN0NKaNv4CAkXGFc2NkTrCwsoVHioP497bxTj7EiGb0e6XMPb+rGF8rIKXvCASys8sRMsOwX30ywq6+7FUYLtEsmTiBlTrGIIkOnjU6HkadIVyjfmf+Ezg7OyAHAGirqVydNabQaHGm78Qar2e3XXIhgFXMiqKfC4S8h288HulkMmg99d8WND9gjD7/Cs1ntiEP2tGFD9xAZsD9j9EZEN6lnLHvwgAW5+ZAY1976mN1979PIw+iNzLBaANkNvxVKWuiCqXOjlIwEx6zBBvWO6wp5QcOWYX6ub7p4s/Hz2Scfo1ZbPD9R7jguZBmGcV7CBMV5wvYZ5yw1eQHFWkPsyIiBffqF1+yxJ19AvRnZ2NvBcg4ZhZkwaRKODJvn+jiY+CsskIO+i4DOhG+4pqrCbr3hIhhuq6AzIxqQsOpDOSVOxBFc5MsGTAS78t80+jEbdeeT1gvWuTVU2+g7rrCVB/fSpGXjtFZ/TWpWFHjiEgk7Qem8Gjty2IVo7ogaQB6aGYEcrb4OzcohIYWcwOuWhApV10HgsyMRy7369u2De6YLkuFsLy+oLJtjB+61I5Lut5H3QgfApxKVA8EsBMjJn8Kg8mcaLQTttTffaZ98/rWO01UwALPI7kEs1xk3fqKKSllBnFQER4tkRdPIYERmt1G2MROrvKLc9tl7Rzv3pP1lfOSHiCR4w32jyjf0cCtvlVUzudS5f7rR/vLce9YTvdFmzZpsf9hxM7tyOJLpkbqIIKxPLLPDCF5OIH2veAeOLT0YeXiPx/7yJuTczfCE9FQVRXz8mCeMtoRPWz+lSQvtaFzpMrjc8wJqVVd8FhnAe8Fc5bw8ZsO5sUdaqKuqtF+sNRhHOSA4wpcHWRGON1k0kB1zQRvK7eTvPQN9KK64+lbkFtfAjYQaqyDeM3GE7ryKCgE5ygo38tLSNFcEIAfPSqgZSII42ZBU8ypmI192mB2w8xYanXo05nNL2ms74lEFHjjyRKBPvvjWhp44HH9FLwsaKKiwrqqeaTdffZFts+EvdYoo81Dk9hEz05aIo+/gYOEqAX7UqWfbR/+ciOSs7lgzlDU+vv66RcPqx3lGNDQIXmY8+s8pweYEQMkwACHroiJUW8txwPvCeDXU4jDKTDvvjOOtT/euIccbN6vjVf2OFqqRtebxRNdszDtG0zksg/f++bndctv9aDaIDC1GV7SlsgokG502Z9qM2bPDAHsusvoVxISPFQHIvO2wcDnmzDXmbsNW+zU4tra5eZ7t9oft7egjDrYBfbvC31unLdCPEvBR1VzxvmEZnnz+NfbSX/9hnbvijBSG9SFPqqvm2QY/G2R33XiZilO96FRUk4ZjfriDmnkYWTjr668ff2wnwLdcVNRLB2yGDwyypKOmEqWA7C64tIWnNhHs6AcORvJQN+xY/SAvmFTkI8L7R1osinlPOv5w22S9n+N5sSVtYh3Pt45beC1kVQZGVqNF1Zhl2kPPvGDPPPs6olc4pooTHhOzMNmTJk+1eeU470PA5T+6oVZARubWjvuK5zCzycyAHn3ssCE72CNPPmIffvxfW3mVVeywI/5oe+24LartyM5s2BgGF+NFT8brb/3LzrjgastB+6h6MCjHohGamMcSVM6ZbheefYztuwu0n86kY42jb7e05uN8i+UxlrUh1fPci2+zl1/9B5q7sPKa4X9l+qoMP52WF9RJ84dn5ZRGpjfCVznzcfhtqnqEYX0eHbzKqoNdQQdvGZ9TVwfywDjvt9t2OL/PXZfsK0jzzatvWt5VCyCLPEnxWDHKJZC/CPoYQZBP//m1H2DDN1KzQdjjAPX4CeMRoq1T5pvvkmnh6cDwzlq8mY4YEHH9JiIgTwDN+eggWTpnig0/61j7466/tbk4fuuuB562sY//2abjHOztt9raTj/mEFt7jf6oCIGfl5IC41SL1rmHDb3E/ouq8TxUQzTA16z8DPjc1ToKzv5eXfPhi77UugGU7PMg5k80gssFpQPgG9ofTAX9evJsO/zocwBsJut7RbJvsZHNW1fc/PDQbfmJ6YzMC01fcDGT0KuqGdbvx85ESPGU0Rf0bH1tpW243hp20rEHh77KTAcNjM334+JP+9D5gRz8doyD8ySl2Uhmueyq63DeHcCajR4FQayzW1Ap6vF47oeb7zGUSBfJCsLIQfb4F4IjW10iy+ZNt403XMNGXztcOyONEqqIT7/8zq65/QF786/vWZ8unezYIw+0/fbZ0fJDMOShx/9ql4+407r07GLV2Dab5Mx3mFJ2sM8FE/CHHLiTnXncIWBleDBCl35Orx8LFh4iaC+LovF4wz2P2qi7HkcLAZRFwSUlpRxsmOgh6jiM3GohJYPghOaHSHq1EO+yL7res2cc87PlZsPzGeHr1b3Azj79GOvaCQe9M57Bc7EJZhhp2j0XBOTosObfOYCshP7q+/E28trbsVqwYpA7y9Q7/o15yTPgO2aj7mxUgshxzUMCVxBG1tgGsHDwkiQ+uIGq6ubaDddebNust7aCPdlkSWa1oUi0BmrhhZfesNtuv9e++HaKbbnlxtByh1lfVD8MOfxUqyhnOifYmSe5ctCFNp8wPriFZsFzcfctl8FP2hds4+VAfr5GAuPwCn2wvp+FE0YPHHqKzZiFJgIoLXNNz+BC9Jj41ry8DmRsBc1F/NiakdOfHqRFuC+Ct0ePrtarNxaoop9MfWCouh6nHDTZaScdimy4lUOaRKKiRQ/pBl8rjcxt1rPc6qBfcvCmb7//T+TJPuz+YzG6h6TpM56MA2yYe5wBDShGkeN6BWLkAK4oT6nBSufOtAP22cnOP/Uw2B9MZvG207zrBoCOPvQ8MPCU6bPtlrsftKefehmZgMW2Ciqo//3vryw/G5JBUVE3APUQ0/oPXPSVyEv53da/QqTwBIDa9V98Xmq7DK8gO6mFQDayDl+w4Vfeap26DoABFBLTpUX8VTEnZvFA90M/O2pklxbMUS6BzOqHej5VzMQwPnBYX19hhx+6t/1usw204CXPFBTxSvX0RwJkT/QJexWewUmjm+lJdBF68s+v+aHnon6+mbufJqAurxwpjWriTZCvIEB2WyAm4ugHbetkgeLCbHv4zpFw+6Dil1qVKZg0XuXndbuBuQK5CFJwtLjQbx79iH36zTeWX4wjJlC/yJwuPkKEVuaze4kJ6EwthNnzpto1I86zXTZG/zM2vg7VwylOds+016MG8YPnHXnKhfbJl5NQrMre09yeOfYS+D4HwnQrS+iHxupCPy/FyNoJgakChKkHDOznsoLIEnk0WxXyLvbZYwfU8v0GXhx2MA2+e22nC9LIJGNtVT5snDAyxS23P2gffPyF5Rbky/2j8ComtxYx8fEo0anF5CvblMAAkBX1oiyJLJOwEt+44xh7uqyQ3cfvczF4VeVz7dSTD7ND90ovgnQgCcgYHDWP5ffc/vDCAsiIu59+CSdXjbU8BIuYGZEVGFKeCMHRvSE6RxvAo6ejqnaOrb5yVxt7Azwc8M1nqZyMSIyJRLKcHZ14D267NIze/uQrG3byhUi66cScfV8kmBPfVVK9NjoUdltcTEtGVvdOQGrgSv3gwWD9Z+ipjPuqRmrAZhutayccta9lwKjWqV8x7yLkcMS3TjFyKlKtuD8bitRhpq65drR99c1kdBIqUMsnrQNsc+VwuRHI9GpE0lhxGNlXK3FF0ZAF7V+LjuprrTHQRt18ARiTfk6W4iBSGeLQ/lw3wDz44YGjmXMr7BDU202fDVbNQy0aunL6+cvuakqOjiCTC8ge187JbbZZMyfaBSi4PHSfXeBuonwgdnFh9C2xhQK+Rp88v3LS2SD9zAtvsRdeedM6d+dZ3u6PSuZgRWFkCVT30DBqQUZmoQJ/VqgJi7i2ptLWWLW/nXvyUYiGMoKqAfJdZ0FA5raZGdLvqMkYgp0zr8quvXYUEoLQDpYnL4X9KwM6r7S0AjkWU+U71aYZJm8+JuhojMxgAwaKIVICBuW0MOayrLpspt048lz77WbroHNmncLT1GSNZMogdgXdwOJkyDyAauRNj9vdDzxrJb3QBxkROwKdGWt8CfMJPB+Qv/Xsrtg7j4uBbaK6FuXZQ0gN7d2tCAlJXgrEDv+6vnQvBt+XvmpM5tfjZthBcMc1ME2Ah9rpQdAzSBOyvTosJaczMu+JO3kzEoh6Wyc0QWcWoFfSMGACz0WPTnbOiUdZj5JCl7QcE9pxrRZsm4xc11SHEcuzyVNm21UjbkEky404ZcNxJYCRZ86ajdKmmfrevR2BhVYAY88XnrMBT2OdO3sGTujczK6/+CSrxqlUNPq8LsMHTno6gEo5tXgtn/MFqsWPPHo4WBFeBLTwcLkRhGpg5KjEY8qMd5x0D0MmdHYFjMshyOU4C9Y5DbhMPw5JwAz/D7Ih7CCIL9ArcvUdD9sddz+GkiFE/LAAmPyvXWZFZGQsvh49ulj3HkiwIkjDwmxG5//8nGYY3kNtpT4I0XMvjHJLRmHq0QrI4mw49uEzRh7Ff76aZDfedCcYxp32CoRAj9EtNxV93VjaQyB7kSkHvg026ECMnJbop0HgoDQ016LBSr3df/sIG9yvl1vEwXJWBEn+ipTtwKFjUg+jcqcNv9Reee1THBLfD8GLevexBzT5bUchwu0ylCkEDRDhms3IV3W53XnzFbYeEmVk+CFTxv2pXgjkc+eeD4+MoVq7ssYOh6SZBLLJhTZv1MlYPv7pbqmOR8wtGVmjBNurS9cSuOBQrBukhfsdsEM1VNkZJxxha6Nxuherph3CkXajLbwW7miGE54H/0E3fvjZV3bHqAfwYrjXxEgK60mnTZw0BUlEZWAHSI7gy3R/U/o60VyGne/HNfYiUcbyLdpVuZAUc0un27HD9rPjD9nbqhpr5HIkEhJG5v0E24C3wognk4lee+dDO/mcP1lhMfMEmNLqOtUboKeFYyUzIpBp9NFoDAUI/D0+rhIpsFtvuoldN/IkhaBzWF2ha+COoDfVonPpwCCJd/R8DkXA5116nRX3HITaQZcuulwxc6t56DCITgNyyLJkFXVnBJh6A8i8bEaJ3cWGG2motGE4bHLjDdZVJiZJVE9Sm9qUCy4BshsvzsgNTOAAI7/5t0/snvses5w8niPteo9J9mSECRPRTaiiCqD23FwVorZV5t9BgOwrP16Mp2hCM9mggb3s9luHo+2p5y44AEJJkoDhGjdkIrp8QJz+sGHn2r+/nWr5qM9rZsk/3q9RUav0oETcofg1iYOHQAZ1MA1AuPLoMUFX/6uuOM2232IDyRvmuPBaONpqAy52dmBTRzLhnDJk2EkX2/uff2/ZhZ0CIzuIO05wpPUKas3IHDO0poGh1x+hao68p+2IFtC4ZZ4ddeBetvUWv8I4h3NXaBvIhggLXU8Ps6uq3mCY1ENkZ6Cz+rMvvWUPPfosTuhhy0+GrOlD9uy28UjdrK7BwdlMaVwmjJxic31HAm/F8CH3RCOzWHwjJ0UKxByDXBivteiafvklp9r226xv1TDUcpGWJjaLQA6fz0GjaGDTwRzsQA88+SrSWu+w4m699DvxQhojp9gw3pO4PLlqlwhaWrpRuuuqK8tttZX72D2jrkTIm/nKdH86gyeRlVgiRdMRiycb2XEffPyVHXPKpSg/o9+b7jcfmURLhtHyrToR0Qm64pg6hcVxTwdfy11W0oa7zBIzfDoja7D1yXS9DcBhkgqI+CRIqlZXzLFD9t7Fdt5+a/iSQ6fTcLHpu07LgIhcPlgFyAHIxCHnDz/1Eo5VeBkaED0ImNCkgQfzsPR/3Dj4kD0q5QZ2HPAllBZxgAS6OMlxtEhD4XdhCOM2mpIu4blp2ElB118eDS6WKVUjYX6732xoIy87EQZajCj5e0QHjFhYGw1fzUw2nBNYWmWHHHmGzausU7mXOyTJnu5LFy8Q1CQLV2JeWxkWZtz1NJryGQOwys1Fjgey40498XA78sDdVEFNgzLJjBMT00/vzbWVj4BFlI3gypkX32rPoii4c5duOlU0hdIAat49NXYMEiwJCCXUiS+nhCWXLq2kBXc8jjEIcSX0hWMlucoa1ZYW/vby2bbXzr9DFtz2wRiOcqvlNaSFqDkJDkbmiVJajH3iL/bcC2+iJKWbnP8aIgIZPxDISq9L6n0WsEYjmjSICwiIpC16v019kG+PaVhuPf5pSmGBUxON3HRiy8zBPdRV2j23XWHrrNLXT2eNFnFCTUS0SwNKAB4VkIVKhqtuHGtjH2EtXQ+rRlCIUosBCSZRqVwpJm20uiL3Jwc/PP+mgkv3LWfI5YQhR9pnQXaT3XfPdda3J2rZ8H5sqB477IikKDXieKk6Jcu+RXbcAUechqWRj+cqnUjGt24lcoBeG/+zGEjW/EUKTL1BZO/Fp+Y0IOv6QxQUoCWQ89gUkwlrXOQs+q2ca7tst4UdtNfOoemj+5F50JIkSMDXfF4LvkEzgNycmWv3PPpne/m1dxG29ZOadAAkKx6wrX3//fdY/Vw1cUtaBoysIVMRudiTPlK/zjAbEblha4sg1TMC4qOhk66Hfdros/TE/zllk+2IIXvY2chec+bzUv740HuRjfFP5TVM7MaNfvXNVDvixAusCdsgUyw9/8oTpeJZ2wJRm7PLO/F9wWUG97cAZL4LLjwf71s6a5rthU47F5w2FNdWD/0cyqG4oDgMYeJ8YbrcycXued09TyKR6RHrigXG9AIeXO7n3/FTvYO+uDQN4ME97gwbri4SR0xI8l2D2AoDkpqR1KC3GL1F/dBSWrjkoUs/0wYOQoPDPHbvRyVMuPaa6nm2wzab2cEIGqngwSsSfHdoy2vBEdIlk5GRQpcBRr7nsWftJTQcKcSRYxwAVVXBh1mHtrLjUP7Pchxlu8XJa4uU28HIAh/ZjKiBB4CgYKvRSlRVZCIhSZ4SsiIt1XADYh7dU3JXAa/xAz2Jhnpek44tubgYZTN4r+7F5fbIXddZ185d3LUWBySMkfMebza8l8Ko2MLPvdoee/4NHMEG5zzvWoadzBMfB42hLnC+2UzShsLM8YtLNYKLL2G30iyMdQHSNjPsluvPss3Q4KWpqcprITEOvqzDzhk+QUc2QPLMq6i3A4acZtNK0c43pxNOmpqDe0anIhZ/ouqdB9e77IkyJy1llECOi0R/T9PwKNPi6wqAgdwc76Lp+jUkRbU15wvFcmsg+wxyDgayUyf8+q5ViW60ocCxv9tvvSmAvBuADAnIAJCmPEb4/MNS0iIAOTIymxLehTOlX37t72Jkyg45eJhAXlfrQFYnetdeSxPZ8/GNAERBK2q2+vbrbJtush62dHdVcYslc0Z/giS5WKYt/nPYMGNM0TtZxdn2/vvf2dvvvmfXXnqc7f6HreXqonHhnxDWQRq1853pimQj73fe/5cdd8KZts++eyt3tq6WUTifAP/nuF+YtyCd+WK42zuZeoZbLqolvv9umr32yjv2683XsTuuOhe+U/TQ4MTJW8QrCu/CDwvVmJ6HkWuPP0N33PXWvfcg23arX2OhyloU/+PEP2nO5JHcZ6DjNPAljWm0luEOhFH59luf2VdfT0TOTaEkj8DjTLKYj5ZeC4mt4OkZiKPMyMhc4oqm8jxvAHk7pMpGILNzaTA4nC8CbNrUyE1g5Gas4jEPP2GvvfEPJKigRZaIww2bWiRwsCELzR+vW4tT1MY9tYORA4S041JOlKMZylZwQ912GcKw+GPoILGYA9by6TgEwnbcfajOfbvrhvOBHEQvxdTcdtVekz/oXuS9CexFCUGw7XXQGWDyPLtv9BVLdR2LevG86no7/LDz7d/ffG3XjDzHdkS6Zx0KXhnNcxaicRTda37ZvGZu/Y34+wlnXWSvv/uJnXj8sXbSQTsv6uPa/fcrrhljDz3+ohXAU8PUS+G3VSpl+95sUYwMjexbdAtGPnDvXXGuNesYPeCTHN8xH5ADI3MlNIBxm9E2dsyjTwYgYwtmsIRA5kE3MHKckXkzy46ReU20XitRubzdVuvbyOFnIXUUHhQCK1i30TOTWo6cCzNS2AAAIABJREFUVM/6on9Vm7sYnr+rw+vZf7jErrjlXhsz+mF78sFRtsHaK0H3+sHvnAxu63qRcBzcSyz1Qqg+O6vA7sMRE+cNH2VPP3CDbbDWAAALLIkdK9CSlnfMdEsmc0FrO1nY8Zn+RL9usB+S95997g07/dyRtu4v1rI7brrESopz8Qz1dnJjToaJ52KIzvHwjp7Z9vd//hPHBF9gGQW97cGbL7afD+oNsMN4Z4kU5pZjuRDa0XvFS+RYMPiSg3SFi66+E4z/upV05cE9lCvE2tIzsu4dn0PpptYAdD1qDpyRaypL7fdbbQJG3lXkQpfjwhlZWjJoZPSoaKKxhxq1V19/D4eV0I8cVgEmvwaMHIGssCwNEvmployRZdwxu4vvA21eNW82WlOtZ9dcdDYmgcLfdcSCuD/dsHMXWIAGgEh/+Ofjptmuex1uxx52iJ15/EHqBpTH81j0jkyflEZJgMnXq/Qenzl7XrX9Ya9DbLPfbGM3XHIiEMN0wlA7R12vuYzBDX8fQWtRaGmBmJQkocRg3vfpZ15uL7/+tp1w4jF24pF/ROymStJKn6XiBn+46Rh6WobQ+QUjb7G77n/ehvxxB7v8vOPFoKni4JQaSADbatpcgnIQsHzY4w5zcv5VYwDkN6wLjhqjlFkyWeE37fEK0qLPlXJe4NcnkHMpHaJGDtKCGvmAPWHsYTHnLEpaOBi4dWEV1tbAR5prD+BY3pdefceKCtiUxVc/e5NVA+iUFtEdt9QamZ8s6eJArgSQd9xufRtx4ZkwUgCcNCCnyaIU+QWjzH3aoccY3w0TkQV9e+J5V0PjfmAvPn43sqiiVRzYmJ8ryzwkqAcBxT6+1GMjrrvb7n/saXviiTvRxLA7nbfe8oA7RDItZOTATgHIWkxt6McW4OHfVZXO19NR75U5uVhl733wqZ10Gjp5ovPpXaMvs9UHwAUKJiTrCorp+d4yuD1piVD/dvIMO2LYGRjHSqSlXmW/RCf4+pDR5xflgt5tjLYfEQ8EFY+HOP/KMfYUGisWoaiWYxy0xQJevbBft5QW2tHJtJgnBkSUk6yCAY4Lgq/QyLv8fgsUAe8IsoMtwPrIEMVpWyNLWvjg19fA2s3Otwf//DxONcXFow2AJ315/L8Ok0k/cgOPXeC6EhAWsM20QyPrc7WdcNcEI8MJvtN2G9iIC07HTkBm5HXFUU9BOYZi47AlBhdBrCyxbPsbjLSDjjrLrrjibNt/xy0BBjZY4b24tyHqYjFzYId4xva3302yvfc7xg45YoidMhSsCMMrBwlU4pMA0rD8EZ1zQEaqjBGzRc50ZO6wGPmFMoGa+MJLbraHn37V9tx7axtx/snYDNBgXK5CnlEnkyhIBcFYgKivQZQMTcdvGfusXX/jKNt2263s2stPw73xwGBqW+bN+KH27pVx3d3y4VjghHBnIiOfd/loAbkT2t0ua0bmNUhawP2Wh4xAgU1+ZJ5ZPdv2RFuAfXb9PfztAPKCGBmrOEQvgxMNTvt69HRgQOSJ5161p//yGhKesZ3QQ6FlyKTyDPsOfuRa5t9KZ+JDW0mLxHpfTCCz6QsrjXf5w8Z21Xmn6EgD6V+SUHR8Oh24hEhnlfALyiA+6mGhHnD4yXIljr3zGuQvQG+H7DaxYGiZJGLU3bkrsYEMgfs65ZQ/2aeffWYPPzrGenRl+T5zHjxqpwUQgh8aFe0o/ghSu01Gng/YAch6q7DV0k+fhZYEn38xyY4+8VyrQIL5jSOH29YbrwswQ5+DIVNuFt/J2NEyCzKKjyeffcvue+IZ9auuwmsv/9M5tid8sXVIwMnma5mrwMUYx6INXvbAC/4r12OOnfunO+yZF7E7I7kn1gu2KSUXtXKDDeJh/7Bg8BpKi0GDBynjgX9THzj8UF42y/6IqN6eO/2O7e6DRtZUtFiAqYCIVoFDtRZWMvOR33j7A3sAvuRMsHOsDfOz3zLUnV65FqxiCNsx72G+1d1uIIctXiVHc2zn329iV4GFvERcfi7XTmk5CwkDk7H5OWJF7BjIBMvHyr7vqddhpF2G8zxusl9vsKYilvKy8B99Wgz1cjDTWr0ymJDDkqJ/fGJHHTbczjv/WDv4gB0UnMhixQiBmqgIl2J+jmCwuwRIH+iw3hY1tf73YMV6/R1XBXQt8jquuOkeu+veJ2yLTTaym685X9qeyfPKd8BTFabmeYZ4MFvx3vuetjff/cAq6stt5cEr4Qy7Mp3Zcc9tV1oB+jor8Z6yKM1QazvcHPUrpVSunXPRrfbca++jSQxyOhQMWsAOvMi7VQqU9K7nVLCMqxlkWYCAyEoihwhkMnItInuHHbCH/W6LjdU6i8aeH4XcKrIXGdnPSPZJaqD7DVvQx59+bbfd/QAmGs54bmlqau1pnOOR/caTTWX4CMiCcXIbS8bIzCLLVu3c7jv+xi5FzzUFQTRp7p3wh8uLOAG+VlxrRfzMLa203SALNt1sYxt58ckom6mC/qI+Tr0uemXVQC8wLFmILreDDuP5Hzl2/9gbLS/f31UHBYTBj/osOA1aMLJGYbGB7LflCiNIBVzTpOmldtTxZ9rUCVPskgvOsr12RdNwGNt8XibO3cgEC4+fNcfufvAZe+3Fv9nEyVOs/4CeOKz897bv7jjH5Ipb7K9woV46/DTbd49t0M6gRr00fG8N89VaWfjK0srU+R5wxZ550U32wqsfWGHoP5Ho0EUCt9UT0hk5jBENXFZS9x/QX2TlWYEEOTxHSCUYeui+tskv1hY25Yb06W/JyNCD2ikVteOb8Fn0IOC7f/1nvN1w6xi2Y9dEi435BmCAyWjMMhdddzLikQJyPYToEb5NClDbzciB17EwCOQ9dtrSLj79aK1+zzttCeQghMLN8MYdZEwAKsD1XjHydnsUORHP/+URtHbF+XXK4fWtN8EZFweXoe/r6rfG7LYn/vKKnXn2xXbd1RfbLttvY1XhjGTNbVhHMc4fblt/CFVQi43heD2tLg6einrrVJBrdz/6jI0ccb2tsfJqNub2a6xb5yL1mKvF+SVPwiU25oE/28SJM3DfWbb55uvaUUcfYOutDnbD44PPvrajhp6JooE+NnrUSOvSmQWe3OVCIIdgjTZOGuY0vtodyMh5dvrwG+3lNz6wAjRLEbloHNpcAQuHdkikopcqHlHMSpAuOL63T9++mAtocu5yhBMT2Gor7IzjjrD1f76KsEAtzd5x86VxtmbkuBLZGuvbcdPtppvvghbGD6oEIdi1LHR6ExsYCsht7DKLw8jufsN2AXTwBKTyUqTu7b+jnYNuPEvy+HrcJLSCPQJnUaCw85A9kKJZDWufIV5Gtwhcrsu0SeDClTxpRkelefbHQ46x1dde326/+rwl+fhl/hqSzNEnnWdvvvF3O/KIIXb2SYfYmzi0c/Q9L9hHH3yNxtjVtg6Ae/iQ3W277TfWPFUi15oF752we15y9c1256gH7czTzrTjh+6O1lssIPBzEH1XcjM+9ZDqdrDKR59nJ549wl7/22fodER7CWEqyjLPF1i8+23ByL6ISCY90HWzR8/urskTQkS0E7GA0wHkVQf0VhU1Dfj4aJFrkQBZIHVdxGsjeKfPnGu33TEWoMXZIMhKkjLSCs4QG7NdFt88yk6ydvTpLg6QtcNEWYCbYPXsJhuuZ9tusQms8NBYG8xQU1Otwed7k2G1OUonsmaN6hmMmpdlb7z2htWWV9tjD2M34fNxPgULSek6TAZBwxe9sIjpw8DKB6Ndc9u9NuqeR2zvffazdX82ECXp8HJIG3Ng4nZMag7BhWSbE0Xp7cOvFksiCzPpkAgSQx3skX/x/sef2euvvYlizL62wUbr27Ovvmhl5VW2ygAAeP+d0Rjxd/AuwS/BVkhq7pytaCxsRpuC4uHDDmdv5mwbdcfFNmgAqq/VUdRdeel5zEGq60oURscvchBtPfXca+3t9z4FIyOBbGkY2RWL5IOwxE/B9bLTELvXy2iV7uFJsrXWr2eJnYw+ez1KClSNRDddgq20RZSRYmRNuU8E3qgKiUGV1VV2O4D87XezUKRZ4EkuaqRnVlFVjXYAEz2xHo9oRC0JkH3+fBH556NusLoO/mpG36I+Dvt6QAktWn7LhH8nV2p1yIo8eFxwiub1V1xk2yDfgNsza+BY4E997/3VHJTuKqPhQN2cZR8jl+Doky8SS9XBBcnkdXCA3GEN3jMkbLeKDrnrS9fjutsTiFy7LSznIh2vLb5PpAs+V/49rw7hhLAZdj4tvXr0j0ODv5ySTNsaOQjDDt3HVkWJEE9LzUBiECtJEo3DlFv6nvPRe+PBF23EDWPQFrePlRRSgtXgXmAzIEnLcyeClBBDS8gFFyMDXnCDVdUq/5x3LWGRrNaweMPcLTLYlw5kebroHcExDKgOKYFrT4fN8xNgk7EV7+qr9LdThw6xQtgDOchFUalT2EeS3YBD1EIjB5HHySYTsS3qffc/aR99+p3KnRTdE8P5ATjf4RRUhR+Ct4NflwTIzsgcfy/8jAaeikATQy/FV9oBwoA7YBwOBHcFwtu/3WQdJAad46zNaG6w0n2xOcvwezlq8BwmFfGIteOR3fbaWx9aJ+hAGkR+KLxvs3IW4SJpJqnPHd9Du1NYfFqBC4Ro+//gKEoevkPyWpnJh6uAcVdePs8OO3h3O+PIPeiRgj8fofRsQozei9AN1RkBN4sedLhu8IINOelc++9XE6won8enEarc1QhifqAGSp/rlTmug93j6WF8b4kmj3Vqzhf3vlswMh2OzsiDByOqx2AIbpiMTLuosqLUNoK3aeihf4QPHDIDjWwUjGKVu7AaFhSvsyUjx5uCtAAj84aeQdriU8/+Vb5k9T5mhQK3Izz1+/ETlHehVeLCc4mA7LMWZU1qMfhcxFmNkiKyH/M+OFEpFxgHOrOpzO69bYStPogNAmHUqCOmBw4EXvkvI50wtxqMDR/my+98YKecezlag/X0CQ2ACnwTJi8soAjksJhEUC10Qftx255nJgzJz8NY1yLyusaAvjb6xgutBCwtdyDSLVHAFRaB7zixooTtbZkv8cr7n9jJZ16KgllUfTepwzPGl8lT/IRWK4ijxLHVMXREL9mYn0MkamvycYoLeUkYGS+mx4Knxg5CMERERpLmjAGwFRVzbYftNrd9UCFSgGpz+smV5KX5DED2lUdi8Q3dk/XpWHdM1uE/XHlvvvOR3Xv/Uyiy7KKt0zWnOvSiyfcUlPxUBtec3mApgBzgnHZ9usaoNwKoU1t2NFTc50LtNGf2XBt20HZ20rAhfqC5ciIA3MS4Ex1rGJjXEUSgVSH34uCjT7UJsAWysuEndeWA/4RGgfTWsLI5yCrZOJxHjwWlHsuCkVsjO25XAo0vZuYbzJk1w07AfQ47mOfRIQEfWy9zlgW+sA4jWZKQ6vg6tjA45wp74Y0PrahHfxltOk1Jn+kL3AUTGc5toWgzpUzBFA3wheGyvO6Y78KAxsJWZwtjj7swgIyjFwagmylduZRFWT5hWLCVduB+O9s2SOfNx++ycnCUmYYhuFDjYqJLOBXZi5/uE8ztlqHof385zm4f8xBuqCCsAzTUUtQlR16L6TNn6ggGzeESSovkk8MFtgZv+t8jkFPJ8LRyYQjiprujL/Fjt11jnYvpL466PRAIB1hbtMsKTp53ucyysQ89Z5deN8o69xmgqpeYIaZtj+wbnq/rCOwbI3lp9sbCpm8p/+Y7SCofhnnSbLiYZWNuvQw5IN2oL/xAwATIKX8EJ549kGiyfj9pmh118tk2txoDAoZTo8XAxoJoKDIUTciPTFnhQQzf2/yhr2mkHBf0ojWyE6HcZ4QavrKtbM9e8FiIZIJUxLhnoxj4mMP3sXVWQ+gaF8pWxtr40yci/hSBrOuK7IeroQHA5KAZs+fZzXfcZ7PnstE3tyPXXBmw5OeWzRMrq24tJHm3BmVY7ikKi0u4DUEZQbo4QOYk5GbVooXXTDv//NPtACTMN+jo15RRoL4bNPhEyNpzgx7Pslno3Xbw4WfZHBx+3ohQtsLtyS7ghqCMSTGUb9kJI/vaXe6PhJT5TYh/UytWY+vdZYctcLrqMFT1eIWxABirXnVlXlnDMc0Dk1dBVJ8x/HL7KzwQ+YXdIK20l+t57kVI51OC2XdhF52xPUGLCLkzeLulRXT2hR0A19VvQB8UKxTrwHWOp1qN4ViyLl0K7Lhj9rOVeneHR4lS0nW8xjwdR+nSIm4h6sUVJqeqshph6Aa7675H7bOvJiITq0hayWczG1ZsnX2H5CFvAOMDwBXmGjMVQfOZDrOwECAvChEtAe43wwNjGNLebIO17KYrzxc7u46SieLgI/4UU/HJopXM6hCW7lxy8732AA52ZNmTilApF/g6xvs5fUGKxABMvPxWEnFRl75s/q7NMmSFaELrAeB5dv3Vw+3Xv1xbrbNY8cL7VS9rZtbhPnKR48vHa2//3W6+9Smw8gycdQ3jHU9Ua1oxqxvtdD4nC0FDF2wQjYqPTfhtipGD1NIsp2Rz2j1rKToGIotrZ4xHL/SBi5Enw3paLHgXfVlqbQMEQQ49bDf8LQfh9VxP9gpGXkrghKuKGjl+qt6M2zL+R0ZuqG9G4tBL9tJb71sOmpF41I8PXnHokcxQdUwrDKCNx3bNx8gSUXyHhSqpBU58jBgmEgNv01BThlyCy229NQaBjWkUuK9RlyhQEsi+LZKRdVYFrvfTb8bbkSecj+/9vkQqwUviF+CeAi3SdMYJE7fIbXTZwDf1LlQ6yv32X1FJVCLxfKNfrG63X3+J60sFEzyDjjsl/cj//Xqc3T32QfszIpbFxSuj/q7I5lSVaxw6lXSSyyvxRHCxCNAcPPwLLjK3SGTua/4DiSfE2H5GjrkWcJbC0M5Djd6qq64cOJ+DzJPEcA9VNfaHrTa13fbYWn/joTnygCqAEj4/solkUBrNcQBcp/g91OCQmwb4Ut+BtfvAk89ZRg46Rmr7CaoKW/EUBEXmzC1NgBxL15c/I4ONWRE9d7YdcuD2dv5xQ5QjwoPOdQeSAERcNFj8d7r2UEw67JyR9ia22BKUctUxv0TE4X5r35Vcl6ZSSFM72o/ByL44w24Xvs0GqsvLptulaDSzG1I2q+B7Z3I6s/emzy63+x/6sz3+1JM2bQaKFXbkEWsHWudORcjJmG5/eeVde+GFN6y4CMfOaZFziOg/9sQwPzZCA+nMLAD5/LuebjkeGrFFMHJUbdwzG6HzqY179+4NnMGDEviC5x/AiWxD9t/DNv7Vmvo90ztJri7v4tVEpm8FZF2ImMfppwG6i2AeP3UmjqS9H+mEMI5UpcBneC+H0vJydB2aID9svFWt2QiK1qy0hNLCL8uvyy33HBzCWG19EBEafdv51gcd9dG4UQOfGGdhUJWdpibaVEZeEf3Kmx/aSedcZUVdvXFhNKT0DgKxPzoSkB04ruFjkwCUsFlzbbX17tXZ7h49wroWFyAI1GR/Rl+4++57yv7zn6/t52sOtiMA4F132lqeZrZmD4Va9vBjr9uVOLUrOx/eGvxPrbm0u7o2Dtta8n1MdV0yIAcDj1dPbxLevl+/fur7xioWPRhUQtSxMyK0Jxx9CM7g66wcZJ4QkApdR6JJzVMLRg5TF5gJtwGhVVNda+UA8G33PGj//up7lGtDJ4sNmIXEnNYM9Hv4RufvcStTniu3Y9/PI56TMWmN68X9OW719DxUIrq4++472UUn7+3bHWUFt6XwuXEqxCBiMm2gyqM+8PDT7KtJsy2/U9eg+/163Z8RH+mIDqPjBNXajbq4t7F0zxeQ/UHrPw/AmzULzRiPPch+86v1oIPvtfc/+ARGcIHtgQy4I47Yx/r3KlFkzhUh3VX4HuydU1hoF10/BnbCX+A96K1uoD5v7vVw48K3fL04XVy0m5GjGHHNLoZnLSAk4OBBg6Th6UGi3ONCaaipsDUH97OjD90P8QvII8gP7r7qzsab1mX5jqBL4pfWGpm/TO+SXg0/MQ88fOKF1+05nGZUBJ3sbQA4igz5Ql5Mmwbrf67ccB4dopjDV0aC9DFp4FgSRuaAtQAYbwRWO7afgoJs23zLVey0o46yAd3R2kuTxc8ON4grcB+5n4vC0vYxDzxu1918n3XqMQA+ZO4y8kN6hUfYsiPSOh4jx0UkwYwfPIjArLG45VeiCfvaP1sTfuZ9bfNN15TrjZ0s6Ud2f7GfPFpXV61GPEjVR1PGC2wcTqnKR7l/TQx+JCjxPVi7nUIRiyMtwtwHXGg8OReQcj17dNOh6gSxzzDkInuaIMVgl+22RM/qzcHGyDXJRz483sZ7R/vG3MIkawvIvnu7s4XXXguwkG0/RR7CqDEPutNdpTIhYoZc5TmlOG8Px5SFGiLpKP4v5im3nbgdodK+r3ElekgTXRqQQLLyyn2RavoZmnhU2Ko4FeiUIw+2HbbfQkZPfQMalTDhHGfnxbtnlG/arArb/7DTcQQZphfWEvuo+XzxE7zUvM1H2nz86IwsjRFuKxCFdzuCfxlSsA8SbUbfcpH161GChcpSJQYZgtch0b28ZeSQYKzyME7vf/y1HX3CRdqhGuj+ClXbgq/7uxwT6ZKj3YwcXxt84Xh/NgEahNYMnVHMSn0cffvcUQ2nOR1z8L621uoDsbBwBD0jevh1wsjJNaVmaj5GTgR/cDvxgOuKyiqbW9Nkt40eiyPJkECUi/NEdFMU2QglAuwsq4klRoIxt/gQTFhqICfz5sGMWuSBDABw7737Mnvp5dftdqQozkWGVwEKE7f6zSZ2wnEH2aD+vVHaw1YC1PK8Fq+Du2jE3fbwky9aF3RHZ3jaFxwTY+hMadNSaYHrOCU/hrGXXEgAEH8WxILLlEZe6cxS23fvP9iFpx+E5CJIBzYFpKcjeCJcLrBHc8CmVIP3fD7t3Ovtxbc+QDkT+s6xVlJrO67sJQVy+m7sEoVanLvgqqsM1pwweV+XQ0mDlNu+XQvt2MMPsp5dixBOZ1cnzKISF134CXmtGKdNaaFkKAU98OZgrnnoXFmLswWeRg3f2yijySmAlRtanDKeT508ZdpUK0WbVlWSMBqkD/V+E0v9kFJxI4dnOpfhEPfdd9nSLj1/mG7qu/GT7crr7rF3PvkSn11vPbrk2xDkIbOpB9PIq1BRUQgd9vG/xtlQnIiUhetXawaNnke9OIjRy9EeRqYLbJHh2KW+8YW9gaPZJZdPL880mTVtlh1zxL5IfdwdedgIXfPUVkyBGDk8VQs33Ls+ARNO//PH/0IS/knwxavYODVvS8fIwVcovHA3ReAJpNK5uMRWQtU0A2+cAYVi4DyoQZDn9+iSusfOOyAIYgjaIAiHayNTe4zDjfnWj4UzMmcaNMuG3nUYtI/++W+7/+EnLSO3GH5zhDcxMPQCMIpGEE/GAesEslxc9BTEFbTA/bo9M+107N5HWNsIxMxDFO+i849Ade3vkdVVY0U4TYnDdcfYJ+yeB5/CwmObqWwESda3U44/2NZarT8OnjE76dTL7Z0PP0W5DtqvSkrTeuDVBl0dNWE7LutHZeRW1xfdcgTybAD5wH1x4CUYWa44LHweh5aaeqdiN1Vcl2oxMPoHIB163Bn22ReTsaV3CWX/LrmWXFo4I2vX0BnmnCkc2wuXWzfkH7MBjFoh8AgKamRUqh91wJ623po/hz0D4kL6KiOW0fbyHntuBqU/2mbkIEh9nSM3F4xWCQd1WUU1DmAZizqyeUBUoYDs/mIUfMKYmID8ZD5XJU/8FDYkXIrghz6fONZYCs2s8YB9UwNZcQkywAZqIBhNpFsqD4bL5199C0PuAfv4o69lGRd1yrGhRx+MfgwldtFFI6yoW1dE9fjG1PpuuDBa2XJg2hDKrXfYdoD9h3pKNEizcRM1FTW2/rqr2G03nSsDlkxMI8nnyjGZEIzYkMDAGKp/XI7deO+jdvs9T8FbwGoN7lV+4z4+S6KRg2kYmh8yCFOAMxsHDRggAnS3JxvINCGTstYG9+lpxxy0j3VFDV8xWpSx2DTZEaTv068lNcIL8Fq4VegnGPmLKxGuZsXBsy+9Zi+8/q5l5XdWhpQXCuIrXjBjFsqfps/Q+RYcACofl1gLsqDaM9XOyBp+XFM1FtTaa6xq99x6Ds5kZrCD3ga/VkazCmAYsMj33rHP2BhMShVKfrKyu1gBtqjGZnpgvEuQYvZkI7ESl7gvSr/URV9vR2NkTjZ5E6EQjNFMu+bqk2ybjdkCgN6KVn7heIv01MgIhGplNyLM2+vvf2bHnX4pIn69QgV7fLLTmicRBaXq6iZxR/KZ8wdEuDvrL5IVfvZ0N+vXB32puS3qrfjZXgH0W9g4e/1+K3gqctGZlIn06UGpED4XbFpK1oUysrYgheCZUlcLzVWHg8SRDXcnvBeZhXAeID7O2DffFkDmKajffPOdAyQcLatARDuA0RaknZF9G+Rg0LtXhXaph+6HpPLjDlCIU6VWPkySHzyzmL5slvT/84vv7cbbH7B//weSh0WLVic9H0fegaxdNbhzFg3g9iy9H/o5XIw05nj1NNrKMEa/XH+wjboRRzLwJFZ6mUJSl/vTPQfF01DcllH7Aexo41DEOuSEC21OBXJREITwynXXt86MoVSGn9ZOIGsBYJBzcBAnO60OHjwYmXtFOjJZZxKy9S122TwUBxx10N7285VXAvEUeHus8Lk+V+mBkJZz1SaQORFJ8pDjVIn2LLGpQdTovnsfsy+/mgKjAEZf0PJatxjECZMmWRlOKUqd9sSVuGQAkc2pMg4Wv7BJHwI082bgMPIz7Pfb/DrpeeEMAUd6iPzVswE5WCgb/y4YcYe9iMYieflsLMI5pFaj891vTNlwsdogoZM0RRkn64dG52J8XpQWql6hRyC7wEoRkj7v3EPtgN22lXuL8xG9SCleCWEP+nEJJrB5LZLE/njk2TZuRrnCwtqVOQ9hp2q6qYyiAAAgAElEQVQfI6czdtzVKUHZ3jcfZU04KyQpwsDvsTbqqkttrZURBDl4byXaFxcXJ9VCnpDmCzAFpXYAOcbDxcha7VxJjep4A/sWUSN033nkOWXDkeFcvvNmcQBiVaVNwEE5Dj6XFi7OFx/M4oLAyFrVKOkpzKq2B8fcaAP74QBBdiFKus270UKfN0PQlQhfn3XR1fbyqx+iHcDKygZT5pgaXzuQNY0EsXYVGhTywfnXxb/cxYDesn2qznNmcEo7IavEIaNqMxGurrKxoy+3PshXZp41K9QTl3C4hJBKhTmCq5J5Krj9vQ8/G1HPuYjiEsguDaKcaB+Q0+4vGJQcfSbM90NtHpuZc3ijBwJtG+FsqrADdv+DbYosvlwwdxHO2tbmEbDDe/OmLIFZW03QAhnZ2Ur/Ta6qivICVc0zZ82zMag0nobS+dw8bBE0GrTw2HXdbPw4lECx7RYjZrqRNF21GHMo7Ro+npZrfTWqq3+xqt189QV4Rw+38m7py2ZWWB2AXgC5U1Zeic44l8NV+C+c1zwYksffxlMVPYqUAJk36dZkSvClDVJH0sILGrokE9D3GMwFk4YKrLJsim2+yVp244jzYDSx4xSDI6FZI7MBdd8xCcgZmax0wLHn22ffTkPzSm9ok1QPkbR0fEU647alkdN2u3BuCo3JzuhS1A/9NZQKLE3P90Iabl05WpIV2EnIB+lekgdGLlDluEsfcmK0ZyKOtEe0GI4FAtnnlxPu+oYvZBSobF4Zfs60v7z6hr3IJuCdulg9e8AxvROAykLn9PJ5OHAdnYjYM0y8p5XFbSEMwOKAOQw236NqXqkNPWx3O+HIfXVOcUyeJwhrMFD50MUTcTDMBcNH2n/++6Xll3TH73H9zE9OQO+K2s+GlvfSZyIOTJru42X++P7i9g2Wc47PPFuA0RDPBWgrysts203Xt3PPPtZ6di/2s08IopBXooiaQsRcxySFTBty4sX24X8nWCFyHGIylapEqK0XauyljEc9T0LHD/RpwiLqhyBVV1RKMxAlAsI/ZitWIiS9045b2R82/5UV5vCIDKTVxgcZ2fsDhJ1yCRnZN2BfATwzpBzSga0CJs+YY3fd8yikBMrKpb+4mCnO6bzGSUPfjxN7OwM4mBd3v05PpOf71CMUfeNVZyAxZh0YCuyqiXOwlUMBxzl8qF98P8lOPeVKm4EoXyFWfw3L10O7AtUZBi0dD3iJ8FU9pa4ugjzld12RGDkQspapRhtfeJJrJcA8eKUedspJQ2zrTX6hqhfmnUhqxFnxPVyv3Qc9MP7z/Wzk1Tgja2QSjZxGSGmLPu74bmakMTJNcCyUAuQTD4YRl0E3HHOlAyPTHdcF1SGH4eTZAd0LrKQoB/YMO0O5BS5puTSMnCyIIC94I0qYAvuWR1fcX1601/72nuUXw+dI5mPmG15If+S8eUjvnDhJ53gkXq1k1S8a0wn4NY5w5YGBu8GvOHbM1dYb2xBL4GnQsXYtHwWjn3zxtZ1+9pU4IB21bMgvroF1rCQgDqoMbLfU1b5OzJNSEqjbTEXpWjHyigDkdPaKNxYrY8ii9OCQ9TKaq23vnX6LI3EPtB7dOmOMWLOoUlwNExvRkLH3OvwM+3ZSqQ6mWTwgR0YOO4PGHmOOOVpp4EDkVYCNeaRbkHJZYJDamnL7zWYb2u47b4s03DrrUoJ0XBSZaocIMPGuUEvJyC4L+Jb85w0/qpA+WQ1jajKKT0cjmlZW5Y3ugkdWW0AOehCwDKoc+coEdlMjVlcwpJLG4IsgaR2pwP9hZVagx8HWv/ml3XTF6UAd6wabkIXYYMXot/HGPz60sy65GpYvSmJwcA8bqyhhSTuBJy+50evutsgakYWjL1yksyIDObl+N9BSmzsMYICZEbSKsrkwlLvY6SccqQ6XtQBuDuwGJdzC/VY6r84OHHqeTUFSPhdAC2nBusVWEjEBWyA8J4ng+4WXqR6SolvXLqiSHoBdtNaZGM/NAkaacKB9UWGjHXzg7rYy2hswBlBShDRhzRMrXELawNICWePCidWuE7YLLN5aGHIVlRWoqmiyJ1983d5692MACCUzuisMCZ5Ddw+PaPjuu3G+NfHClTbmbLgor0C6rGCl85zZM+zk4w+xYQfubNXoKEntlYeKlaeff08dJ7PyEYqF31FyXvke/iEKLHJgBOTYaMW33ehS/p9h5GQbZW4K2yDQPnB64X5JozgPYKmFq6uxZo6dfdbJaKC9rXa7LEwa2wf/F/LsEAC5CcZiKg2XeoHgbAXktDH0cU4xsgea/FCIwSsP0hmClBgqOQMWGKGtxRl6m2++PjqvboMeb2gtixwY+o49RTMYc7LTaMcsBSOn5EXUPBwQbOdkZWS8VaF9zbQ5FeiV9hDyG6rcVxlAyxOGclAwOHXKdHg5ZqvLpVrXBjdcYnMuwC0XLXFqJeo8uoduGHmubbz2YAC5wopwlty9T7xqV4+4F+HUntach0JMONU9BMt8D46r7yJSfhHMCSOnti5pZGm7/wFGDpMm8IakIj9xlfcGVoZHg26w7Ixam1c+w2649mL0jdjA6mD75CAX+fnX30eV9TWwMbyhYCpJpw0gp2//aYxMEuG0MoOuR5cu6LLZBwTDHhrq16TrYvg1F7kUQw7dy1bu38OKGclD0YbctAC1Ok7pueTGpZQWEciRmRO9SVZG3iu1cg3KyV9761175Y230CahMLjsgnWrOL7ZOPiV2ZGIESb+3BgPz+EbJ2mC6Z/m30cwN4DZ+/XpamNGXWbdC5CLDGBfe8cTaID9KFw1RXAtoXmf2IflMzES5frYaycjI2NQ3AHj/9raGVZ0aTH/MPp9ih99WdN3zmPgqqtn2y/WGmR33nCFH2sA4hl561gUHjwTTm/yrDSRk7awVi7KVmPoso2txJgz4AfXDEIFCCtBmE9BkcdDH8nGlVg4W+GQm9/9dmPrhLKmLkWFAHZuiPRFVgkGeNw+W3TESahQd7xQP3KKkX0gfLf2FcXzQ6rgsShFR8jSqjq75/6H4C2Yq+O1WJOr1c8WgHCvlJdXKF/ZS2jY5ce79uixgCzPKC3orShH58/fbrWxXX/5ifAVm113w5320KMvWKcu3fVZfoZ26Jipu0obYa5oXr2kRdvgbWHQ/Y8AOWHkdHeCBtzr8lSfl92Afo/T0Hrrctv4F+vJy3PEcefYf76barn5yHDUqaoSaEFacPzCYTTp2tA37MAN7uXiLte3b294JJBFx9Zl8uGDlfG5DSC1fn36QBvvhQbfZp0R7SuETaXzUYgRGqDBaxFzrfXuywLIwTujgRCgeQIRci/KkRGHnHs0OvyvPfHUc2riIkWG57CNqxxZ+EoPRjnKpqh3Yve15O61TnxLidooHciz0Yv58otPtV1xHMMZF95ob/31fSuCe41JQrGMXQNAQyQZ0fB+AnKKkdti4f95IIdh5X3GDYlAZ5CkDGdfD0M3nxOPOsgew3kxV14zyvI6dZMh7UeapebGm9uk+d2T93W2UF4OXsOQOP3F/fuiDZaoK4K8HmkGADJ61+2680628S/XBPHRy4RjixF/YMWn75Z8M39RChLLAMi6l7A96XtB1bUyM5bKUEFSUd1sjz7xgn311XgdRcvz2dQ1UQ0/CPoGBUnovgMVuH7ltQVx6r7HSJmOxgjmOhiXf7rkNHvppZft5Rf/Dsd+f+RV8FBLr1OjReengbpfNEQ//P35TlFaJMvE52dBj3TFsUK53xZxU9qRwmRK+2J+KpFHzvNJhh7+Rzv17MusEp4Fj9AGmtWYpe9wAcjJzuVuTZcvjPazqDQTfuuVVCPouIxRPBRQ1ZbbWqv2tz322N4KcG5ICXzIeZA0dNO6LyA2m4xVLZrAsKXGReT4SH+0S1qkvyC9ExFvth6J7fOgdypw9Oz48XPsgQefBlPiFUy/k7ZyPzIPdpmNAtVp06bjxl1rxahfArxkGbo+jg+50GDs1aK6tqigOz4TN6sDH9liyTM9qOGY9yGLlzOGXGjvHMovlDPzkX7b095KWqwokb2FL80IYKFYjKfx5bcYMJ0pAmOiFsWomegv4O19Q9vdKFcjmMK4ekg/yrWwx+otm3DwYz8rQe+MBpCWMkDwWYwkNsK3n490zSE43GbAwK6WV8TkoE5yz4r91X3Igaw5TTFRADKlhycxtdak7QZygqvg3/Ou5d5MrwoDMBfh4+bmPHsdVu/rb/5DydMNCJIo95IrlTcEDTRr9hybNn26zsDwgfAknQwgza1r315i2b+S5nXtzCtmG1jG22EUqOKAf2ASkNLDWyaV/ATkNrHtG2uKJMRtAo93J9KpqqyhC4SXMjcCahMgc5KoMGk8euNH5nL0xPEJffr2RDU7kpC4QCj3uDAwP7Xov7H15r+07XG+NjMQOyEow1J/l6DOsbwO+ZlCDCBsqcsOyHFU0pmS+pRivAHnRZdVliNoUY0KETQHR7n9tCmo34Of12v7nH1jvwkeNkkfMy1nbWEiVQ9eJJ+TLPdoN1OAcTC9mXV4UWAYZ2RXK4F6NUMtpUWbM7uIX/7PSIu0+4xzqEr4MO7x+xhRjTZRuszSW6StgbDnaloYaWXHooE4mckNO+ZYEMhMWUDXqqo5CIr0tCEH/RFBrEYr7tRJsQca854jzW3bPUypQ+NTWlmfm9hRYXLT7qndjJwCWIBlCOt6vio6oiOvohSd1BmRmTBuio194FmEO+FXRlutOCiqGGHOBFYuz+mr4eGH7NNGdg0yK50BZLzRSvZlEMAaumzqBRywqN/CCIeF02bUJc5KS0JqCeX/a+9cn+uqzjO+fJVs+SoLjA2hBodgkrRAoJTQwJBJm3Yyk9JLZtJp/5HOlOm0H/qtTaf/Qj90pjMNTUKbQkjaMqEFArTQXExCMK3BYHyTLVs3S7L7/J73XXvvIx/ZEpXMxZI56HLO2WfvtZ/1rOd913vpyMH3AvwP03sqiOfLuAbEJoakyvmI5v7rHsClF9jqVrXM/bfs95b3nGRgNHDHfNODftbrx8tXv/rlsv/mG8t2FYXZLHfbOrqF5VcEcKW0yJ9baZET6JJZ1Y720oGcMxjAxoIR+/SUPCIWmThgSpW+8IOflH9UUZf16j0SSkm7bsmj+BdHZWQcPnw4+6ZRnYiTqj7gmPq+uNqdNCdtDGxqPIMuRFzPRKhsDkvz8jT23gvIPoqM7NGdZ4M0RJWbGXWuh/FcybAOdIAuXLHwiXSxguVxtaGDHVnoopHy+auuyPT0mfL5z99THnrol1SyYbAMb77O0lLBkWnwo9Xjg6LWUOO9ziW1Ajk/3yf7/zT2YlIEQMgO8eHs/5ZbRUw7qRJbY/IbK49QVTyfKi//6GAZHNpq/WopAoNSqUjrzagKuxx95139LJCnF6Mr8IORQztbR+dK08iQQOml+JznynsvAF59T78RyL0Ecwn3EiCrUPewdPH1u7NOCE9SXS6kxZTicu44sK985Xe/qJCCmbJr+y5Fwsl5bDHMDl6oispJlwfyJfhtTnLpjJzHCmkbxplDdDzDFfwuS5VUpzF1ph9Xzbi/+du/KydPKwBFDm+SV6N+BE3/8GisdbuEt+XJcLmt7iTz5AO5dkO0zzV7yUkV82bmKgCXcQQaJq5qGEKJFRANjC6+fmRXJJLqZ+tbr6qSEoTXauNjeHhr+crv/Va5YWSHukkN2AmwiQ60DhmAtrIavknqSoy8jECui3+Uwa7LP0Idwy+AN6Wt69Nnzimy6oK2p4+Uv/+G9DKJhlpL5gRiu2IsHGLT5IhKnB5T0RW2SHHDRA0E8JtA7myULONtWj3UYkcg7SGXF/CqjrdKIZc7t3qHLgw1nmNpZiOFmGP1R9RN/H3V2Ni/71aF2m4tW9UqYnBTcK53u+3xgKRiclQgc5wQruHiC7rOR6+iWAZG5rjoqSo0WGqIdwjbz8bfSaVCkXr//IsvlyeefEo5fiSrpjhJXzK1eNHHb2kL++zERG8xDl9IFs1bILhosfdi9XVLHYGg45ptbfz6ENxnVQpST+o9N1yv38Ov69Zlls2EX2oz7Py58gUlCH/2gbsUGzNQdg6NKFePYjEc1wyWjJznlQA12V8NY69nOFKeNpMGny/AwxDUIBAdd2r0jCTF+vK9f/1++Y9nf1AGFOQzkz5oFhJCSZxxLfYmHuPsuXORVQLbJyOHx2KBqbjU+7P6+kWMQGoKEVXtaee4cCGViLYd6n66R75i3GzRUixTp/Q2JMWEwkQfuv9uNbT8jGI2Nqiw+E5niGzUilx37sJCx8irK/AC9/dqMHLl/ejrECsEcSbeNGIQxNCj0sfnJrRpojTzf/rnJ8qPXz0oMCs1nxw/ouG8phB0T7WiufKO9DK15vjdx8XIqxnP9aKudCtWjb0rjVD/5xtNDC1iBEV6WFMtWWSzXRWAblC5K3cSEw15/woA6wei3M5pY+yuOw+UR778BYeKblURws0qGzEgV1stAeCwTMuJzuZ3B8dXn5FzOCpwq76N3wPME/JioJcJ45ySIfj1f/hW+fmht8rGTQKzB46ZnpV/tPNH2YGjx47pPWciTQq5kozcsPT821AHYbFAf2+3+Zp5l31SudraxYZsVATbNnWE3SPvBLXkWHWJL7bk8KYHFY7GysfVSuwR9cVGD2/VFvSQYpwH5XLjXtaviDnmjdz7zi5evxFeKUZe6G6GWzI/Vb84QyDjKShLOzY+JlbW97Mz5bFvfKccfvO4wBw5YRcdvid21ris1ayGrd89dqKcOnUqsgPy0FEUqhnh9lTmAXkVz0uccyaUCL9Mx3smMQJpymnNOF1pj3peJ0MZgI5scx2RDQLxeNmjFKo//INHJCMuCLwbBeYh7fYpXlwpVM0twq5CT4fjOICcToMrnvVlbuyS3W99J01iyy7iLP1pgDpmkDICVPQ8IxCfFeOuEUAny9e/+VQ5okr39B92/oJ1FmWtdIEU4Nb7CTA6pdgMV2O8xM3WT1NFVN6lWF/V15cDSQOkKi1swwRpzCkhlPiJ3dSTdtmA2E21nNADfTyjeicjI1sU0fZrMgB3yEOxQdkeg640v4GmlC49EFjwHgBTIFxWfn/o7CSs+SfaZeTuftm81y0LkLvH7DIzGjf+ySWngJEpxaGOq3/azMwadRw6Z7fcu++Oyu22KQxZRUZF2j4+5TACTihN6qRccyGpIuMkpnLzv55l0Ja2W0Og2yuAV4HcH8g5mNU7kW7iWt2eoioj1w2XXfIBX5Q+DkVQ5cQaaWARjsoy7Nyxufz27/y6ujNtd7H1LfJODZG548Cw2MhypaAuHVUvRVZEDbV8ha+VZmSvSB3ctJVpYgLzxVyeFJDPK0WKSkBTWq6Onhwvj3/rX8S8Y2WD6uBekHHg4iL0HErH+zppqzEVhTkijwafwe8RQJ/Tk0men4FROJeFx52xbVZZ/VpoBIyLtGUYbq97/l0xxSqMfp16suxwxyVVjWI0bdjFtjTltc5LKu4d2Som/qLaJ2+3UbhdwUDIiY20S+B4lUxyW7bllmDn6r1oVtH5J8tBFqEVV4iR42wC3FmhBqe6/sDGCBnYo4qGmtHmyMlT58tjjz1Z3n73uGaxUvmRJJ6c0ANcHr3VpinVJWYeO0N5AQVhN0Xw7Nn0gFR4x5ZnGhQ+k0XM9msI702IZKIn0hzRhWHUDSq08sa9e2yoXbhABVNq7MUNxU88QDUpScWP7R0pX/rNz0k7q8Sw2Hm73HJbFQFHoDyHxvMUGji+jMmK5GS+wGnGHl/pHlwNRu53Dj0hn7go4FENxIxSYc5OnC6jCv1cs2ZQvuap8vjj31PpgKMqtb9FvkvKjZJIWjVvjZqbkb4e9YPysevVa4/qR7V07RrFys6JiT1GTdysueRKQ/QRf76K3xZSMfnTV6/7ooYIco+VMqz+IcROIAvcwozXKRPH38UwuNAmZLjvU/uwL6nx0MguaWEFgQ1t2uYwTtxspo0OiM3MCeLIbOcPycjLtD+w7IzMOfaTGYxJbZ8LM5Meflatf0lgnVLS36TiMr757SfKT19/3UFGF8XWHIedv3UKuifJFGYg9O+Mmrkfk4uOuA4XFU8Wxw1ELH/ImVRdMYKxZi709ZH2OweBtKsW96EaXIATA13FwFUZHv/wDu3YUacNfUxJLaoBOfvZUFRTdpUtO3DgF8TED8kzoaqZYu8hFRwMN1tUCIo0qpY8uoZea7csL3esCJDrKVZfcugkMj3wGRI1F/vYc8qJci05SnCJpckX+/6zL5Znn/uhrV0KIs4SmyGgsfdOHiA3hHoZM0qnPn78uNmZ7NvahCdaa+EWItWpxzJstVZdohahvZZ3uN+voyUjp+ldCdH2sAC3Tbp2WNkagDm8CrEaOuVIbIzNRhzB5MR0ue++u8uD2rEb0Db0ZlVi3al+LLyPpjuWEhXIGO0Qc5eJl4l9+43iigO5uhS8koTsbVx0pNTMyOgbh5lVMnaSBoZrBgTkg+WZf3/eLRTWbVQNZsmHqBJEAW+8EmFeA15CQU+eOOVEWHQauXlRRL9rJQQjL6iUP4qMbOyGYVZXSSZ21aQw7mbFiu/aNeyNDm4OK151lTk9iR3X9bRLOOcs5wfu/5Vy9913iDim5CMWCyscc1DHQBOjoUNCdOIyQ1i3rrcVnMcrCuRmALkcG36xrNXEjsrYRFJR+2Jc1YvGFZ9xQZ6Jw0feKE899awqFWnmqyokGs7Zuh4wBRq5d7E0m6TFjMoSsBVOXAcB/rAMmcCRqd3qw0uNiqTkbor7Cg721Th0a8gZQzFmvhGwL3iNLkoj8gvv2L7TxW6CbFIzY1ybjSPD4/z509LBm9WI8zfKvpt2iyVUbH2zNjvE4oCbB8mrPSzRtbMr/a/wxa84kOv5t2k1CWpWq3TlgHBqZFCGa5ze17QNFluPjk2V7373ufKz115T6ji6Obc5MbBtqHAMauyiAdXSV+VuT506qe3tMddydnawg1IY2axSj4+5bhBWkHczg1d4wFfm8F1jLtYdG9oJKIKv5lwXWe4xudNGxMIE8bDSgV/HQKSXyAHxrHp6/YzcpbcrKP7hh+6XEbhDxt+0KwJtkiamx8dGGdu9rvqOXZJT42r5i1YcyPONVGswlv8oYtMogJAcalcjQJ+Wi+2sMgtwxaGnX/qvl8vTz0hqzKisknaLkCTVaZM5t3otAKXakEpBTU2pw9RxufnGk114LqVGj82XhlC3eHU/pH2ApUfERbABFARRDYF029poo9oowKOb0uataivHy7LlhBM1nDnNd5j4gmwWlZRVGasHP3d/ueczd7o+BZ2hthEApBptAJgIxXXrM6kYmZcnYNdpzKH25q6gNq63a8WB3DJy63GJv0UsRmhnfm4RNEWLB+X+EZtBe2CMhjffOlaeeeYVdR16qwyoQSRaOe5F+I9tonjAAG0UMTynkNCTiteYUJxzNIonYzcG2J+XjEwpAhuG4cDumWBxR+Y9l+ffrqcpUeodrL/2mxQt1qr50N7w+R/elfn5XOsRymAb026MXw3AiQaLjKtkmdhzeHhYUWhDZl2vgrYXYkWLEQsQE1Mxo3Zue/duKQ8/fJ9Kvd7sax9URscWEcgQcRMy6tjRWysQN3Kiord6ijoYXtgwWWhw3tvfrxqQ+51e42dmi9TICnDzZakhAE6qAQ9uOprwTKqM7Qsv/md58aVXVDVfVepV2RxGdgstSnE5SD+VMMslN0eMjouPOs3ndBxcdvZyGNHxWmKobZR0maMLxmaSdRfK+S/oUNFKAdnHTerNCRnjGu60WewGXTNsOaRM5R0qW7Wd4mq2S2Rj2DipveqyMiZrGOOkVYyuWfffd2+5865PCbzyRIgsaGqOlMC9tkF6GFahvgiTpY2RgFFybN4nl/1VB3Jr9MU96TZagWLD4xDPAWZKcp1XCOjE9IQ6r6p2nAb3yDvHyvPPvaFw0DdiiZPVHF2bWpIjg9cGoj6wtn9ActAZdEwZ3OfF+mYnDEOYOk8s/K15IDO2DBmX9GycSclh7405lvSuvpOpd8IxUd3VSeOwUXEOpNkP75QGlpTgmujXYeONhx1rdXwBv0ZIY8zI7dcu3YMP3Fv2quA2+pjWuRjZ7PIRNwFwXWXTK157YiFhOpESV0sUzxvIqw7k7ud35UTVdkHMARpANSOPBkDmcVYls86qpQOeitm5deXVn/6sPPf88+XIcfVclk8T467KRGSGC4v7DyE/4j8MH23GqGHPuLbKJxX7MUNP3wR1lR49YM6SBLGxUi3FStNVe/NcnUq57C7EzB1Z45Oa/7r6fDVGPbEDIbBgPTey1gHsJoXDsuzTm45SCyHXHBMQbG351X6xGs1JRqzRY0QtjX/53nvLHbffIGZWAqn9ytscJL9effY2SVJsZMs5LxOffmiS9ryr+goGWtJUXbYXv69Ang/qWi2o3igYk9ZnMM606guYoVXQcFKSY0ramY2RM5IML7z0evnhj1+zcYfcQCPrNjXsE4MeS3KIiYgDgKkoXzAjyTKu9/LAumcJZkJFrABY4H95DAMZP3YNWmKy8EBnh2cgGPwy98hhYLzHZxLf7SarAMlJUTW8K1xqt03jYI2qCTsggFEbepsyNjZSqV/nM5c9tZvaaTp5gOd/MLIWFzqPXtBjq5j7Fw/cUe5R4/kt+nnNOorlyCjU+LFTx64e40vTyMbJk2A2HXg4c3XIU7+mgdwaL4mH9Go4zcZFYAIo/JvFJaSlEnYmiGhK2ndOmgLiOTE6Vl757x+XH/7okIpIq6i44px1J2wAwk4hL2OJtR/auhGC1U3BD6obTpviaR2biYKxSYN4jl9XjqwpGeBu/LMd9jUQqzZKoPZjqPmM3ME81+mYbl9xAIVWukyqzdK9QxmUA8g4EWKEL6pkWZTx5k8OUfPEc0N1PVwEUsFaswq53Dq0pnz8tn0C8F1lt/zIDALHXj+wVr5hxUrIsCObg8kSwanQGB0AAAo9SURBVFmBUmSFpaDnaBrq/aTPKiO3dkx0+gjfpm9PYiOyTug3PWujDTDjmZiQjmYlXa/yXEePAeiD5dWfv1ZOqLbGejHXgCrax41upYZ52WlUkCkWe4Am/M7BNnyfnJzyg51DPtNlDZgYnhzBxA14UtcYS7EAJLiqMRu/w67WnEyyfE9cWwRCDcrHa4ONKu7smul1FPsDWDaK0b714DkpbMjZ6I3JiQTaIIBiLNPAiMD4W/d9rNzzqRvlR97pc2YrhF25QQw52NdMrK1mrxMxFlxHxWZ8z//n9aXN3Nyja15adBfiugPHd3zJTYG9agkCPv0dqWEWFaCRCO626mVP4aHaFDn400PlR2ocOSq2BnaABF8zVY/8BevzPTvQR7taNCUJr9EvMMJF4+YhO/Brz0jmkPXN6czCdAa5AI6q0PNMtGhGHje+rsgBCh3XGzXEVosJBU50Ld9hXrovRe9ljNQ4T08Yz8NgadDlrWSvNowPCwrgjnKweCg4x3X6Gz3sbrttf7nz058s12kz5OKciuXoHIhUow7f4AYVTJG2Rg/XfWbPg+aGxPlXQHdJuNH2q9KiC9/42YSDnxOXnHk0I7W8nLWgrsCqVjuSYBqvhNiTTJSQEmrbMDap/MAj5ZWfvFoOHz0u4NOqS4VglI5D5i8YpRVEw8JoSRcMZ0KEjjYcDa64qY0/mvfKVxudYcOn7QyVQF/73lzeAx7J/EZHfVTYhLswnkCnx8+WBymf6wrl1YNz9XUSHYjsmvZko/XuTddvK5/Yf4sKC97szGcKpxTFUgzgjVDTGfQ1zgf6dmxQvESeei5+wcSB5rApuHKHLHP99bZVVK8C+VIgJwYaFgt3WACgC+QGeDa8IquXACTcddPpsrOGVoTdBi2XUwpBfPvEqCqFHi4HXzsk2TEp5z+uKUlplm0KkteNmboxYmYKjelzqMai6QlkwZRhHIYRH31THIlX/duenBWgcXWNXeDdRvLX8toC//5yNgbPGcBMrjDcHDthEAfYZgm00so0oPoRO3ZtV1nXveWTn9hf9gzLCFSWB94J/MSwPi61IZVi2CDwAmAqoUZunofQQe91NazSKJw0rcRYZeT+mF3gr52pXi36ZLq6THuXOrWoYwZgbz1JANGkdgRZ8ufkVmPJ52+zlNF3MNFFxXBMlCPvjqnN8P+qwtHbkh4qUq5jrHUBEd1gjL8EUhQeN0pDT7ucV+yOVbDGBIvVpDK5/dr2IoQ+7g3m0ZNZ24EMGJIInOLl4CU+I4qe1IaJ1qoYpvaoKRpNBi8amdPctXNL2XfjDeUW6d+9N+wWG0tTy/gz2HWs9QS9S2s71NJ6G2kj/SyZRbqSrRHOb552aNL0OaFWZ/Ter1VGvjyqu+MT8En4dn/MpdZsguciIOS7jUbFs4FRxQ2xlwMtrceMPBHUZ6bXJ9KDHEJimt9WVdD/EaiPKiR0SkH+NSx0rQxIAxwwWZ/mwlr16rxLqWwbNln0qQvKS1LnGyDnD5kW75J5KZuabeacAGhxv16alw2PTYp1GN6pRjNi3t1q2bb3+uvUFUnuMyayAM6nbZLHhvDK9WqjgO6mtQGBQK7yo8ns8la+DluGnoFxWTFhO9/CQ5h/6/zYc00xw3MgFgL9kohs6S/+wPiRl3rq3TSq0KNxhKoCqnbmOfyrMPOUNPR5GYbn5YYymFVdH3hSsgs327T+dkb6+tiJ0wL2sXJCcRqjMhrJ/J5WFouNT2rp6j3u0FkzgA0Q7mA1DONkApR5TnmBzVxExiAp+If2ZGJI39LKwkys1w9K67LRcZ2Msd3Dqiux53oVDtwuQ23AWteV4SkaqNfimXFTGbEsbIt8gIV5WNNXDwSrkicW1xEtDyx3qre4gvZKpazibQ3HrAJ5CQjusl0luu7b696/DabKLAIMQDZg9DO+4fNiN95vcMs4BEQ0bmFyzOoGz7pZsra4BVpipMn6PnN6Wg3bxxwiip95TNX5eT/vw8CapWYurJjsVAOi5l9eTTNaC0Oyh0JPOXbTFBexRYE9MOiukZ0qErhNGczbldA5VHZs3qAWtzqSDj6rc+J6Nkr3IxXWCajEFA8ozYjMZTwz+IGZWJ5c/NdoXzvOUzZxupQl4zw6dFrBuYT7knMhmWSpb1ye13+IGbk7APVGxN96jEKYLt12ddm2H9jsOhdyI33DvBcZMimgw5I0Z8fdBkOafc3uwciTNJYXw8+JxXnPObUwRo7MSpcDNnSuGwZ1Zlws8XEs0u2HFBYZS7/cYDI4ebgWBMadpXloazcwqBJAIEXDD8jXTFtkfvbmBQ9A7MrZXEnILHs3DGR+zo0MG3aSE251xQclwHlbdUtcoiP6AK7LyNXb2Lg0lgegiz3KhxbIl7vAkB1xJ8LQClayQZa+4mqdOavbvmAyTmKzAkDyhfQ4r+fsEZHBCEPb3ZbHr3qTz2qkDdo7m7rz+gAy2odTioUcMId3AIZFxyf20vvhzRKxJGBHFqxVySlqq9mA0+9sWsDGGHIOmhLIQ/fmqOT1tvIrQM2ndD0hvdvjvVp+sQBqXreqkZc8ZAu+oesZaFk5vQleYkMaxphzt8N54Oxub0UHsGwk6t9cAtxMrL97swOmlT8Wt5tjQcTq9poYB+F/bjd04lR79LynWGhSB7VLWgBsOw3SGGMjhlBJu8d8joRNYnDGJo03TTwxI5wy5ErKXv4eU7izGjCREqgdsC/ojcjhqTb2ggO+GNZevtt72SN9ZBm5cR/VG2dA9RpelL0NNxogiF2ysNhzQ0ZgjV26qjPBLxsVgBjWVt0z3HykESWQgpljRWg9EfxaAdbaR5waSoAdtshYrqyqclQCcsQ6xAX4e4KX7/XYDn7K8/XcTHavE8rv5VyQEv2g0AQsrTLyVZpzi/+YrrRY3Luqr7eiIIBsENjHGqxaYyPoWlS3oKv+9i5khjsgV4IhK1MjCWrBPo5TF3kKz1AcGzSn+9ByCEMtfNNJ9cnqHC+qFddZ2QA9J6rB3rWK4yqsu/t+rQJ5cRD5IL+q6toK0hoR5/ueJx6rJyBrYydCe4fR1zJmAia31qssrvo4OLquxSFnHFzUGEfVT80HcgLRpSV+roDmKLFV7rNK+q1SJheCD/KQr8i5TcsTteZP/+zPLz766B8FK1yjXx3b0Ew3H3QtL1bR0A5Uy3Ot3yq5fHGjmVImhHseLYHsYIie2OYIQa1A9gSrz/PWnkCIxX38h/1VY8oa+uNH/6SsuWX/7RdvufXW8tdf+4vyaUVIXUtf3U2URj93XUpAKz1T/QC7wFrdAK3i0q/rJ1C7q32u/u10QEakkdbo3rpx0X5y17i8lhiZ2PRvP/Gd8pdf+6vyphqPGsh1WA4cOKASoY+UX33gs+UmdbJkV6mGEn6UAd4jKecBuTXM6zC18qD/mLTvuOKY9be+Uk4soGmbWdFCvvmcPn+64jl8CF4Q3qQ5F/F5/dCh8m9PP12eVJewQ/q5fvUA+UNwTaunuDoCfUfg/wCQBarnVVwvigAAAABJRU5ErkJggg==','<p>Vulnerable test application</p>',NULL,NULL,0,'RSSI',NULL,NULL,'Microsoft','Interne','>100',NULL,'2022-06-28 05:59:28','2024-09-22 13:40:00',NULL,4,2,NULL,0,0,0,'1.5',3120,1800,NULL,NULL,'',NULL,NULL),
(37,'Messagerie',NULL,'<p>Internal mail system</p>',NULL,NULL,3,'',NULL,'Web','Microsoft','Internl','>100',NULL,'2022-12-17 14:12:12','2022-12-17 14:12:12',NULL,18,1,NULL,3,3,3,'v1.0',3120,1800,NULL,NULL,NULL,NULL,NULL),
(38,'excel',NULL,NULL,NULL,NULL,0,'',NULL,NULL,NULL,NULL,NULL,NULL,'2023-03-26 07:38:20','2023-03-26 07:38:20',NULL,NULL,NULL,NULL,0,0,0,'2019',0,0,NULL,NULL,NULL,NULL,NULL);
/*!40000 ALTER TABLE `m_applications` ENABLE KEYS */;
UNLOCK TABLES;

--
-- Dumping data for table `macro_processuses`
--

LOCK TABLES `macro_processuses` WRITE;
/*!40000 ALTER TABLE `macro_processuses` DISABLE KEYS */;
INSERT INTO `macro_processuses` (`id`, `name`, `description`, `io_elements`, `security_need_c`, `owner`, `created_at`, `updated_at`, `deleted_at`, `security_need_i`, `security_need_a`, `security_need_t`) VALUES (1,'Macro-Processus 1','<p>Description du macro-processus de test.</p>','<p>Entrant :</p><ul><li>donnée 1</li><li>donnée 2</li><li>donnée 3</li></ul><p>Sortant :</p><ul><li>donnée 4</li><li>donnée 5</li></ul>',4,'Nestor','2020-06-10 07:02:16','2021-05-14 13:29:36',NULL,3,2,1),
(2,'Macro-Processus 2','<p>Description du macro-processus</p>','<p>Valeur de test</p>',1,'Simon','2020-06-13 01:03:42','2021-05-14 07:21:10',NULL,2,3,4),
(3,'Valeur de test','<p>Valeur de test</p>','<p>Valeur de test</p>',3,'All','2020-08-09 05:32:37','2020-08-24 14:45:57','2020-08-24 14:45:57',NULL,NULL,NULL),
(4,'Proc3','<p>dfsdf</p>','<p>dsfsdf</p>',0,NULL,'2020-08-31 14:13:55','2020-08-31 14:31:29','2020-08-31 14:31:29',NULL,NULL,NULL),
(5,'Proc4','<p>dfsdf</p>','<p>dsfsdf</p>',0,NULL,'2020-08-31 14:19:32','2020-08-31 14:31:29','2020-08-31 14:31:29',NULL,NULL,NULL),
(6,'Proc5','<p>dfsdf</p>','<p>dsfsdf</p>',0,NULL,'2020-08-31 14:29:20','2020-08-31 14:31:29','2020-08-31 14:31:29',NULL,NULL,NULL),
(7,'MP1','<p>sdfsdfs</p>',NULL,0,NULL,'2020-08-31 14:31:40','2020-08-31 14:38:31','2020-08-31 14:38:31',NULL,NULL,NULL),
(8,'MP2','<p>sdfsdfs</p>',NULL,0,NULL,'2020-08-31 14:37:39','2020-08-31 14:38:31','2020-08-31 14:38:31',NULL,NULL,NULL),
(9,'MP3','<p>sdfsdfs</p>',NULL,0,NULL,'2020-08-31 14:38:06','2020-08-31 14:38:31','2020-08-31 14:38:31',NULL,NULL,NULL),
(10,'Macro-Processus 3','<p>Description du troisième macro-processus</p>','<ul><li>un</li><li>deux</li><li>trois</li><li>quatre</li></ul>',2,'Nestor','2020-11-24 08:21:38','2021-05-14 07:20:55',NULL,2,2,2),
(11,'Macro-Processus 4','<p>Description du macro processus quatre</p>','<ul><li>crayon</li><li>stylos</li><li>gommes</li></ul>',1,'Pirre','2021-05-14 07:19:51','2021-09-22 11:00:08','2021-09-22 11:00:08',1,1,1);
/*!40000 ALTER TABLE `macro_processuses` ENABLE KEYS */;
UNLOCK TABLES;

--
-- Dumping data for table `man_wan`
--

LOCK TABLES `man_wan` WRITE;
/*!40000 ALTER TABLE `man_wan` DISABLE KEYS */;
INSERT INTO `man_wan` (`wan_id`, `man_id`) VALUES (1,1);
/*!40000 ALTER TABLE `man_wan` ENABLE KEYS */;
UNLOCK TABLES;

--
-- Dumping data for table `mans`
--

LOCK TABLES `mans` WRITE;
/*!40000 ALTER TABLE `mans` DISABLE KEYS */;
INSERT INTO `mans` (`id`, `name`, `created_at`, `updated_at`, `deleted_at`) VALUES (1,'MAN_1','2020-08-22 04:17:20','2020-08-22 04:17:20',NULL),
(2,'MAN_2','2021-05-07 08:14:27','2021-05-07 08:23:23',NULL),
(3,'Test1','2022-04-25 12:43:02','2022-04-25 12:52:49','2022-04-25 12:52:49'),
(4,'Test2','2022-04-25 12:43:09','2022-04-25 12:52:49','2022-04-25 12:52:49');
/*!40000 ALTER TABLE `mans` ENABLE KEYS */;
UNLOCK TABLES;

--
-- Dumping data for table `media`
--

LOCK TABLES `media` WRITE;
/*!40000 ALTER TABLE `media` DISABLE KEYS */;
/*!40000 ALTER TABLE `media` ENABLE KEYS */;
UNLOCK TABLES;

--
-- Dumping data for table `network_switch_physical_switch`
--

LOCK TABLES `network_switch_physical_switch` WRITE;
/*!40000 ALTER TABLE `network_switch_physical_switch` DISABLE KEYS */;
INSERT INTO `network_switch_physical_switch` (`network_switch_id`, `physical_switch_id`) VALUES (2,1),
(3,4),
(1,3),
(1,2),
(3,8),
(3,7);
/*!40000 ALTER TABLE `network_switch_physical_switch` ENABLE KEYS */;
UNLOCK TABLES;

--
-- Dumping data for table `network_switches`
--

LOCK TABLES `network_switches` WRITE;
/*!40000 ALTER TABLE `network_switches` DISABLE KEYS */;
INSERT INTO `network_switches` (`id`, `name`, `ip`, `description`, `created_at`, `updated_at`, `deleted_at`) VALUES (1,'LSWITCH-2','10.30.8.7, 10.50.4.3','<p>Description of logical Switch 2</p>','2020-07-13 17:30:37','2024-05-31 06:01:25',NULL),
(2,'LSWITCH-1','10.10.4.5','<p>Second commutateur de test</p>','2022-04-25 12:55:44','2024-05-31 05:56:54',NULL),
(3,'LSWITCH-3','10.40.56.4','<p>Description of logical Switch 3</p>','2024-05-18 20:20:23','2024-05-31 05:57:18',NULL);
/*!40000 ALTER TABLE `network_switches` ENABLE KEYS */;
UNLOCK TABLES;

--
-- Dumping data for table `networks`
--

LOCK TABLES `networks` WRITE;
/*!40000 ALTER TABLE `networks` DISABLE KEYS */;
INSERT INTO `networks` (`id`, `name`, `protocol_type`, `responsible`, `responsible_sec`, `security_need_c`, `description`, `created_at`, `updated_at`, `deleted_at`, `security_need_i`, `security_need_a`, `security_need_t`) VALUES (1,'Réseau 1','TCP','Pierre','Paul',1,'<p>Description du réseau 1</p>','2020-06-23 12:34:14','2021-09-22 10:20:11',NULL,2,3,4),
(2,'Réseau 2','TCP','Johan','Jean-Marc',1,'<p>Description du réseau 2</p>','2020-07-01 15:45:41','2021-09-22 10:21:23',NULL,1,1,1),
(3,'test',NULL,NULL,NULL,4,'<p>réseau test</p>','2021-09-22 10:30:23','2021-09-22 10:30:29','2021-09-22 10:30:29',4,4,4);
/*!40000 ALTER TABLE `networks` ENABLE KEYS */;
UNLOCK TABLES;

--
-- Dumping data for table `operation_task`
--

LOCK TABLES `operation_task` WRITE;
/*!40000 ALTER TABLE `operation_task` DISABLE KEYS */;
INSERT INTO `operation_task` (`operation_id`, `task_id`) VALUES (1,1),
(1,2),
(2,1),
(3,3),
(4,2),
(5,1),
(5,2),
(5,3),
(6,2),
(6,1),
(4,3);
/*!40000 ALTER TABLE `operation_task` ENABLE KEYS */;
UNLOCK TABLES;

--
-- Dumping data for table `operations`
--

LOCK TABLES `operations` WRITE;
/*!40000 ALTER TABLE `operations` DISABLE KEYS */;
INSERT INTO `operations` (`id`, `name`, `description`, `process_id`, `created_at`, `updated_at`, `deleted_at`) VALUES (1,'Operation 1','<p>Description de l\'opération</p>',1,'2020-06-13 00:02:42','2022-12-17 14:37:37',NULL),
(2,'Operation 2','<p>Description de l\'opération</p>',1,'2020-06-13 00:02:58','2022-12-17 14:37:45',NULL),
(3,'Operation 3','<p>Desciption de l\'opération</p>',2,'2020-06-13 00:03:11','2022-12-17 14:35:58',NULL),
(4,'Operation 4','<p>Description de l\'opération 4</p>',2,'2020-07-15 14:34:02','2022-12-17 14:37:29',NULL),
(5,'Master operation','<p>Opération maitre</p>',1,'2020-08-15 04:01:40','2022-09-15 17:56:33',NULL),
(6,'Operation zullu','<p>Opération de mouvement tactique.</p>',2,'2022-07-28 11:58:41','2022-12-17 14:37:54',NULL);
/*!40000 ALTER TABLE `operations` ENABLE KEYS */;
UNLOCK TABLES;

--
-- Dumping data for table `peripherals`
--

LOCK TABLES `peripherals` WRITE;
/*!40000 ALTER TABLE `peripherals` DISABLE KEYS */;
INSERT INTO `peripherals` (`id`, `name`, `icon`, `type`, `description`, `vendor`, `product`, `version`, `responsible`, `created_at`, `updated_at`, `deleted_at`, `site_id`, `building_id`, `bay_id`, `address_ip`, `domain`, `provider_id`) VALUES (1,'PER_01',NULL,'IBM 4703','<p>important peripheral</p>','hal',NULL,NULL,'Marcel','2020-07-25 06:18:40','2024-09-06 15:01:59',NULL,3,5,NULL,'10.30.33.3','IT',8),
(2,'PER_02',NULL,'IBM 5600','<p>Description</p>',NULL,NULL,NULL,'Nestor','2020-07-25 06:19:18','2020-07-25 06:19:18',NULL,3,5,NULL,NULL,NULL,NULL),
(3,'PER_03',NULL,'HAL 8100','<p>Space device</p>',NULL,NULL,NULL,'Niel','2020-07-25 06:19:58','2020-07-25 06:20:18',NULL,3,4,NULL,NULL,NULL,NULL),
(4,'PER_42',NULL,'IBM 4703','<p>The peripheral</p>',NULL,NULL,NULL,'Niel','2023-10-01 08:37:26','2024-08-20 17:45:33',NULL,1,7,NULL,NULL,NULL,NULL),
(5,'CAM01',NULL,'PHI 324','<p>Description of secure cam 01</p>',NULL,'CAM01',NULL,'Marcel','2024-09-13 11:02:38','2024-09-15 13:53:52',NULL,1,7,1,'10.10.34.3','IOT',1),
(6,'CAM02',NULL,'PHI 324','<p>Description of secure cam 02</p>',NULL,'CAM',NULL,'Marcel','2024-09-15 13:55:06','2024-09-15 13:55:06',NULL,1,7,1,'10.10.34.4','IOT',1);
/*!40000 ALTER TABLE `peripherals` ENABLE KEYS */;
UNLOCK TABLES;

--
-- Dumping data for table `personal_access_tokens`
--

LOCK TABLES `personal_access_tokens` WRITE;
/*!40000 ALTER TABLE `personal_access_tokens` DISABLE KEYS */;
/*!40000 ALTER TABLE `personal_access_tokens` ENABLE KEYS */;
UNLOCK TABLES;

--
-- Dumping data for table `phones`
--

LOCK TABLES `phones` WRITE;
/*!40000 ALTER TABLE `phones` DISABLE KEYS */;
INSERT INTO `phones` (`id`, `name`, `description`, `vendor`, `product`, `version`, `type`, `created_at`, `updated_at`, `deleted_at`, `site_id`, `building_id`, `physical_switch_id`, `address_ip`) VALUES (1,'Phone 01','<p>Téléphone de test</p>',NULL,NULL,NULL,'MOTOROAL 3110','2020-07-21 05:16:46','2024-08-25 13:46:48',NULL,1,1,NULL,'10.40.7.12'),
(2,'Phone 03','<p>Special AA phone</p>',NULL,NULL,NULL,'Top secret phone','2020-07-21 05:18:01','2024-08-25 13:48:05',NULL,2,4,NULL,NULL),
(3,'Phone 02','<p>Description phone 02</p>',NULL,NULL,NULL,'iPhone 3','2020-07-25 06:52:23','2024-08-25 14:00:42',NULL,2,3,NULL,NULL),
(4,'Phone 04','<p>Description of phone 04</p>',NULL,NULL,NULL,'Android 5482','2024-08-25 14:00:07','2024-08-25 14:00:07',NULL,1,7,NULL,'10.10.23.32'),
(5,'Phone 05','<p>Description of phone 04</p>',NULL,NULL,NULL,'Android 5482','2024-09-15 13:59:33','2024-09-15 13:59:33',NULL,1,1,NULL,'10.10.23.33');
/*!40000 ALTER TABLE `phones` ENABLE KEYS */;
UNLOCK TABLES;

--
-- Dumping data for table `physical_links`
--

LOCK TABLES `physical_links` WRITE;
/*!40000 ALTER TABLE `physical_links` DISABLE KEYS */;
INSERT INTO `physical_links` (`id`, `src_port`, `dest_port`, `peripheral_src_id`, `phone_src_id`, `physical_router_src_id`, `physical_security_device_src_id`, `physical_server_src_id`, `physical_switch_src_id`, `storage_device_src_id`, `wifi_terminal_src_id`, `workstation_src_id`, `logical_server_src_id`, `network_switch_src_id`, `router_src_id`, `peripheral_dest_id`, `phone_dest_id`, `physical_router_dest_id`, `physical_security_device_dest_id`, `physical_server_dest_id`, `physical_switch_dest_id`, `storage_device_dest_id`, `wifi_terminal_dest_id`, `workstation_dest_id`, `logical_server_dest_id`, `network_switch_dest_id`, `router_dest_id`, `created_at`, `updated_at`, `deleted_at`) VALUES (1,'2','1',NULL,NULL,NULL,NULL,NULL,1,NULL,NULL,NULL,NULL,NULL,NULL,NULL,NULL,NULL,NULL,1,NULL,NULL,NULL,NULL,NULL,NULL,NULL,'2023-01-11 16:43:55','2023-01-11 19:26:02',NULL),
(2,'3','1',NULL,NULL,NULL,NULL,NULL,1,NULL,NULL,NULL,NULL,NULL,NULL,NULL,NULL,NULL,NULL,NULL,NULL,1,NULL,NULL,NULL,NULL,NULL,'2023-01-11 17:27:27','2023-01-11 19:26:21',NULL),
(3,NULL,NULL,NULL,NULL,NULL,NULL,NULL,1,NULL,NULL,NULL,NULL,NULL,NULL,NULL,NULL,NULL,NULL,7,NULL,NULL,NULL,NULL,NULL,NULL,NULL,'2023-01-11 17:27:46','2023-01-11 17:27:46',NULL),
(4,'1','1',NULL,NULL,1,NULL,NULL,NULL,NULL,NULL,NULL,NULL,NULL,NULL,NULL,NULL,NULL,NULL,NULL,6,NULL,NULL,NULL,NULL,NULL,NULL,'2023-01-11 17:28:25','2023-01-11 19:23:56',NULL),
(5,'5',NULL,NULL,NULL,NULL,NULL,NULL,6,NULL,NULL,NULL,NULL,NULL,NULL,NULL,NULL,NULL,3,NULL,NULL,NULL,NULL,NULL,NULL,NULL,NULL,'2023-01-11 17:28:43','2023-01-12 17:50:04',NULL),
(6,'4',NULL,NULL,NULL,NULL,NULL,NULL,6,NULL,NULL,NULL,NULL,NULL,NULL,NULL,NULL,NULL,NULL,3,NULL,NULL,NULL,NULL,NULL,NULL,NULL,'2023-01-11 17:29:05','2023-01-12 17:49:26',NULL),
(7,'2','1',NULL,NULL,NULL,NULL,NULL,6,NULL,NULL,NULL,NULL,NULL,NULL,NULL,NULL,NULL,NULL,NULL,NULL,2,NULL,NULL,NULL,NULL,NULL,'2023-01-11 17:29:37','2023-01-12 17:31:51',NULL),
(8,'2','1',NULL,NULL,1,NULL,NULL,NULL,NULL,NULL,NULL,NULL,NULL,NULL,NULL,NULL,NULL,NULL,NULL,1,NULL,NULL,NULL,NULL,NULL,NULL,'2023-01-11 17:30:13','2023-01-11 19:24:08',NULL),
(9,'3','1',NULL,NULL,1,NULL,NULL,NULL,NULL,NULL,NULL,NULL,NULL,NULL,NULL,NULL,NULL,NULL,NULL,2,NULL,NULL,NULL,NULL,NULL,NULL,'2023-01-11 17:30:28','2023-01-11 19:24:17',NULL),
(10,NULL,NULL,NULL,NULL,NULL,NULL,NULL,2,NULL,NULL,NULL,NULL,NULL,NULL,NULL,NULL,NULL,1,NULL,NULL,NULL,NULL,NULL,NULL,NULL,NULL,'2023-01-11 17:30:47','2023-01-11 17:30:47',NULL),
(11,NULL,NULL,NULL,NULL,NULL,NULL,NULL,2,NULL,NULL,NULL,NULL,NULL,NULL,NULL,NULL,NULL,NULL,6,NULL,NULL,NULL,NULL,NULL,NULL,NULL,'2023-01-11 17:31:10','2023-01-11 17:31:10',NULL),
(12,'4','1',NULL,NULL,1,NULL,NULL,NULL,NULL,NULL,NULL,NULL,NULL,NULL,NULL,NULL,2,NULL,NULL,NULL,NULL,NULL,NULL,NULL,NULL,NULL,'2023-01-11 17:48:36','2023-01-11 19:24:29',NULL),
(13,'1','1',NULL,NULL,2,NULL,NULL,NULL,NULL,NULL,NULL,NULL,NULL,NULL,NULL,NULL,NULL,2,NULL,NULL,NULL,NULL,NULL,NULL,NULL,NULL,'2023-01-11 17:49:06','2023-01-11 19:25:25',NULL),
(14,'2','1',NULL,NULL,2,NULL,NULL,NULL,NULL,NULL,NULL,NULL,NULL,NULL,NULL,NULL,NULL,NULL,NULL,3,NULL,NULL,NULL,NULL,NULL,NULL,'2023-01-11 17:49:22','2023-01-11 19:25:37',NULL),
(15,NULL,NULL,NULL,NULL,NULL,NULL,NULL,3,NULL,NULL,NULL,NULL,NULL,NULL,NULL,NULL,NULL,NULL,8,NULL,NULL,NULL,NULL,NULL,NULL,NULL,'2023-01-11 17:49:44','2023-01-11 17:49:44',NULL),
(16,'3','1',NULL,NULL,2,NULL,NULL,NULL,NULL,NULL,NULL,NULL,NULL,NULL,NULL,NULL,NULL,NULL,NULL,4,NULL,NULL,NULL,NULL,NULL,NULL,'2023-01-11 17:50:11','2023-01-11 19:25:48',NULL),
(17,NULL,NULL,NULL,NULL,NULL,NULL,NULL,4,NULL,NULL,NULL,NULL,NULL,NULL,NULL,NULL,NULL,NULL,2,NULL,NULL,NULL,NULL,NULL,NULL,NULL,'2023-01-11 17:50:31','2023-01-11 17:51:00',NULL),
(18,NULL,NULL,NULL,NULL,NULL,NULL,NULL,2,NULL,NULL,NULL,NULL,NULL,NULL,NULL,NULL,NULL,NULL,NULL,NULL,NULL,NULL,1,NULL,NULL,NULL,'2023-01-11 19:26:55','2023-01-11 19:26:55',NULL),
(19,NULL,NULL,NULL,NULL,NULL,NULL,NULL,2,NULL,NULL,NULL,NULL,NULL,NULL,NULL,NULL,NULL,NULL,NULL,NULL,NULL,NULL,5,NULL,NULL,NULL,'2023-01-11 19:27:09','2023-01-11 19:27:09',NULL),
(20,NULL,NULL,NULL,NULL,NULL,NULL,NULL,2,NULL,NULL,NULL,NULL,NULL,NULL,NULL,NULL,NULL,NULL,NULL,NULL,NULL,NULL,7,NULL,NULL,NULL,'2023-01-11 19:27:24','2023-01-11 19:27:24',NULL),
(21,'6',NULL,NULL,NULL,NULL,NULL,NULL,6,NULL,NULL,NULL,NULL,NULL,NULL,NULL,NULL,NULL,NULL,NULL,NULL,NULL,2,NULL,NULL,NULL,NULL,'2023-01-11 19:29:54','2023-01-12 17:50:20',NULL),
(22,'7',NULL,NULL,NULL,NULL,NULL,NULL,6,NULL,NULL,NULL,NULL,NULL,NULL,NULL,1,NULL,NULL,NULL,NULL,NULL,NULL,NULL,NULL,NULL,NULL,'2023-01-11 19:32:04','2023-01-12 17:50:30',NULL),
(23,NULL,NULL,NULL,NULL,NULL,NULL,NULL,1,NULL,NULL,NULL,NULL,NULL,NULL,NULL,NULL,NULL,NULL,NULL,NULL,NULL,NULL,4,NULL,NULL,NULL,'2023-01-11 19:32:57','2023-01-11 19:32:57',NULL),
(24,NULL,NULL,NULL,NULL,NULL,NULL,NULL,1,NULL,NULL,NULL,NULL,NULL,NULL,NULL,NULL,NULL,NULL,NULL,NULL,NULL,NULL,6,NULL,NULL,NULL,'2023-01-11 19:33:15','2023-01-11 19:33:15',NULL),
(25,NULL,NULL,NULL,NULL,NULL,NULL,NULL,1,NULL,NULL,NULL,NULL,NULL,NULL,NULL,NULL,NULL,NULL,NULL,NULL,NULL,1,NULL,NULL,NULL,NULL,'2023-01-11 19:33:29','2023-01-11 19:33:29',NULL),
(26,NULL,NULL,NULL,NULL,NULL,NULL,NULL,3,NULL,NULL,NULL,NULL,NULL,NULL,NULL,NULL,NULL,NULL,NULL,NULL,NULL,3,NULL,NULL,NULL,NULL,'2023-01-11 19:35:35','2023-01-11 19:35:35',NULL),
(27,NULL,NULL,NULL,NULL,NULL,NULL,NULL,3,NULL,NULL,NULL,NULL,NULL,NULL,NULL,NULL,NULL,NULL,NULL,NULL,NULL,NULL,3,NULL,NULL,NULL,'2023-01-11 19:36:00','2023-01-11 19:36:00',NULL),
(28,NULL,NULL,NULL,NULL,NULL,NULL,NULL,3,NULL,NULL,NULL,NULL,NULL,NULL,NULL,2,NULL,NULL,NULL,NULL,NULL,NULL,NULL,NULL,NULL,NULL,'2023-01-11 19:36:20','2023-01-11 19:36:20',NULL),
(29,NULL,NULL,NULL,NULL,NULL,NULL,NULL,4,NULL,NULL,NULL,NULL,NULL,NULL,NULL,NULL,NULL,NULL,NULL,NULL,NULL,NULL,8,NULL,NULL,NULL,'2023-01-11 19:37:04','2023-01-11 19:37:04',NULL),
(30,NULL,NULL,NULL,NULL,NULL,NULL,NULL,4,NULL,NULL,NULL,NULL,NULL,NULL,NULL,NULL,NULL,NULL,NULL,NULL,NULL,NULL,9,NULL,NULL,NULL,'2023-01-11 19:37:21','2023-01-11 19:37:21',NULL),
(31,NULL,NULL,NULL,NULL,NULL,NULL,NULL,4,NULL,NULL,NULL,NULL,NULL,NULL,NULL,NULL,NULL,NULL,NULL,NULL,NULL,NULL,10,NULL,NULL,NULL,'2023-01-11 19:37:37','2023-01-11 19:37:37',NULL),
(32,NULL,NULL,NULL,NULL,NULL,NULL,NULL,3,NULL,NULL,NULL,NULL,NULL,NULL,NULL,NULL,NULL,NULL,NULL,NULL,NULL,NULL,2,NULL,NULL,NULL,'2023-01-11 19:38:16','2023-01-11 19:38:16',NULL),
(33,NULL,NULL,NULL,NULL,NULL,NULL,NULL,3,NULL,NULL,NULL,NULL,NULL,NULL,NULL,3,NULL,NULL,NULL,NULL,NULL,NULL,NULL,NULL,NULL,NULL,'2023-01-11 19:38:29','2023-01-11 19:38:29',NULL),
(34,'8',NULL,NULL,NULL,NULL,NULL,NULL,6,NULL,NULL,NULL,NULL,NULL,NULL,NULL,NULL,NULL,NULL,NULL,NULL,NULL,NULL,11,NULL,NULL,NULL,'2023-01-12 17:48:22','2023-01-12 17:50:38',NULL),
(35,NULL,NULL,NULL,NULL,NULL,NULL,NULL,NULL,NULL,NULL,NULL,NULL,NULL,1,NULL,NULL,1,NULL,NULL,NULL,NULL,NULL,NULL,NULL,NULL,NULL,'2023-02-01 15:58:34','2024-05-19 03:36:35','2024-05-19 03:36:35'),
(37,NULL,NULL,NULL,NULL,NULL,NULL,NULL,NULL,NULL,NULL,NULL,NULL,NULL,1,NULL,NULL,NULL,NULL,NULL,NULL,NULL,NULL,NULL,NULL,1,NULL,'2023-02-01 16:05:48','2024-05-19 03:36:35','2024-05-19 03:36:35'),
(38,'1','10',NULL,NULL,NULL,NULL,NULL,NULL,NULL,NULL,14,NULL,NULL,NULL,NULL,NULL,NULL,NULL,NULL,1,NULL,NULL,NULL,NULL,NULL,NULL,'2023-12-02 15:32:37','2023-12-02 15:32:37',NULL),
(39,NULL,NULL,NULL,NULL,NULL,NULL,NULL,4,NULL,NULL,NULL,NULL,NULL,NULL,NULL,NULL,NULL,NULL,NULL,7,NULL,NULL,NULL,NULL,NULL,NULL,'2024-08-22 05:44:42','2024-08-22 05:44:42',NULL);
/*!40000 ALTER TABLE `physical_links` ENABLE KEYS */;
UNLOCK TABLES;

--
-- Dumping data for table `physical_router_router`
--

LOCK TABLES `physical_router_router` WRITE;
/*!40000 ALTER TABLE `physical_router_router` DISABLE KEYS */;
INSERT INTO `physical_router_router` (`router_id`, `physical_router_id`) VALUES (1,1),
(5,5),
(1,6),
(1,7);
/*!40000 ALTER TABLE `physical_router_router` ENABLE KEYS */;
UNLOCK TABLES;

--
-- Dumping data for table `physical_router_vlan`
--

LOCK TABLES `physical_router_vlan` WRITE;
/*!40000 ALTER TABLE `physical_router_vlan` DISABLE KEYS */;
INSERT INTO `physical_router_vlan` (`physical_router_id`, `vlan_id`) VALUES (1,1),
(1,3),
(2,3),
(3,5),
(4,6),
(6,1),
(6,3),
(7,1),
(7,3);
/*!40000 ALTER TABLE `physical_router_vlan` ENABLE KEYS */;
UNLOCK TABLES;

--
-- Dumping data for table `physical_routers`
--

LOCK TABLES `physical_routers` WRITE;
/*!40000 ALTER TABLE `physical_routers` DISABLE KEYS */;
INSERT INTO `physical_routers` (`id`, `description`, `vendor`, `product`, `version`, `type`, `created_at`, `updated_at`, `deleted_at`, `site_id`, `building_id`, `bay_id`, `name`) VALUES (1,'<p>Routeur prncipal</p>',NULL,NULL,NULL,'Fortinet','2020-07-10 06:58:53','2024-09-15 14:39:53','2024-09-15 14:39:53',1,1,1,'R1'),
(2,'<p>Routeur secondaire</p>',NULL,NULL,NULL,'CISCO','2020-07-10 07:19:11','2020-07-25 08:28:17',NULL,2,3,5,'R2'),
(3,'<p>Description of R3</p>',NULL,NULL,NULL,'Nortel','2024-05-18 16:46:17','2024-05-18 16:46:17',NULL,2,2,4,'R3'),
(4,'<p>Description of R4</p>',NULL,NULL,NULL,'CISCO','2024-05-18 16:47:47','2024-09-13 09:41:37',NULL,3,4,6,'R4'),
(5,'<p>Big R5 router</p>',NULL,NULL,NULL,'HAL','2024-05-28 12:13:52','2024-09-13 09:41:54',NULL,3,5,6,'R5'),
(6,'<p>Routeur prncipal</p>',NULL,NULL,NULL,'Fortinet','2024-09-15 14:38:02','2024-09-15 14:39:23','2024-09-15 14:39:23',1,1,1,'R1'),
(7,'<p>Routeur prncipal</p>',NULL,NULL,NULL,'Fortinet','2024-09-15 14:39:44','2024-09-15 14:43:37',NULL,1,1,1,'R01');
/*!40000 ALTER TABLE `physical_routers` ENABLE KEYS */;
UNLOCK TABLES;

--
-- Dumping data for table `physical_security_devices`
--

LOCK TABLES `physical_security_devices` WRITE;
/*!40000 ALTER TABLE `physical_security_devices` DISABLE KEYS */;
INSERT INTO `physical_security_devices` (`id`, `name`, `type`, `description`, `created_at`, `updated_at`, `deleted_at`, `site_id`, `building_id`, `bay_id`, `address_ip`) VALUES (1,'Magic Gate','Gate','<p>BIG Magic Gate</p>','2021-05-20 14:40:43','2021-11-13 20:29:45',NULL,1,1,1,NULL),
(2,'IDS01','Firewall','<p>The magic firewall - PT3743</p>','2021-06-07 14:56:26','2024-08-27 17:19:44',NULL,3,5,5,'10.50.10.2'),
(3,'Sensor-1','Sensor','<p>Temperature sensor</p>','2021-11-13 20:37:14','2023-01-11 15:40:35',NULL,1,3,3,NULL),
(4,'Sensor-2','THERMAL','<p>Thermal sensor</p>','2024-08-27 17:24:46','2024-08-27 17:24:46',NULL,1,1,1,'10.02.3.4');
/*!40000 ALTER TABLE `physical_security_devices` ENABLE KEYS */;
UNLOCK TABLES;

--
-- Dumping data for table `physical_servers`
--

LOCK TABLES `physical_servers` WRITE;
/*!40000 ALTER TABLE `physical_servers` DISABLE KEYS */;
INSERT INTO `physical_servers` (`id`, `name`, `description`, `vendor`, `product`, `version`, `responsible`, `configuration`, `created_at`, `updated_at`, `deleted_at`, `site_id`, `building_id`, `bay_id`, `physical_switch_id`, `type`, `address_ip`, `cpu`, `memory`, `disk`, `disk_used`, `operating_system`, `install_date`, `update_date`, `patching_group`, `paching_frequency`, `next_update`, `cluster_id`) VALUES (1,'Serveur A1','<p>Description du serveur A1</p>',NULL,NULL,NULL,'Marc','<p>OS: OS2<br>IP : 127.0.0.1<br>&nbsp;</p>','2020-06-21 05:27:02','2024-04-23 02:51:30',NULL,NULL,4,4,NULL,'System 840','128.1.61.150',NULL,NULL,NULL,NULL,NULL,NULL,NULL,NULL,NULL,NULL,1),
(2,'Serveur A2','<p>Description du serveur A2</p>',NULL,NULL,NULL,'Marc','<p>Configuration du serveur A<br>OS : Linux 23.4<br>RAM: 32G</p>','2020-06-21 05:27:58','2023-11-03 09:19:23',NULL,3,5,6,NULL,'System 840',NULL,NULL,NULL,NULL,NULL,NULL,NULL,NULL,NULL,NULL,NULL,NULL),
(3,'Serveur A3','<p>Serveur mobile</p>',NULL,NULL,NULL,'Marc','<p>None</p>','2020-07-14 15:30:48','2023-11-03 09:23:39',NULL,1,1,3,NULL,'System 840',NULL,NULL,NULL,NULL,NULL,NULL,NULL,NULL,NULL,NULL,NULL,2),
(4,'ZZ99','<p>Zoro server</p>',NULL,NULL,NULL,NULL,NULL,'2020-07-14 15:37:50','2020-08-25 14:54:58','2020-08-25 14:54:58',3,5,NULL,NULL,NULL,NULL,NULL,NULL,NULL,NULL,NULL,NULL,NULL,NULL,NULL,NULL,NULL),
(5,'K01','<p>Serveur K01</p>',NULL,NULL,NULL,NULL,'<p>TOP CPU<br>TOP RAM</p>','2020-07-15 14:37:04','2020-08-29 12:08:09','2020-08-29 12:08:09',1,1,3,NULL,NULL,NULL,NULL,NULL,NULL,NULL,NULL,NULL,NULL,NULL,NULL,NULL,NULL),
(6,'Mainframe 01','<p>Central accounting system</p>',NULL,NULL,NULL,'Marc','<p>CICS / Cobol</p>','2020-09-05 08:02:49','2023-11-03 09:19:23',NULL,1,1,1,2,'Type 404','127.0.0.1','6','40','120','60','SYSTEM 42','2023-10-28 12:03:14',NULL,NULL,NULL,NULL,NULL),
(7,'Mainframe T1','<p>Mainframe de test</p>',NULL,NULL,NULL,'Marc','<p>IDEM prod</p>','2020-09-05 08:22:18','2023-11-03 09:19:23',NULL,2,3,4,2,'HAL 340',NULL,NULL,NULL,NULL,NULL,NULL,NULL,NULL,NULL,NULL,NULL,NULL),
(8,'Serveur A4','<p>Departmental server</p>',NULL,NULL,NULL,'Marc','<p>Standard configuration</p>','2021-06-22 15:34:33','2023-11-03 09:19:23',NULL,2,3,5,NULL,'Mini 900/2',NULL,NULL,NULL,NULL,NULL,NULL,NULL,NULL,NULL,NULL,NULL,NULL),
(9,'Test',NULL,NULL,NULL,NULL,NULL,NULL,'2023-11-07 12:16:11','2024-04-23 02:50:15',NULL,1,NULL,NULL,NULL,NULL,NULL,NULL,NULL,NULL,NULL,NULL,NULL,NULL,NULL,NULL,NULL,NULL);
/*!40000 ALTER TABLE `physical_servers` ENABLE KEYS */;
UNLOCK TABLES;

--
-- Dumping data for table `physical_switches`
--

LOCK TABLES `physical_switches` WRITE;
/*!40000 ALTER TABLE `physical_switches` DISABLE KEYS */;
INSERT INTO `physical_switches` (`id`, `name`, `description`, `vendor`, `product`, `version`, `type`, `created_at`, `updated_at`, `deleted_at`, `site_id`, `building_id`, `bay_id`) VALUES (1,'SW01','<p>Master test switch.</p>',NULL,NULL,NULL,'Nortel A39','2020-07-17 13:29:09','2024-05-19 02:41:00',NULL,2,4,2),
(2,'SW03','<p>Description switch 2</p>',NULL,NULL,NULL,'Alcatel 430','2020-07-17 13:31:41','2023-01-11 15:36:27',NULL,1,1,1),
(3,'SW02','<p>Desription du premier switch.</p>',NULL,NULL,NULL,'Nortel 2300','2020-07-25 05:27:27','2023-01-11 15:36:17',NULL,2,3,5),
(4,'SW04','<p>Desciption du switch 3</p>',NULL,NULL,NULL,'Alcatel 3500','2020-07-25 07:42:51','2023-01-11 15:36:38',NULL,3,5,6),
(5,'AB','<p>Test 2 chars switch</p>',NULL,NULL,NULL,NULL,'2020-08-22 04:19:45','2020-08-27 16:04:20','2020-08-27 16:04:20',NULL,NULL,NULL),
(6,'SW05','<p>Description du switch 05</p>',NULL,NULL,NULL,'Alcatel 430','2023-01-11 15:38:44','2023-10-28 09:06:26',NULL,1,1,3),
(7,'SW06','<p>Description of SW06 is here</p>',NULL,NULL,NULL,'Alcatel 430','2024-05-19 02:47:22','2024-08-22 05:43:59',NULL,3,5,NULL),
(8,'SW07','<p>Description of SW07</p>',NULL,NULL,NULL,'HAL 2132','2024-05-19 02:49:10','2024-05-19 02:49:10',NULL,2,2,4);
/*!40000 ALTER TABLE `physical_switches` ENABLE KEYS */;
UNLOCK TABLES;

--
-- Dumping data for table `processes`
--

LOCK TABLES `processes` WRITE;
/*!40000 ALTER TABLE `processes` DISABLE KEYS */;
INSERT INTO `processes` (`id`, `name`, `description`, `owner`, `security_need_c`, `in_out`, `created_at`, `updated_at`, `deleted_at`, `macroprocess_id`, `security_need_i`, `security_need_a`, `security_need_t`) VALUES (1,'Processus 1','<p>Description du processus 1</p>','Ched',3,'<ul><li>pommes</li><li>poires</li><li>cerise</li></ul>','2020-06-17 14:36:24','2024-04-28 08:17:53',NULL,1,2,3,1),
(2,'Processus 2','<p>Description du processus 2</p>','Ched',3,'<p>1 2 3 4 5 6</p>','2020-06-17 14:36:58','2021-09-22 10:59:14',NULL,10,4,2,4),
(3,'Processus 3','<p>Description du processus 3</p>','Johan',3,'<p>a,b,c</p><p>d,e,f</p>','2020-07-01 15:50:27','2021-08-17 08:22:13',NULL,2,2,3,1),
(4,'Processus 4','<p>Description du processus 4</p>','Paul',4,'<ul><li>chaussettes</li><li>pantalon</li><li>chaussures</li></ul>','2020-08-18 15:00:36','2021-08-17 08:22:29',NULL,2,2,2,2),
(5,'totoat','<p>tto</p>',NULL,1,'<p>sgksdùmfk</p>','2020-08-27 13:16:56','2020-08-27 13:17:01','2020-08-27 13:17:01',1,NULL,NULL,NULL),
(6,'ptest','<p>description de ptest</p>',NULL,0,'<p>toto titi tutu</p>','2020-08-29 11:10:23','2020-08-29 11:10:28','2020-08-29 11:10:28',NULL,NULL,NULL,NULL),
(7,'ptest2','<p>fdfsdfsdf</p>',NULL,1,'<p>fdfsdfsd</p>','2020-08-29 11:16:42','2020-08-29 11:17:09','2020-08-29 11:17:09',1,NULL,NULL,NULL),
(8,'ptest3','<p>processus de test 3</p>','CHEM - Facturation',3,'<p>dsfsdf sdf sdf sd fsd fsd f s</p>','2020-08-29 11:19:13','2020-08-29 11:20:59','2020-08-29 11:20:59',1,NULL,NULL,NULL),
(9,'Processus 5','<p>Description du cinquième processus</p>','Paul',4,'<ul><li>chat</li><li>chien</li><li>poisson</li></ul>','2021-05-14 07:10:02','2021-09-22 10:59:14',NULL,10,3,2,3),
(10,'Proc 6',NULL,NULL,0,NULL,'2021-10-08 19:18:28','2021-10-08 19:28:38','2021-10-08 19:28:38',NULL,0,0,0),
(11,'Process empty',NULL,NULL,0,NULL,'2023-12-04 08:13:37','2024-04-28 08:18:10','2024-04-28 08:18:10',NULL,0,0,0);
/*!40000 ALTER TABLE `processes` ENABLE KEYS */;
UNLOCK TABLES;

--
-- Dumping data for table `relation_values`
--

LOCK TABLES `relation_values` WRITE;
/*!40000 ALTER TABLE `relation_values` DISABLE KEYS */;
INSERT INTO `relation_values` (`relation_id`, `date_price`, `price`, `created_at`, `updated_at`) VALUES (15,'2020-01-01',123.00,'2024-04-06 11:58:58','2024-04-06 11:58:58'),
(4,'2023-04-06',950000.00,'2024-04-06 11:59:47','2024-04-06 11:59:47'),
(4,'2024-04-01',1000000.00,'2024-04-06 11:59:47','2024-04-06 11:59:47'),
(3,'0022-01-01',150000.00,'2024-04-06 12:00:55','2024-04-06 12:00:55'),
(3,'2023-01-01',175000.00,'2024-04-06 12:00:55','2024-04-06 12:00:55'),
(3,'2024-01-01',20000.00,'2024-04-06 12:00:55','2024-04-06 12:00:55'),
(13,'2024-04-06',100.00,'2024-04-06 12:18:56','2024-04-06 12:18:56'),
(13,'2020-01-01',95.00,'2024-04-06 12:18:56','2024-04-06 12:18:56'),
(7,'2001-01-01',800000.00,'2024-05-02 09:25:57','2024-05-02 09:25:57'),
(7,'2021-04-01',700000.00,'2024-05-02 09:25:57','2024-05-02 09:25:57'),
(7,'2024-04-01',950000.00,'2024-05-02 09:25:57','2024-05-02 09:25:57');
/*!40000 ALTER TABLE `relation_values` ENABLE KEYS */;
UNLOCK TABLES;

--
-- Dumping data for table `relations`
--

LOCK TABLES `relations` WRITE;
/*!40000 ALTER TABLE `relations` DISABLE KEYS */;
INSERT INTO `relations` (`id`, `importance`, `name`, `type`, `description`, `created_at`, `updated_at`, `deleted_at`, `source_id`, `destination_id`, `attributes`, `reference`, `responsible`, `order_number`, `active`, `start_date`, `end_date`, `comments`, `security_need_c`, `security_need_i`, `security_need_a`, `security_need_t`) VALUES (1,1,'Product 43','Contrat','<p>Here is the description of this relation</p>','2020-05-20 22:49:47','2024-04-06 12:02:28',NULL,1,6,'Liquidé Signé','REF 54454','Jacques','ORDER 98978',0,'2020-01-01','2022-01-01',NULL,NULL,NULL,NULL,NULL),
(2,2,'Product P232','Contrat','<p>Member description</p>','2020-05-20 23:35:11','2024-04-06 12:20:58',NULL,2,6,'Liquidé','REF 5454454','Hen, Julien','ORDER 342434',0,'2022-03-01','2023-03-01',NULL,NULL,NULL,NULL,NULL),
(3,3,'Product 32','Contrat','<p>description de la relation entre A et le B</p>','2020-05-20 23:39:24','2024-04-06 12:00:55',NULL,18,19,'Signé Validé','REF 3232','Jean','ORDER 43434',1,'0023-01-01','2025-01-01',NULL,NULL,NULL,NULL,NULL),
(4,2,'Outsourcing Service P1','Contrat','<p>Description du service</p>','2020-05-21 02:23:03','2024-04-06 11:59:47',NULL,18,6,'Signé','REF 434343','Paul','ORDER 4343',1,'2024-04-01','2025-04-01',NULL,NULL,NULL,NULL,NULL),
(5,1,'Outsourcing Service P2','Contrat','<p>Description goes here</p>','2020-05-21 02:23:35','2024-04-06 12:01:39',NULL,2,6,'Litige','REF 54454','Marcel','ORDER 423432',1,'2021-01-01','2025-01-01',NULL,NULL,NULL,NULL,NULL),
(6,2,'Software 21','Contrat','<p>Description goes here</p>','2020-05-21 02:24:35','2024-04-06 12:21:09',NULL,7,2,'Validé','REF 543543','Marc','ORDER 4545435',1,'2020-01-01','2099-01-01','<p>No comments</p>',NULL,NULL,NULL,NULL),
(7,2,'Assurance Cyber P3','Assurance','<p>Description here</p>','2020-05-21 02:26:43','2024-05-02 09:25:57',NULL,4,6,'Signé Validé','REF 324242324','Paul, Piere','ORDER 23434',1,'2024-04-01','2099-04-06','<p>Description des conditions du contrat</p><p>Support, garanties, niveau de service.</p>',NULL,NULL,NULL,NULL),
(8,3,'Product A2','Contrat','<p>Decription goes here</p>','2020-05-21 02:32:19','2024-04-06 12:03:17',NULL,1,5,'Signé','REF RE5943545','Henri','ORDER 543FD3',1,'2023-01-01','2024-01-01',NULL,NULL,NULL,NULL,NULL),
(9,2,'System34','Contrat','<p>Description goes here</p>','2020-05-21 02:33:33','2024-04-06 12:22:30',NULL,9,1,'Signé','REF 65665','Paul','ORDER 43434',1,'2022-01-01','2099-02-01',NULL,NULL,NULL,NULL,NULL),
(10,2,'Support APP2','Service','<p>Régelement général APD34</p>','2020-05-22 21:21:02','2024-04-06 12:21:43',NULL,1,8,'Signé','REF YI3434','Henri','ORDER 45543',1,'2023-01-01','2099-01-01',NULL,NULL,NULL,NULL,NULL),
(12,1,'Server43','Contrat','<p>Analyse de risques</p>','2020-08-24 14:23:30','2024-04-06 12:16:57',NULL,2,4,'Signé','REF 53435','Thomas','ORDER 4343',1,'2020-01-01','2099-01-01',NULL,NULL,NULL,NULL,NULL),
(13,1,'Support APP1','Service','<p>Description du service</p>','2020-10-14 17:06:24','2024-04-06 12:18:56',NULL,2,12,'Signé','REF 545435','Jean, Henry, Hen','ORDER 4343',1,'2024-01-01','2099-01-01',NULL,NULL,NULL,NULL,NULL),
(14,2,'Product23','Contrat','<p>Description goes here</p>','2024-04-04 03:03:30','2024-04-06 12:16:19',NULL,2,4,'Signé','REF 54545','Philippe','ORDER 434324',1,'0202-01-01','2099-01-01',NULL,NULL,NULL,NULL,NULL),
(15,2,'Nextor','Service',NULL,'2024-04-06 11:46:32','2024-04-06 11:58:58',NULL,8,2,'Signé',NULL,'Piere',NULL,1,'2020-01-01','2029-01-01',NULL,NULL,NULL,NULL,NULL),
(16,0,'test','Assurance','<p>dsqqsd</p>','2024-04-06 19:18:04','2024-04-06 19:18:15','2024-04-06 19:18:15',2,8,'',NULL,'',NULL,0,NULL,NULL,NULL,NULL,NULL,NULL,NULL);
/*!40000 ALTER TABLE `relations` ENABLE KEYS */;
UNLOCK TABLES;

--
-- Dumping data for table `routers`
--

LOCK TABLES `routers` WRITE;
/*!40000 ALTER TABLE `routers` DISABLE KEYS */;
INSERT INTO `routers` (`id`, `name`, `description`, `rules`, `created_at`, `updated_at`, `deleted_at`, `ip_addresses`, `type`) VALUES (1,'LROUT_00','<p>Description of master router 00</p>','<p>liste des règles dans //serveur/liste.txt</p>','2020-07-13 17:32:25','2024-05-19 03:25:55',NULL,'10.50.1.1, 10.60.1.1, 10.70.1.1','Logcal01'),
(2,'LROUT_01','<p>Description of router 01</p>','<p>list of rules :&nbsp;</p><ul><li>a</li><li>b</li><li>c</li><li>d</li></ul>','2021-09-21 13:47:47','2024-05-18 08:12:55',NULL,'10.10.0.1, 10.20.0.1, 10.30.0.1',NULL),
(3,'LROUT_02','<p>This is the second router</p>',NULL,'2021-09-21 13:52:16','2023-02-01 15:58:09',NULL,'10.30.1.1, 10.40.1.1',NULL),
(4,'LROUT_04','<p>Description of logical router 04</p>',NULL,'2024-03-14 16:02:46','2024-03-14 16:08:11',NULL,'127.0.0.1, 127.0.0.1',NULL),
(5,'LROUT_05','<p>Description of logical router 05</p>',NULL,'2024-03-14 16:05:38','2024-03-14 16:05:38',NULL,'232.123.2.2, 1.1.1.1, 2.2.2.2',NULL),
(6,'Test',NULL,NULL,'2024-05-18 08:11:26','2024-05-18 08:12:25','2024-05-18 08:12:25',NULL,NULL),
(7,'Test2',NULL,NULL,'2024-05-18 08:12:14','2024-05-18 08:12:29','2024-05-18 08:12:29',NULL,NULL);
/*!40000 ALTER TABLE `routers` ENABLE KEYS */;
UNLOCK TABLES;

--
-- Dumping data for table `security_control_m_application`
--

LOCK TABLES `security_control_m_application` WRITE;
/*!40000 ALTER TABLE `security_control_m_application` DISABLE KEYS */;
INSERT INTO `security_control_m_application` (`security_control_id`, `m_application_id`) VALUES (169,2),
(166,2),
(167,2),
(168,2),
(170,2),
(171,2),
(173,2),
(175,2),
(178,2),
(182,2),
(183,2),
(157,3),
(158,3),
(159,3),
(160,3),
(161,3),
(162,3),
(167,3),
(168,3),
(169,3),
(174,3),
(175,3),
(176,3),
(177,3),
(178,3),
(179,3),
(180,3),
(160,18),
(161,18),
(162,18),
(166,18),
(167,18),
(174,18),
(175,18),
(176,18),
(179,18),
(180,18);
/*!40000 ALTER TABLE `security_control_m_application` ENABLE KEYS */;
UNLOCK TABLES;

--
-- Dumping data for table `security_control_process`
--

LOCK TABLES `security_control_process` WRITE;
/*!40000 ALTER TABLE `security_control_process` DISABLE KEYS */;
INSERT INTO `security_control_process` (`security_control_id`, `process_id`) VALUES (193,1),
(191,1),
(194,1),
(192,1),
(193,2),
(191,2),
(194,3),
(192,3),
(191,4),
(194,4);
/*!40000 ALTER TABLE `security_control_process` ENABLE KEYS */;
UNLOCK TABLES;

--
-- Dumping data for table `security_controls`
--

LOCK TABLES `security_controls` WRITE;
/*!40000 ALTER TABLE `security_controls` DISABLE KEYS */;
INSERT INTO `security_controls` (`id`, `name`, `description`, `created_at`, `updated_at`, `deleted_at`) VALUES (98,'5.01  Politiques de sécurité de l\'information','Assurer de manière continue la pertinence, l\'adéquation, l\'efficacité des orientations de la direction et de  son soutien à la sécurité de l\'information selon les exigences métier, légales, statutaires, réglementaires  et contractuelles.',NULL,'2024-04-14 07:05:13','2024-04-14 07:05:13'),
(99,'5.02  Fonctions et responsabilités liées à la sécurité de l\'information','Établir une structure définie, approuvée et comprise pour la mise en œuvre, le fonctionnement et la  gestion de la sécurité de l\'information au sein de l\'organisation.',NULL,'2024-04-14 07:05:13','2024-04-14 07:05:13'),
(100,'5.03  Séparation des tâches','Réduire le risque de fraude, d\'erreur et de contournement des mesures de sécurité de l\'information.',NULL,'2024-04-14 07:05:13','2024-04-14 07:05:13'),
(101,'5.04  Responsabilités de la direction','S’assurer que la direction comprend son rôle en matière de sécurité de l\'information et qu\'elle  entreprend des actions visant à garantir que tout le personnel est conscient de ses responsabilités liées  à la sécurité de l\'information et qu\'il les mène à bien.',NULL,'2024-04-14 07:05:13','2024-04-14 07:05:13'),
(102,'5.05  Relations avec les autorités','Assurer la circulation adéquate de l\'information en matière de sécurité de l’information, entre  l\'organisation et les autorités légales, réglementaires et de surveillance pertinente.',NULL,'2024-04-14 07:05:13','2024-04-14 07:05:13'),
(103,'5.06  Relations avec des groupes de travail spécialisés','Assurer la circulation adéquate de l\'information en matière de sécurité de l’information.',NULL,'2024-04-14 07:05:13','2024-04-14 07:05:13'),
(104,'5.07  Intelligence des menaces','Apporter une connaissance de l\'environnement des menaces de l\'organisation afin que les mesures  d\'atténuation appropriées puissent être prises.',NULL,'2024-04-14 07:05:13','2024-04-14 07:05:13'),
(105,'5.08  Sécurité de l\'information dans la gestion de projet','Assurer que les risques de sécurité de l\'information relatifs aux projets et aux livrables sont traités  efficacement dans la gestion de projet, tout au long du cycle de vie du projet.',NULL,'2024-04-14 07:05:13','2024-04-14 07:05:13'),
(106,'5.09  Inventaire des informations et des autres actifs associés','Identifier les informations et autres actifs associés de l\'organisation afin de préserver leur sécurité et  d\'en attribuer la propriété de manière appropriée.',NULL,'2024-04-14 07:05:13','2024-04-14 07:05:13'),
(107,'5.10  Utilisation correcte de l\'information et des autres actifs associés','Assurer que les informations et autres actifs associés sont protégés, utilisés et traités de manière  appropriée.',NULL,'2024-04-14 07:05:13','2024-04-14 07:05:13'),
(108,'5.11  Restitution des actifs','Protéger les actifs de l\'organisation dans le cadre du processus du changement ou de la fin de leur  emploi, contrat ou accord.',NULL,'2024-04-14 07:05:13','2024-04-14 07:05:13'),
(109,'5.12  Classification de l\'information','Assurer l\'identification et la compréhension des besoins de protection de l\'information en fonction de son importance pour l\'organisation.',NULL,'2024-04-14 07:05:13','2024-04-14 07:05:13'),
(110,'5.13  Marquage des informations','Faciliter la communication de la classification de l\'information et appuyer l\'automatisation de la gestion  et du traitement de l\'information.',NULL,'2024-04-14 07:05:13','2024-04-14 07:05:13'),
(111,'5.14  Transfert de l\'information','Maintenir la sécurité de l\'information transférée au sein de l\'organisation et vers toute partie intéressée  externe',NULL,'2024-04-14 07:05:13','2024-04-14 07:05:13'),
(112,'5.15  Contrôle d\'accès','Assurer l\'accès autorisé et empêcher l\'accès non autorisé aux informations et autres actifs associés.',NULL,'2024-04-14 07:05:13','2024-04-14 07:05:13'),
(113,'5.16  Gestion des identités','Permettre l\'identification unique des personnes et des systèmes qui accèdent aux informations et  autres actifs associés de l\'organisation, et pour permettre l’attribution appropriée des droits d\'accès.',NULL,'2024-04-14 07:05:13','2024-04-14 07:05:13'),
(114,'5.17  Informations d\'authentification','Assurer l\'authentification correcte de l\'entité et éviter les défaillances des processus d\'authentification.',NULL,'2024-04-14 07:05:13','2024-04-14 07:05:13'),
(115,'5.18  Droits d\'accès','Assurer que l\'accès aux informations et aux autres actifs associés est défini et autorisé conformément aux  exigences métier',NULL,'2024-04-14 07:05:13','2024-04-14 07:05:13'),
(116,'5.19  Sécurité de l\'information dans les relations avec les fournisseurs','Maintenir le niveau de sécurité de l\'information convenu dans les relations avec les fournisseurs.',NULL,'2024-04-14 07:05:13','2024-04-14 07:05:13'),
(117,'5.20  Prise en compte de la sécurité de l\'information dans les accords conclus avec les fournisseurs','Maintenir le niveau de sécurité de l\'information convenu dans les relations avec les fournisseurs.',NULL,'2024-04-14 07:05:13','2024-04-14 07:05:13'),
(118,'5.21  Management de la sécurité de l\'information dans la chaîne d\'approvisionnement TIC','Maintenir le niveau de sécurité de l\'information convenu dans les relations avec les fournisseurs.',NULL,'2024-04-14 07:05:13','2024-04-14 07:05:13'),
(119,'5.22  Suivi, revue et gestion des changements des services fournisseurs','Maintenir un niveau convenu de sécurité de l\'information et de prestation de services, conformément  aux accords conclus avec les fournisseurs.',NULL,'2024-04-14 07:05:13','2024-04-14 07:05:13'),
(120,'5.23  Sécurité de l\'information dans l\'utilisation de services en nuage','Spécifier et gérer la sécurité de l\'information lors de l\'utilisation de services en nuage.',NULL,'2024-04-14 07:05:13','2024-04-14 07:05:13'),
(121,'5.24  Planification et préparation de la gestion des incidents liés à la sécurité de l\'information','Assurer une réponse rapide, efficace, cohérente et ordonnée aux incidents de sécurité de l\'information,  notamment la communication sur les événements de sécurité de l\'information.',NULL,'2024-04-14 07:05:13','2024-04-14 07:05:13'),
(122,'5.25  Appréciation des événements liés à la sécurité de l\'information et prise de décision','Assurer une catégorisation et une priorisation efficaces des événements de sécurité de l\'information.',NULL,'2024-04-14 07:05:13','2024-04-14 07:05:13'),
(123,'5.26  Réponse aux incidents liés à la sécurité de l\'information','Assurer une réponse efficace et effective aux incidents de sécurité de l\'information.',NULL,'2024-04-14 07:05:13','2024-04-14 07:05:13'),
(124,'5.27  Tirer des enseignements des incidents liés à la sécurité de l\'information','Réduire la probabilité ou les conséquences des incidents futurs.',NULL,'2024-04-14 07:05:13','2024-04-14 07:05:13'),
(125,'5.28  Recueil de preuves','Assurer une gestion cohérente et efficace des preuves relatives aux incidents de sécurité de l\'information  pour les besoins d\'actions judiciaires ou de disciplinaires.',NULL,'2024-04-14 07:05:13','2024-04-14 07:05:13'),
(126,'5.29  Sécurité de l\'information durant une perturbation','Protéger les informations et autres actifs associés pendant une perturbation.',NULL,'2024-04-14 07:05:13','2024-04-14 07:05:13'),
(127,'5.30  Préparation des TIC pour la continuité d\'activité','Assurer la disponibilité des informations et autres actifs associés de l\'organisation pendant une  perturbation.',NULL,'2024-04-14 07:05:13','2024-04-14 07:05:13'),
(128,'5.31  Identification des exigences légales, statutaires, réglementaires et contractuelles','Assurer la conformité aux exigences légales, statutaires, réglementaires et contractuelles relatives à la  sécurité de l\'information.',NULL,'2024-04-14 07:05:13','2024-04-14 07:05:13'),
(129,'5.32  Droits de propriété intellectuelle','Assurer la conformité aux exigences légales, statutaires, réglementaires et contractuelles relatives aux  droits de propriété intellectuelle et à l\'utilisation de produits propriétaires.',NULL,'2024-04-14 07:05:13','2024-04-14 07:05:13'),
(130,'5.33  Protection des enregistrements','Assurer la conformité aux exigences légales, statutaires, réglementaires et contractuelles, ainsi  qu\'aux attentes de la société ou de la communauté relatives à la protection et à la disponibilité des  enregistrements.',NULL,'2024-04-14 07:05:13','2024-04-14 07:05:13'),
(131,'5.34  Vie privée et protection des DCP','Assurer la conformité aux exigences légales, statutaires, réglementaires et contractuelles relatives aux  aspects de la sécurité de l\'information portant sur la protection des DCP.',NULL,'2024-04-14 07:05:13','2024-04-14 07:05:13'),
(132,'5.35  Revue indépendante de la sécurité de l\'information','S’assurer que l’approche de l’organisation pour gérer la sécurité de l’information est continuellement  adaptée, adéquate et efficace.',NULL,'2024-04-14 07:05:13','2024-04-14 07:05:13'),
(133,'5.36  Conformité aux politiques et normes de sécurité de l\'information','S’assurer que la sécurité de l\'information est mise en œuvre et fonctionne conformément à la politique  de sécurité de l\'information, aux politiques spécifiques à une thématique, aux règles et aux normes de  l\'organisation.',NULL,'2024-04-14 07:05:13','2024-04-14 07:05:13'),
(134,'5.37  Procédures d\'exploitation documentées','S\'assurer du fonctionnement correct et sécurisé des moyens de traitement de l\'information.',NULL,'2024-04-14 07:05:13','2024-04-14 07:05:13'),
(135,'6.01  Présélection','S\'assurer que tous les membres du personnel sont éligibles et adéquats pour remplir les fonctions pour lesquelles ils sont candidats, et qu\'ils le restent tout au long de leur emploi.',NULL,'2024-04-14 07:05:13','2024-04-14 07:05:13'),
(136,'6.02  Conditions générales d\'embauche','S\'assurer que le personnel comprend ses responsabilités en termes de sécurité de l\'information dans le cadre des fonctions que l’organisation envisage de lui confier.',NULL,'2024-04-14 07:05:13','2024-04-14 07:05:13'),
(137,'6.03  Sensibilisation, apprentissage et formation à la sécurité de l\'information','S\'assurer que le personnel et les parties intéressées pertinentes connaissent et remplissent leurs responsabilités en matière de sécurité de l\'information.',NULL,'2024-04-14 07:05:13','2024-04-14 07:05:13'),
(138,'6.04  Processus disciplinaire','S\'assurer que le personnel et d’autres parties intéressées pertinentes comprennent les conséquences  des violations de la politique de sécurité de l\'information, prévenir ces violations, et traiter de manière  appropriée le personnel et d’autres parties intéressées qui ont commis des violations.',NULL,'2024-04-14 07:05:13','2024-04-14 07:05:13'),
(139,'6.05  Responsabilités consécutivement à la fin ou à la modification du contrat de tr','Protéger les intérêts de l\'organisation dans le cadre du processus de changement ou de fin d\'un emploi  ou d’un contrat.',NULL,'2024-04-14 07:05:13','2024-04-14 07:05:13'),
(140,'6.06  Engagements de confidentialité ou de non-divulgation','Assurer la confidentialité des informations accessibles par le personnel ou des parties externes.',NULL,'2024-04-14 07:05:13','2024-04-14 07:05:13'),
(141,'6.07  Travail à distance','Assurer la sécurité des informations lorsque le personnel travaille à distance.',NULL,'2024-04-14 07:05:13','2024-04-14 07:05:13'),
(142,'6.08  Signalement des événements liés à la sécurité de l\'information','Permettre la déclaration des événements de sécurité de l\'information qui peuvent être identifiés par le  personnel, de manière rapide, cohérente et efficace.',NULL,'2024-04-14 07:05:13','2024-04-14 07:05:13'),
(143,'7.01  Périmètre de sécurité physique','Empêcher l’accès physique non autorisé, les dommages ou interférences portant sur les informations et  autres actifs associés de l\'organisation.',NULL,'2024-04-14 07:05:13','2024-04-14 07:05:13'),
(144,'7.02  Contrôles physiques des accès','Assurer que seul l\'accès physique autorisé aux informations et autres actifs associés de l\'organisation  soit possible.',NULL,'2024-04-14 07:05:13','2024-04-14 07:05:13'),
(145,'7.03  Sécurisation des bureaux, des salles et des équipements','Empêcher l’accès physique non autorisé, les dommages et les interférences impactant les informations et autres actifs associés de l\'organisation dans les bureaux, salles et installations.',NULL,'2024-04-14 07:05:13','2024-04-14 07:05:13'),
(146,'7.04  Surveillance de la sécurité physique','Détecter et dissuader l’accès physique non autorisé.',NULL,'2024-04-14 07:05:13','2024-04-14 07:05:13'),
(147,'7.05  Protection contre les menaces physiques et environnementales','Prévenir ou réduire les conséquences des événements issus des menaces physiques ou environnementales.',NULL,'2024-04-14 07:05:13','2024-04-14 07:05:13'),
(148,'7.06  Travail dans les zones sécurisées','Protéger les informations et autres actifs associés dans les zones sécurisées contre tout dommage et  contre toutes interférences non autorisées par le personnel travaillant dans ces zones.',NULL,'2024-04-14 07:05:13','2024-04-14 07:05:13'),
(149,'7.07  Bureau propre et écran vide','Réduire les risques d\'accès non autorisé, de perte et d\'endommagement des informations sur les  bureaux, les écrans et dans d’autres emplacements accessibles pendant et en dehors des heures  normales de travail.',NULL,'2024-04-14 07:05:13','2024-04-14 07:05:13'),
(150,'7.08  Emplacement et protection du matériel','Réduire les risques liés à des menaces physiques et environnementales, et à des accès non autorisés et  à des dommages.',NULL,'2024-04-14 07:05:13','2024-04-14 07:05:13'),
(151,'7.09  Sécurité des actifs hors des locaux','Empêcher la perte, l\'endommagement, le vol ou la compromission des terminaux hors du site et  l\'interruption des activités de l\'organisation.',NULL,'2024-04-14 07:05:13','2024-04-14 07:05:13'),
(152,'7.10  Supports de stockage','Assurer que seuls la divulgation, la modification, le retrait ou la destruction autorisés des informations  de l\'organisation sur des supports de stockage sont effectués.',NULL,'2024-04-14 07:05:13','2024-04-14 07:05:13'),
(153,'7.11  Services généraux','Empêcher la perte, l\'endommagement ou la compromission des informations et autres actifs associés,  ou l\'interruption des activités de l\'organisation, causés par les défaillances et les perturbations des  services supports.',NULL,'2024-04-14 07:05:13','2024-04-14 07:05:13'),
(154,'7.12  Sécurité du câblage','Empêcher la perte, l\'endommagement, le vol ou la compromission des informations et autres actifs  associés et l\'interruption des activités de l\'organisation liés au câblage électrique et de communications.',NULL,'2024-04-14 07:05:13','2024-04-14 07:05:13'),
(155,'7.13  Maintenance du matériel','Empêcher la perte, l\'endommagement, le vol ou la compromission des informations et autres actifs  associés et l\'interruption des activités de l\'organisation causés par un manque de maintenance.',NULL,'2024-04-14 07:05:13','2024-04-14 07:05:13'),
(156,'7.14  Mise au rebut ou recyclage sécurisé(e) du matériel','Éviter la fuite d\'informations à partir de matériel à éliminer ou à réutiliser.',NULL,'2024-04-14 07:05:13','2024-04-14 07:05:13'),
(157,'8.01  Terminaux utilisateurs','Protéger les informations contre les risques liés à l\'utilisation de terminaux finaux des utilisateurs.',NULL,'2024-04-14 07:05:13','2024-04-14 07:05:13'),
(158,'8.02  Privilèges d\'accès','S\'assurer que seuls les utilisateurs, composants logiciels et services autorisés sont dotés de droits d\'accès privilégiés.',NULL,'2024-04-14 07:05:13','2024-04-14 07:05:13'),
(159,'8.03  Restriction d\'accès à l\'information','Assurer les accès autorisés seulement et empêcher les accès non autorisés aux informations et autres actifs associés.',NULL,'2024-04-14 07:05:13','2024-04-14 07:05:13'),
(160,'8.04  Accès au code source','Empêcher l\'introduction d\'une fonctionnalité non autorisée, éviter les modifications non intentionnelles  ou malveillantes et préserver la confidentialité de la propriété intellectuelle importante.',NULL,'2024-04-14 07:05:13','2024-04-14 07:05:13'),
(161,'8.05  Authentification sécurisée','S\'assurer qu\'un utilisateur ou une entité est authentifié de façon sécurisée lorsque l\'accès aux systèmes, applications et services lui est accordé.',NULL,'2024-04-14 07:05:13','2024-04-14 07:05:13'),
(162,'8.06  Dimensionnement','Assurer les besoins en termes de moyens de traitement de l\'information, de ressources humaines, de bureaux et autres installations.',NULL,'2024-04-14 07:05:13','2024-04-14 07:05:13'),
(163,'8.07  Protection contre les programmes malveillants','S’assurer que les informations et autres actifs associés sont protégés contre les programmes malveillants.',NULL,'2024-04-14 07:05:13','2024-04-14 07:05:13'),
(164,'8.08  Gestion des vulnérabilités techniques','Empêcher l’exploitation des vulnérabilités techniques.',NULL,'2024-04-14 07:05:13','2024-04-14 07:05:13'),
(165,'8.09  Gestion de la configuration','S\'assurer que le matériel, les logiciels, les services et les réseaux fonctionnent correctement avec les paramètres de sécurité requis, et que la configuration n’est pas altérée par des changements non autorisés ou incorrects.',NULL,'2024-04-14 07:05:13','2024-04-14 07:05:13'),
(166,'8.10  Suppression d\'information','Empêcher l\'exposition inutile des informations sensibles et se conformer aux exigences légales, statutaires, réglementaires et contractuelles relatives à la suppression d\'informations.',NULL,'2024-04-14 07:05:13','2024-04-14 07:05:13'),
(167,'8.11  Masquage des données','Limiter l\'exposition des données sensibles, y compris les DCP, et se conformer aux exigences légales, statutaires, réglementaires et contractuelles.',NULL,'2024-04-14 07:05:13','2024-04-14 07:05:13'),
(168,'8.12  Prévention de la fuite de données','Détecter et empêcher la divulgation et l\'extraction non autorisées d\'informations par des personnes ou des systèmes.',NULL,'2024-04-14 07:05:13','2024-04-14 07:05:13'),
(169,'8.13  Sauvegarde des informations','Permettre la récupération en cas de perte de données ou de systèmes.',NULL,'2024-04-14 07:05:13','2024-04-14 07:05:13'),
(170,'8.14  Redondance des moyens de traitement de l\'information','S\'assurer du fonctionnement continu des moyens de traitement de l\'information.',NULL,'2024-04-14 07:05:13','2024-04-14 07:05:13'),
(171,'8.15  Journalisation','Enregistrer les événements, générer des preuves, assurer l\'intégrité des informations de journalisation, empêcher les accès non autorisés, identifier les événements de sécurité de l\'information qui peuvent engendrer un incident de sécurité de l\'information et assister les investigations.',NULL,'2024-04-14 07:05:13','2024-04-14 07:05:13'),
(172,'8.16  Activités de surveillance','Détecter les comportements anormaux et les éventuels incidents de sécurité de l\'information.',NULL,'2024-04-14 07:05:13','2024-04-14 07:05:13'),
(173,'8.17  Synchronisation des horloges','Permettre la corrélation et l\'analyse d’événements de sécurité et autres données enregistrées, assister les investigations sur les incidents de sécurité de l\'information.',NULL,'2024-04-14 07:05:13','2024-04-14 07:05:13'),
(174,'8.18  Utilisation de programmes utilitaires à privilèges','S\'assurer que l\'utilisation de programmes utilitaires ne nuise pas aux mesures de sécurité de  l\'information des systèmes et des applications.',NULL,'2024-04-14 07:05:13','2024-04-14 07:05:13'),
(175,'8.19  Installation de logiciels sur des systèmes en exploitation','Assurer l\'intégrité des systèmes opérationnels et empêcher l\'exploitation des vulnérabilités techniques.',NULL,'2024-04-14 07:05:13','2024-04-14 07:05:13'),
(176,'8.20  Mesures liées aux réseaux','Protéger les informations dans les réseaux et les moyens de traitement de l\'information support contre  les compromission via le réseau.',NULL,'2024-04-14 07:05:13','2024-04-14 07:05:13'),
(177,'8.21  Sécurité des services en réseau','Assurer la sécurité lors de l\'utilisation des services réseau.',NULL,'2024-04-14 07:05:13','2024-04-14 07:05:13'),
(178,'8.22  Filtrage Internet','Diviser le réseau en périmètres de sécurité et contrôler le trafic entre eux en fonction des besoins  métier.',NULL,'2024-04-14 07:05:13','2024-04-14 07:05:13'),
(179,'8.23  Cloisonnement des réseaux','Protéger les systèmes contre la compromission des programmes malveillants et empêcher l\'accès aux  ressources web non autorisées.',NULL,'2024-04-14 07:05:13','2024-04-14 07:05:13'),
(180,'8.24  Utilisation de la cryptographie','Assurer l’utilisation correcte et efficace de la cryptographie afin de protéger la confidentialité,  l\'authenticité ou l\'intégrité des informations conformément aux exigences métier et de sécurité de  l\'information, et en tenant compte des exigences légales, statutaires, réglementaires et contractuelles  relatives à la cryptographie.',NULL,'2024-04-14 07:05:13','2024-04-14 07:05:13'),
(181,'8.25  Cycle de vie de développement sécurisé','S\'assurer que la sécurité de l\'information est conçue et mise en œuvre au cours du cycle de vie de  développement sécurisé des logiciels et des systèmes.',NULL,'2024-04-14 07:05:13','2024-04-14 07:05:13'),
(182,'8.26  Exigences de sécurité des applications','S\'assurer que toutes les exigences de sécurité de l\'information sont identifiées et traitées lors du  développement ou de l’acquisition d\'applications.',NULL,'2024-04-14 07:05:13','2024-04-14 07:05:13'),
(183,'8.27  Principes d\'ingénierie et d\'architecture système sécurisée','S\'assurer que les systèmes d\'information sont conçus, mis en œuvre et exploités de manière sécurisée  au cours du cycle de vie de développement.',NULL,'2024-04-14 07:05:13','2024-04-14 07:05:13'),
(184,'8.28  Codage sécurisé','S\'assurer que les logiciels sont développés de manière sécurisée afin de réduire le nombre d’éventuelles  vulnérabilités de sécurité de l\'information dans les logiciels.',NULL,'2024-04-14 07:05:13','2024-04-14 07:05:13'),
(185,'8.29  Tests de sécurité dans le développement et l\'acceptation','Valider le respect des exigences de sécurité de l\'information lorsque des applications ou des codes sont  déployés dans l\'environnement .',NULL,'2024-04-14 07:05:13','2024-04-14 07:05:13'),
(186,'8.30  Développement externalisé','S\'assurer que les mesures de sécurité de l\'information requises par l\'organisation sont mises en œuvre  dans le cadre du développement externalisé des systèmes.',NULL,'2024-04-14 07:05:13','2024-04-14 07:05:13'),
(187,'8.31  Séparation des environnements de développement, de test et de production','Protéger l\'environnement opérationnel et les données correspondantes contre les compromissions qui  pourraient être dues aux activités de développement et de test.',NULL,'2024-04-14 07:05:13','2024-04-14 07:05:13'),
(188,'8.32  Gestion des changements','Préserver la sécurité de l\'information lors de l\'exécution des changements.',NULL,'2024-04-14 07:05:13','2024-04-14 07:05:13'),
(189,'8.33  Informations relatives aux tests','Assurer la pertinence des tests et la protection des informations opérationnelles utilisées pour les tests.',NULL,'2024-04-14 07:05:13','2024-04-14 07:05:13'),
(190,'8.34  Protection des systèmes d\'information en cours d\'audit et de test','Minimiser l\'impact des activités d\'audit et autres activités d\'assurance sur les systèmes opérationnels  et les processus métier.',NULL,'2024-04-14 07:05:13','2024-04-14 07:05:13'),
(191,'Mesures organisationnelles','Mesures de sécurité organisationnelles (27001-2022) : organisation interne, gestion des actifs, classification de l\'information, gestion des accès, relation avec les fournisseurs, gestion de la prestation de service, gestion des événements de sécurité, continuité d\'activité, conformité à la législation, respect de la propriété intellectuelle, protection des enregistrements, protection de la vie privée, revue indépendante, conformité et exploitation documentée.','2024-04-14 07:11:30','2024-04-14 07:18:44',NULL),
(192,'Protections physiques','Mesures de sécurité physiques (27001-2022) : zones de sécurité physiques et protection des matériels.','2024-04-14 07:12:45','2024-04-14 07:15:45',NULL),
(193,'Mesures liées aux personnes','Mesures liées aux personnes (27001-2022) : recrutement, sensibilisation à la sécurité, engagement de conidentialité','2024-04-14 07:13:03','2024-04-14 07:14:51',NULL),
(194,'Mesures technologiques','Mesures de sécurité technologiques (ISO 27001-2022) ; protection des postes de travail, contrôle d\'accès, gestion de la capacité, protection contre les logiciels malveillants, gestion des vulnérabilités techniques, gestion des configurations, sauvegarde, redondance, journalisation, protection des logiciels, gestion de la sécurité réseau, utilisation de la cryptographie, exigence de sécurité, développement, gestion des changements et audit des systèmes d\'information.','2024-04-14 07:13:55','2024-04-14 07:18:24',NULL);
/*!40000 ALTER TABLE `security_controls` ENABLE KEYS */;
UNLOCK TABLES;

--
-- Dumping data for table `security_devices`
--

LOCK TABLES `security_devices` WRITE;
/*!40000 ALTER TABLE `security_devices` DISABLE KEYS */;
INSERT INTO `security_devices` (`id`, `name`, `description`, `vendor`, `product`, `version`, `created_at`, `updated_at`, `deleted_at`) VALUES (1,'FW01','<p>Firewall proncipal</p>',NULL,NULL,NULL,'2020-07-14 17:01:21','2020-07-14 17:01:21',NULL),
(2,'FW02','<p>Backup Fireall</p>',NULL,NULL,NULL,'2020-07-14 17:02:21','2020-07-14 17:02:21',NULL);
/*!40000 ALTER TABLE `security_devices` ENABLE KEYS */;
UNLOCK TABLES;

--
-- Dumping data for table `sites`
--

LOCK TABLES `sites` WRITE;
/*!40000 ALTER TABLE `sites` DISABLE KEYS */;
INSERT INTO `sites` (`id`, `name`, `icon`, `description`, `created_at`, `updated_at`, `deleted_at`) VALUES (1,'Site A',NULL,'<p>Description du site A</p>','2020-06-21 04:36:41','2020-06-21 04:36:41',NULL),
(2,'Site B',NULL,'<p>Description du site B</p>','2020-06-21 04:36:53','2020-06-21 04:36:53',NULL),
(3,'Site C',NULL,'<p>Description du Site C</p>','2020-06-21 04:37:05','2020-06-21 04:37:05',NULL),
(4,'Test1',NULL,'<p>site de test</p>','2020-07-24 19:12:29','2020-07-24 19:12:56','2020-07-24 19:12:56'),
(5,'testsite',NULL,'<p>description here</p>','2021-04-12 15:31:40','2021-04-12 15:32:04','2021-04-12 15:32:04'),
(6,'Site Z',NULL,NULL,'2021-06-18 05:36:03','2021-10-19 16:51:22','2021-10-19 16:51:22'),
(7,'Site 0',NULL,NULL,'2021-06-18 05:36:12','2021-08-17 17:52:52','2021-08-17 17:52:52'),
(8,'Site D',NULL,'<p>Description du site D</p>','2024-05-23 14:54:22','2024-05-23 14:54:22',NULL);
/*!40000 ALTER TABLE `sites` ENABLE KEYS */;
UNLOCK TABLES;

--
-- Dumping data for table `storage_devices`
--

LOCK TABLES `storage_devices` WRITE;
/*!40000 ALTER TABLE `storage_devices` DISABLE KEYS */;
INSERT INTO `storage_devices` (`id`, `name`, `type`, `description`, `vendor`, `product`, `version`, `created_at`, `updated_at`, `deleted_at`, `site_id`, `building_id`, `bay_id`, `address_ip`) VALUES (1,'DiskServer 1','MASS9','<p>Description du serveur d stockage 1</p>',NULL,NULL,NULL,'2020-06-21 15:30:16','2024-08-28 05:49:43',NULL,1,2,4,'10.30.2.32'),
(2,'Oracle Server',NULL,'<p>Main oracle server</p>',NULL,NULL,NULL,'2020-06-21 15:33:51','2020-06-21 15:34:38',NULL,1,2,2,NULL),
(3,'DiskServer 0','MASS8','<p>The ols disk storage</p>',NULL,NULL,NULL,'2024-08-28 05:52:46','2024-08-28 05:52:46',NULL,1,7,1,'10.20.3.53');
/*!40000 ALTER TABLE `storage_devices` ENABLE KEYS */;
UNLOCK TABLES;

--
-- Dumping data for table `subnetworks`
--

LOCK TABLES `subnetworks` WRITE;
/*!40000 ALTER TABLE `subnetworks` DISABLE KEYS */;
INSERT INTO `subnetworks` (`id`, `description`, `address`, `ip_allocation_type`, `responsible_exp`, `dmz`, `wifi`, `name`, `created_at`, `updated_at`, `deleted_at`, `connected_subnets_id`, `gateway_id`, `zone`, `vlan_id`, `network_id`, `default_gateway`) VALUES (1,'<p>Description du sous-réseau 1</p>','10.10.0.0/16','Static','Marc','non','non','Subnet1','2020-06-23 12:35:41','2023-07-13 10:03:37',NULL,NULL,1,'ZONE_ACCUEIL',2,1,'10.10.0.1'),
(2,'<p>Description du subnet 2</p>','10.20.0.0/16','Static','Henri','Oui','Oui','Subnet2','2020-07-04 07:35:10','2022-06-02 18:16:26',NULL,NULL,5,'ZONE_WORK',1,1,'10.20.0.1'),
(3,'<p>Description du quatrième subnet</p>','10.40.0.0/16','Static','Jean','non','non','Subnet4','2020-11-06 12:56:33','2022-06-02 18:16:26',NULL,2,5,'ZONE_WORK',4,1,'10.40.0.1'),
(4,'<p>descrption subnet 3</p>','8.8.8.8 /  255.255.255.0',NULL,NULL,NULL,NULL,'test subnet 3','2021-02-24 11:49:16','2021-02-24 11:49:33','2021-02-24 11:49:33',NULL,NULL,NULL,NULL,NULL,NULL),
(5,'<p>Troisième sous-réseau</p>','10.30.0.0/16','Static','Jean','non','non','Subnet3','2021-05-19 14:48:39','2021-08-20 07:57:01',NULL,NULL,1,'ZONE_WORK',3,1,'10.30.0.1'),
(6,'<p>Description du cinquième réseau</p>','10.50.0.0/16','Fixed','Jean','Oui','non','Subnet5','2021-08-17 11:35:28','2021-08-26 15:27:41',NULL,NULL,1,'ZONE_BACKUP',5,1,'10.50.0.1'),
(7,'<p>Description du sixième sous-réseau</p>','10.60.0.0/16','Fixed','Jean','non','non','Subnet6','2021-08-17 16:32:47','2021-08-26 15:27:57',NULL,2,4,'ZONE_APP',6,2,'10.60.1.1'),
(8,'<p>Test</p>',NULL,NULL,NULL,NULL,NULL,'Subnet7','2021-08-18 16:05:50','2021-08-18 16:10:19','2021-08-18 16:10:19',NULL,NULL,NULL,NULL,NULL,NULL),
(9,'<p>Sous-réseau numéro sept</p>','10.70.0.0/16','Static','Jean','Oui','Oui','Subnet7','2021-08-18 16:11:10','2021-08-26 15:27:30',NULL,NULL,NULL,'ZONE_BACKUP',5,2,'10.70.0.1'),
(10,'<p>Sous réseau démilitarisé</p>','10.70.0.0/16','Fixed','Jean','Oui','non','Subnet8','2021-08-18 16:33:48','2023-07-13 10:03:09',NULL,NULL,1,'ZONE_DMZ',7,1,'10.70.0.1'),
(11,'<p>Description subnet 9</p>','10.90.0.0/16',NULL,'Jean','non','non','Subnet9','2021-09-07 16:41:02','2023-07-13 10:03:20',NULL,NULL,NULL,'ZONE_DATA',8,1,'10.90.1.1'),
(12,NULL,NULL,NULL,'Jean','Oui','Oui','Réseau d\'administration \"toto\"','2022-07-07 14:40:37','2022-07-07 15:01:07','2022-07-07 15:01:07',NULL,5,'ZONE_APP',2,1,NULL);
/*!40000 ALTER TABLE `subnetworks` ENABLE KEYS */;
UNLOCK TABLES;

--
-- Dumping data for table `tasks`
--

LOCK TABLES `tasks` WRITE;
/*!40000 ALTER TABLE `tasks` DISABLE KEYS */;
INSERT INTO `tasks` (`id`, `name`, `description`, `created_at`, `updated_at`, `deleted_at`) VALUES (1,'Tâche 2','Descriptionde la tâche 2','2020-06-13 00:04:07','2020-06-13 00:04:07',NULL),
(2,'Tache 1','<p>Description de la tâche 1</p>','2020-06-13 00:04:21','2024-04-06 14:26:07',NULL),
(3,'Tâche 3','<p>Description de la tâche 3</p>','2020-06-13 00:04:41','2024-04-28 08:18:29',NULL),
(4,'Tâche 4','<p>Description de ta <strong>tâche 4</strong></p>','2024-04-06 14:29:52','2024-04-06 14:31:00',NULL);
/*!40000 ALTER TABLE `tasks` ENABLE KEYS */;
UNLOCK TABLES;

--
-- Dumping data for table `vlans`
--

LOCK TABLES `vlans` WRITE;
/*!40000 ALTER TABLE `vlans` DISABLE KEYS */;
INSERT INTO `vlans` (`id`, `name`, `description`, `created_at`, `updated_at`, `deleted_at`) VALUES (1,'VLAN_2','VLAN Wifi','2020-07-07 14:31:53','2020-07-07 14:39:10',NULL),
(2,'VLAN_1','VLAN publc','2020-07-07 14:34:30','2020-07-07 14:38:53',NULL),
(3,'VLAN_3','VLAN application','2020-07-07 14:38:41','2020-07-08 19:35:53',NULL),
(4,'VLAN_4','Vlan Client','2020-07-08 19:34:11','2020-07-08 19:36:06',NULL),
(5,'VLAN_5','Test Production','2020-07-11 17:12:03','2021-08-18 17:35:54',NULL),
(6,'VLAN_6','VLAN démilitarisé','2020-07-11 17:14:55','2021-08-18 17:36:12',NULL),
(7,'VLAN_7','Description du VLAN 7','2021-09-07 16:35:28','2021-09-07 16:35:28',NULL),
(8,'VLAN_8','Description du VLAN 8','2021-09-07 16:36:20','2021-09-07 16:36:20',NULL);
/*!40000 ALTER TABLE `vlans` ENABLE KEYS */;
UNLOCK TABLES;

--
-- Dumping data for table `wans`
--

LOCK TABLES `wans` WRITE;
/*!40000 ALTER TABLE `wans` DISABLE KEYS */;
INSERT INTO `wans` (`id`, `name`, `created_at`, `updated_at`, `deleted_at`) VALUES (1,'WAN01','2021-05-21 10:58:42','2021-05-21 10:58:42',NULL);
/*!40000 ALTER TABLE `wans` ENABLE KEYS */;
UNLOCK TABLES;

--
-- Dumping data for table `wifi_terminals`
--

LOCK TABLES `wifi_terminals` WRITE;
/*!40000 ALTER TABLE `wifi_terminals` DISABLE KEYS */;
INSERT INTO `wifi_terminals` (`id`, `name`, `description`, `vendor`, `product`, `version`, `type`, `created_at`, `updated_at`, `deleted_at`, `site_id`, `building_id`, `address_ip`) VALUES (1,'WIFI_01','<p>Borne wifi 01</p>',NULL,NULL,NULL,'Alcatel 3500','2020-07-22 14:44:37','2024-08-25 05:35:55',NULL,1,2,'10.20.34.12'),
(2,'WIFI_02','<p>Borne Wifi 2</p>',NULL,NULL,NULL,'ALCALSYS 3001','2021-06-07 14:37:47','2024-08-25 06:30:57',NULL,2,1,'10.30.10.5'),
(3,'WIFI_03','<p>Borne Wifi 3</p>',NULL,NULL,NULL,'SYSTEL 3310','2021-06-07 14:42:29','2024-08-25 06:31:07',NULL,3,4,'10.10.10.5'),
(4,'WIFI_04','<p>Borne wifi 01</p>',NULL,NULL,NULL,'Alcatel 3500','2024-09-15 15:46:48','2024-09-15 15:46:48',NULL,1,2,'10.20.34.12');
/*!40000 ALTER TABLE `wifi_terminals` ENABLE KEYS */;
UNLOCK TABLES;

--
-- Dumping data for table `workstations`
--

LOCK TABLES `workstations` WRITE;
/*!40000 ALTER TABLE `workstations` DISABLE KEYS */;
INSERT INTO `workstations` (`id`, `name`, `icon`, `description`, `vendor`, `product`, `version`, `created_at`, `updated_at`, `deleted_at`, `site_id`, `building_id`, `physical_switch_id`, `type`, `operating_system`, `address_ip`, `cpu`, `memory`, `disk`) VALUES (1,'Workstation compta',NULL,'<p>10 stations de travail de la compta</p><p>Modèle HAL 6740</p>',NULL,NULL,NULL,'2020-06-21 15:09:04','2023-10-26 12:02:00',NULL,1,7,NULL,'ThinThink 460','Windows 11','10.10.43.2','Intel i5','4',120),
(2,'Workstation accueil',NULL,'<p>10 stations de travail de l\'accueil</p><p>Model HAL 2832</p>',NULL,NULL,NULL,'2020-06-21 15:09:54','2023-10-26 12:00:49',NULL,2,3,NULL,'ThinThink 410','Windows 10',NULL,'Intel i5','6',10),
(3,'Workstation back-office',NULL,'<p>12 Stations de travail back-office</p><p>Modèle HAL 8760</p>',NULL,NULL,NULL,'2020-06-21 15:17:57','2023-10-26 12:03:35',NULL,2,4,NULL,'ThinThink 420','Windows 10',NULL,'Intel i5','6',500),
(4,'Workstation RH',NULL,'<p>2 workstations RH</p><p>Modèle HAL 7690</p>',NULL,NULL,NULL,'2022-06-27 08:53:58','2023-10-26 12:04:14',NULL,3,2,NULL,'ThinThink 420','Windows 10','10.10.21.3','Intel i7','4',250),
(5,'Workstations helpdesk',NULL,'<p>3 workstation helpdesk</p><p>Modèle HAL 5850</p>',NULL,NULL,NULL,'2022-06-27 09:36:52','2023-10-26 12:04:49',NULL,1,7,NULL,'ThinThink 420','Windows 10','10.10.43.4','Intel i7','8',250),
(6,'Workstation analyse',NULL,'<p>3 workstations analyse</p><p>Model HAL 4680</p>',NULL,NULL,NULL,'2022-06-27 09:37:54','2023-10-26 12:05:35',NULL,1,2,NULL,'ThinThink 420','Windows 11','10.23.54.3','Intel i7','4',500),
(7,'Workstation IT',NULL,'<p>3 workstations IT</p><p>Model HAL 5730</p>',NULL,NULL,NULL,'2022-12-22 22:05:24','2023-10-26 12:06:12',NULL,1,7,NULL,'ThinThink 410','Windows 10',NULL,'Intel i5','8',500),
(8,'Workstation 8',NULL,NULL,NULL,NULL,NULL,'2022-12-22 22:05:42','2023-01-11 18:41:37',NULL,3,5,NULL,'ThinThink 460',NULL,NULL,NULL,NULL,NULL),
(9,'Workstation Management',NULL,'<p>3 workstation management</p><p>Model HAL 4730</p>',NULL,NULL,NULL,'2022-12-22 22:06:00','2023-10-26 12:06:48',NULL,3,5,NULL,'ThinThink 460',NULL,NULL,'Intel i5','10',120),
(10,'Workstations R&D',NULL,'<p>5 stations de travails&nbsp;</p><p>Recherche et développement</p><p>Modèle HAL 3740</p>',NULL,NULL,NULL,'2022-12-22 22:06:17','2023-10-26 12:05:01',NULL,3,5,NULL,'ThinThink 460','Windows 10',NULL,'Intel i5','8',120),
(11,'Workstation 11',NULL,NULL,NULL,NULL,NULL,'2023-01-12 17:47:14','2024-08-22 06:16:53',NULL,1,1,NULL,'ThinThink 420','Windows 11','10.30.10.1','Intel i7',NULL,NULL),
(12,'Workstation 12',NULL,'<p>Description workstation 12</p>',NULL,NULL,NULL,'2023-01-14 17:57:50','2023-01-14 17:57:50',NULL,3,5,NULL,'ThinThink 420','Windows 11','10.10.12.1','Intel i7',NULL,NULL),
(13,'Workstation 13',NULL,'<p>Description workstation 13</p>',NULL,NULL,NULL,'2023-01-14 17:58:27','2023-01-14 17:58:27',NULL,3,5,NULL,'ThinThink 420','Windows 11',NULL,'Intel i5',NULL,NULL),
(14,'Workstation deleted',NULL,'<p>Teste deleted workstation</p>',NULL,NULL,NULL,'2023-12-02 15:32:05','2023-12-02 15:33:29','2023-12-02 15:33:29',1,2,NULL,'ThinThink 420','Windows 10','10.10.12.3','Intel i5','8',120),
(15,'Workstation 14',NULL,'<p>Description workstation 13</p>',NULL,NULL,NULL,'2024-09-15 13:47:42','2024-09-15 13:47:42',NULL,3,5,NULL,'ThinThink 420','Windows 11',NULL,'Intel i5','8',250),
(16,'Workstation 15',NULL,'<p>Description workstation 15</p>',NULL,NULL,NULL,'2024-09-15 13:47:58','2024-09-15 13:47:58',NULL,3,5,NULL,'ThinThink 420','Windows 11',NULL,'Intel i5','8',250);
/*!40000 ALTER TABLE `workstations` ENABLE KEYS */;
UNLOCK TABLES;

--
-- Dumping data for table `zone_admins`
--

LOCK TABLES `zone_admins` WRITE;
/*!40000 ALTER TABLE `zone_admins` DISABLE KEYS */;
INSERT INTO `zone_admins` (`id`, `name`, `description`, `created_at`, `updated_at`, `deleted_at`) VALUES (1,'Enreprise','<p>Zone d\'administration de l\'entreprise</p>','2020-07-03 07:49:03','2021-05-23 13:07:18',NULL);
/*!40000 ALTER TABLE `zone_admins` ENABLE KEYS */;
UNLOCK TABLES;
/*!40103 SET TIME_ZONE=@OLD_TIME_ZONE */;

/*!40101 SET SQL_MODE=@OLD_SQL_MODE */;
/*!40014 SET FOREIGN_KEY_CHECKS=@OLD_FOREIGN_KEY_CHECKS */;
/*!40101 SET CHARACTER_SET_CLIENT=@OLD_CHARACTER_SET_CLIENT */;
/*!40101 SET CHARACTER_SET_RESULTS=@OLD_CHARACTER_SET_RESULTS */;
/*!40101 SET COLLATION_CONNECTION=@OLD_COLLATION_CONNECTION */;
/*!40111 SET SQL_NOTES=@OLD_SQL_NOTES */;

-- Dump completed on 2024-09-22 17:41:11
